hedef,hedef_id,alias,tur,kaynak
il,3,Afyon,yazim,el
il,3,Afyon Karahisar,yazim,el
il,27,Antep,yazim,el
il,27,G.Antep,yazim,el
il,30,Hakkâri,yazim,el
il,33,İçel,yazim,el
il,46,K.Maraş,yazim,el
il,46,Kahraman Maraş,yazim,el
il,46,Maraş,yazim,el
il,63,Urfa,yazim,el
il,63,Ş.Urfa,yazim,el
ilce,615,Kazan,tarihsel,el
ilce,2502,Ilıca,tarihsel,el
ilce,3419,Eyüp,tarihsel,el
ilce,5501,Ondokuz Mayıs,yazim,el
ilce,5501,Ondokuzmayıs,yazim,el
birim,1010004,Boztahta Köyü,tarihsel,wikidata-6360
birim,1010005,Büyüksofulu Köyü,tarihsel,wikidata-6360
birim,1010006,Ceritler Köyü,tarihsel,wikidata-6360
birim,1010007,Dailer Köyü,tarihsel,wikidata-6360
birim,1010008,Darılık Köyü,tarihsel,wikidata-6360
birim,1010009,Dölekli Köyü,tarihsel,wikidata-6360
birim,1010010,Ebrişim Köyü,tarihsel,wikidata-6360
birim,1010011,Eğner Köyü,tarihsel,wikidata-6360
birim,1010012,Gerdibi Köyü,tarihsel,wikidata-6360
birim,1010013,Gireğiyeniköy Köyü,tarihsel,wikidata-6360
birim,1010014,Gökçeköy Köyü,tarihsel,wikidata-6360
birim,1010015,Kabasakal Köyü,tarihsel,wikidata-6360
birim,1010016,Karahan Köyü,tarihsel,wikidata-6360
birim,1010017,Kıcak Köyü,tarihsel,wikidata-6360
birim,1010018,Kışlak Köyü,tarihsel,wikidata-6360
birim,1010019,Kızıldam Köyü,tarihsel,wikidata-6360
birim,1010020,Kökez Köyü,tarihsel,wikidata-6360
birim,1010021,Köprücük Köyü,tarihsel,wikidata-6360
birim,1010022,Küp Köyü,tarihsel,wikidata-6360
birim,1010023,Madenli Köyü,tarihsel,wikidata-6360
birim,1010025,Mazılık Köyü,tarihsel,wikidata-6360
birim,1010026,Posyağbasan Köyü,tarihsel,wikidata-6360
birim,1010028,Topallı Köyü,tarihsel,wikidata-6360
birim,1010029,Uzunkuyu Köyü,tarihsel,wikidata-6360
birim,1010030,Yetimli Köyü,tarihsel,wikidata-6360
birim,1010031,Yüksekören Köyü,tarihsel,wikidata-6360
birim,1020001,Adapınar Köyü,tarihsel,wikidata-6360
birim,1020003,Ağaçlı Köyü,tarihsel,wikidata-6360
birim,1020004,Ağaçpınar Köyü,tarihsel,wikidata-6360
birim,1020005,Akdam Köyü,tarihsel,wikidata-6360
birim,1020006,Altıgözbekirli Köyü,tarihsel,wikidata-6360
birim,1020007,Altıkara Köyü,tarihsel,wikidata-6360
birim,1020011,Aydınlar Köyü,tarihsel,wikidata-6360
birim,1020012,Azizli Köyü,tarihsel,wikidata-6360
birim,1020013,Başören Köyü,tarihsel,wikidata-6360
birim,1020018,Burhanlı Köyü,tarihsel,wikidata-6360
birim,1020019,Büyükburhaniye Köyü,tarihsel,wikidata-6360
birim,1020022,Çakaldere Köyü,tarihsel,wikidata-6360
birim,1020023,Camuzağılı Köyü,tarihsel,wikidata-6360
birim,1020024,Çataklı Köyü,tarihsel,wikidata-6360
birim,1020025,Çatalhüyük Köyü,tarihsel,wikidata-6360
birim,1020026,Çevretepe Köyü,tarihsel,wikidata-6360
birim,1020027,Ceyhanbekirli Köyü,tarihsel,wikidata-6360
birim,1020028,Çiçekli Köyü,tarihsel,wikidata-6360
birim,1020029,Çiftlikler Köyü,tarihsel,wikidata-6360
birim,1020031,Çokçapınar Köyü,tarihsel,wikidata-6360
birim,1020033,Dağıstan Köyü,tarihsel,wikidata-6360
birim,1020034,Değirmendere Köyü,tarihsel,wikidata-6360
birim,1020035,Değirmenli Köyü,tarihsel,wikidata-6360
birim,1020036,Dikilitaş Köyü,tarihsel,wikidata-6360
birim,1020037,Dokuztekne Köyü,tarihsel,wikidata-6360
birim,1020039,Durhasandede Köyü,tarihsel,wikidata-6360
birim,1020040,Dutlupınar Köyü,tarihsel,wikidata-6360
birim,1020041,Ekinyazı Köyü,tarihsel,wikidata-6360
birim,1020042,Elmagölü Köyü,tarihsel,wikidata-6360
birim,1020044,Erenler Köyü,tarihsel,wikidata-6360
birim,1020048,Gümürdülü Köyü,tarihsel,wikidata-6360
birim,1020049,Gündoğan Köyü,tarihsel,wikidata-6360
birim,1020050,Günlüce Köyü,tarihsel,wikidata-6360
birim,1020052,Hamidiye Köyü,tarihsel,wikidata-6360
birim,1020053,Hamitbey Köyü,tarihsel,wikidata-6360
birim,1020054,Hamitbeybucağı Köyü,tarihsel,wikidata-6360
birim,1020056,İmran Köyü,tarihsel,wikidata-6360
birim,1020057,İnceyer Köyü,tarihsel,wikidata-6360
birim,1020059,Irmaklı Köyü,tarihsel,wikidata-6360
birim,1020060,İsalı Köyü,tarihsel,wikidata-6360
birim,1020061,Isırganlı Köyü,tarihsel,wikidata-6360
birim,1020063,Karakayalı Köyü,tarihsel,wikidata-6360
birim,1020065,Kılıçkaya Köyü,tarihsel,wikidata-6360
birim,1020066,Kıvrıklı Köyü,tarihsel,wikidata-6360
birim,1020067,Kızıldere Köyü,tarihsel,wikidata-6360
birim,1020069,Köprülü Köyü,tarihsel,wikidata-6360
birim,1020070,Körkuyu Köyü,tarihsel,wikidata-6360
birim,1020073,Küçükburhaniye Köyü,tarihsel,wikidata-6360
birim,1020075,Küçükmangıt Köyü,tarihsel,wikidata-6360
birim,1020078,Kuzucak Köyü,tarihsel,wikidata-6360
birim,1020080,Mercin Köyü,tarihsel,wikidata-6360
birim,1020086,Narlık Köyü,tarihsel,wikidata-6360
birim,1020087,Nazımbey Yeniköy Köyü,tarihsel,wikidata-6360
birim,1020088,Sağırlar Köyü,tarihsel,wikidata-6360
birim,1020091,Sarıbahçe Köyü,tarihsel,wikidata-6360
birim,1020096,Selimiye Köyü,tarihsel,wikidata-6360
birim,1020097,Sirkeli Köyü,tarihsel,wikidata-6360
birim,1020098,Soğukpınar Köyü,tarihsel,wikidata-6360
birim,1020100,Tatarlı Köyü,tarihsel,wikidata-6360
birim,1020101,Tatlıkuyu Köyü,tarihsel,wikidata-6360
birim,1020102,Toktamış Köyü,tarihsel,wikidata-6360
birim,1020103,Tumlu Köyü,tarihsel,wikidata-6360
birim,1020104,Üçdutyeşilova Köyü,tarihsel,wikidata-6360
birim,1020106,Veysiye Köyü,tarihsel,wikidata-6360
birim,1020107,Yalak Köyü,tarihsel,wikidata-6360
birim,1020109,Yellibel Köyü,tarihsel,wikidata-6360
birim,1020110,Yeşilbahçe Köyü,tarihsel,wikidata-6360
birim,1020111,Yeşildam Köyü,tarihsel,wikidata-6360
birim,1020112,Yılankale Köyü,tarihsel,wikidata-6360
birim,1030003,Bozcalar Köyü,tarihsel,wikidata-6360
birim,1030004,Dörtler Köyü,tarihsel,wikidata-6360
birim,1030005,Esentepe Köyü,tarihsel,wikidata-6360
birim,1030006,Fadıl Köyü,tarihsel,wikidata-6360
birim,1030007,Gökkuyu Köyü,tarihsel,wikidata-6360
birim,1030010,Kabasakal Köyü,tarihsel,wikidata-6360
birim,1030011,Karahan Köyü,tarihsel,wikidata-6360
birim,1030013,Kaşoba Köyü,tarihsel,wikidata-6360
birim,1030015,Küçükçınar Köyü,tarihsel,wikidata-6360
birim,1030018,Memişli Köyü,tarihsel,wikidata-6360
birim,1030019,Örcün Köyü,tarihsel,wikidata-6360
birim,1030020,Pirili Köyü,tarihsel,wikidata-6360
birim,1030021,Salbaş,semt,ptt-semt
birim,1030022,Şambayadı Köyü,tarihsel,wikidata-6360
birim,1030023,Söğütlü Köyü,tarihsel,wikidata-6360
birim,1030027,Yüzüncüyıl Köyü,tarihsel,wikidata-6360
birim,1040001,Akkaya Köyü,tarihsel,wikidata-6360
birim,1040002,Akoluk Köyü,tarihsel,wikidata-6360
birim,1040003,Bağdatlı Köyü,tarihsel,wikidata-6360
birim,1040004,Bahçecik Köyü,tarihsel,wikidata-6360
birim,1040006,Çandırlar Köyü,tarihsel,wikidata-6360
birim,1040007,Çondu Köyü,tarihsel,wikidata-6360
birim,1040008,Çürükler Köyü,tarihsel,wikidata-6360
birim,1040009,Değirmenciuşağı Köyü,tarihsel,wikidata-6360
birim,1040010,Gaffaruşağı Köyü,tarihsel,wikidata-6360
birim,1040011,Gedikli Köyü,tarihsel,wikidata-6360
birim,1040012,Göbelli Köyü,tarihsel,wikidata-6360
birim,1040014,Gürümze Köyü,tarihsel,wikidata-6360
birim,1040015,Güzpınarı Köyü,tarihsel,wikidata-6360
birim,1040016,Hıdıruşağı Köyü,tarihsel,wikidata-6360
birim,1040017,İncirci Köyü,tarihsel,wikidata-6360
birim,1040019,Kaleyüzü Köyü,tarihsel,wikidata-6360
birim,1040022,Kaşaltı Köyü,tarihsel,wikidata-6360
birim,1040023,Kayadibi Köyü,tarihsel,wikidata-6360
birim,1040026,Kırıkuşağı Köyü,tarihsel,wikidata-6360
birim,1040027,Kısacıklı Köyü,tarihsel,wikidata-6360
birim,1040028,Kızılyer Köyü,tarihsel,wikidata-6360
birim,1040029,Koçyazı Köyü,tarihsel,wikidata-6360
birim,1040030,Konakkuran Köyü,tarihsel,wikidata-6360
birim,1040031,Kovukçınar Köyü,tarihsel,wikidata-6360
birim,1040032,Mansurlu Köyü,tarihsel,wikidata-6360
birim,1040033,Musalar Köyü,tarihsel,wikidata-6360
birim,1040034,Olucak Köyü,tarihsel,wikidata-6360
birim,1040035,Ormancık Köyü,tarihsel,wikidata-6360
birim,1040036,Ortaköy Köyü,tarihsel,wikidata-6360
birim,1040037,Oruçlu Köyü,tarihsel,wikidata-6360
birim,1040038,Paşalı Köyü,tarihsel,wikidata-6360
birim,1040039,Şahmuratlı Köyü,tarihsel,wikidata-6360
birim,1040041,Süphandere Köyü,tarihsel,wikidata-6360
birim,1040042,Tenkerli Köyü,tarihsel,wikidata-6360
birim,1040043,Tokmanaklı Köyü,tarihsel,wikidata-6360
birim,1040044,Tortulu Köyü,tarihsel,wikidata-6360
birim,1040045,Uğurlubağ Köyü,tarihsel,wikidata-6360
birim,1040046,Yaylapınar Köyü,tarihsel,wikidata-6360
birim,1040047,Yerebakan Köyü,tarihsel,wikidata-6360
birim,1050002,Ağzıkaraca Köyü,tarihsel,wikidata-6360
birim,1050003,Alaybeyi Köyü,tarihsel,wikidata-6360
birim,1050004,Aliler Köyü,tarihsel,wikidata-6360
birim,1050005,Ayvalı Köyü,tarihsel,wikidata-6360
birim,1050006,Camili Köyü,tarihsel,wikidata-6360
birim,1050007,Çörten Köyü,tarihsel,wikidata-6360
birim,1050009,Danacılı Köyü,tarihsel,wikidata-6360
birim,1050011,Hacıhasanlı Köyü,tarihsel,wikidata-6360
birim,1050013,Koyunevi Köyü,tarihsel,wikidata-6360
birim,1050014,Malıhıdırlı Köyü,tarihsel,wikidata-6360
birim,1050016,Otluk Köyü,tarihsel,wikidata-6360
birim,1050017,Pekmezci Köyü,tarihsel,wikidata-6360
birim,1050018,Sayca Köyü,tarihsel,wikidata-6360
birim,1050019,Saygeçit Köyü,tarihsel,wikidata-6360
birim,1050020,Sevinçli Köyü,tarihsel,wikidata-6360
birim,1050021,Sokutaş Köyü,tarihsel,wikidata-6360
birim,1050023,Üçtepe Köyü,tarihsel,wikidata-6360
birim,1050024,Ufacıkören Köyü,tarihsel,wikidata-6360
birim,1050025,Uluçınar Köyü,tarihsel,wikidata-6360
birim,1050026,Yazıtepe Köyü,tarihsel,wikidata-6360
birim,1060001,Akçalı Köyü,tarihsel,wikidata-6360
birim,1060002,Aktaş Köyü,tarihsel,wikidata-6360
birim,1060003,Altınova Köyü,tarihsel,wikidata-6360
birim,1060004,Aşağıbelemedik Köyü,tarihsel,wikidata-6360
birim,1060005,Aşağıyörükler Köyü,tarihsel,wikidata-6360
birim,1060006,Ayakkıf Köyü,tarihsel,wikidata-6360
birim,1060007,Barakdağı Köyü,tarihsel,wikidata-6360
birim,1060008,Başkıf Köyü,tarihsel,wikidata-6360
birim,1060009,Bekirli Köyü,tarihsel,wikidata-6360
birim,1060010,Beydemir Köyü,tarihsel,wikidata-6360
birim,1060011,Bolacalı Köyü,tarihsel,wikidata-6360
birim,1060012,Bucak Köyü,tarihsel,wikidata-6360
birim,1060013,Çakallı Köyü,tarihsel,wikidata-6360
birim,1060016,Çevlik Köyü,tarihsel,wikidata-6360
birim,1060017,Çocuklar Köyü,tarihsel,wikidata-6360
birim,1060018,Çorlu Köyü,tarihsel,wikidata-6360
birim,1060019,Çukur Köyü,tarihsel,wikidata-6360
birim,1060020,Demirçit Köyü,tarihsel,wikidata-6360
birim,1060021,Döşekevi Köyü,tarihsel,wikidata-6360
birim,1060022,Durak Köyü,tarihsel,wikidata-6360
birim,1060023,Eğlence Köyü,tarihsel,wikidata-6360
birim,1060024,Emelcik Köyü,tarihsel,wikidata-6360
birim,1060025,Etekli Köyü,tarihsel,wikidata-6360
birim,1060026,Fettahlı Köyü,tarihsel,wikidata-6360
birim,1060028,Gildirli Köyü,tarihsel,wikidata-6360
birim,1060029,Gökhasanlı Köyü,tarihsel,wikidata-6360
birim,1060030,Gülüşlü Köyü,tarihsel,wikidata-6360
birim,1060031,Güvenç Köyü,tarihsel,wikidata-6360
birim,1060032,Hacılı Köyü,tarihsel,wikidata-6360
birim,1060033,Hacımusalı Köyü,tarihsel,wikidata-6360
birim,1060034,Kaledağı Köyü,tarihsel,wikidata-6360
birim,1060035,Kapıkaya Köyü,tarihsel,wikidata-6360
birim,1060036,Karahasanlı Köyü,tarihsel,wikidata-6360
birim,1060037,Karakılıç Köyü,tarihsel,wikidata-6360
birim,1060038,Karakuyu Köyü,tarihsel,wikidata-6360
birim,1060040,Kıralan Köyü,tarihsel,wikidata-6360
birim,1060041,Kırıklı Köyü,tarihsel,wikidata-6360
birim,1060042,Kocaveliler Köyü,tarihsel,wikidata-6360
birim,1060043,Körüklü Köyü,tarihsel,wikidata-6360
birim,1060044,Kuşcusofulu Köyü,tarihsel,wikidata-6360
birim,1060045,Kuyucu Köyü,tarihsel,wikidata-6360
birim,1060046,Kuzgun Köyü,tarihsel,wikidata-6360
birim,1060047,Maraşlı Köyü,tarihsel,wikidata-6360
birim,1060048,Merkezboztahta Köyü,tarihsel,wikidata-6360
birim,1060049,Murtçukuru Köyü,tarihsel,wikidata-6360
birim,1060050,Nergizlik Köyü,tarihsel,wikidata-6360
birim,1060051,Nuhlu Köyü,tarihsel,wikidata-6360
birim,1060052,Ömerli Köyü,tarihsel,wikidata-6360
birim,1060053,Sadıkali Köyü,tarihsel,wikidata-6360
birim,1060057,Tatık Köyü,tarihsel,wikidata-6360
birim,1060058,Topaktaş Köyü,tarihsel,wikidata-6360
birim,1060059,Topkaralı Köyü,tarihsel,wikidata-6360
birim,1060060,Torunsolaklı Köyü,tarihsel,wikidata-6360
birim,1060061,Tümenli Köyü,tarihsel,wikidata-6360
birim,1060062,Yazıbaşı Köyü,tarihsel,wikidata-6360
birim,1070001,Adalı Köyü,tarihsel,wikidata-6360
birim,1070002,Ataköy Köyü,tarihsel,wikidata-6360
birim,1070004,Bebeli Köyü,tarihsel,wikidata-6360
birim,1070005,Çağşırlı Köyü,tarihsel,wikidata-6360
birim,1070006,Çakırören Köyü,tarihsel,wikidata-6360
birim,1070007,Çavuşlu Köyü,tarihsel,wikidata-6360
birim,1070008,Çimeli Köyü,tarihsel,wikidata-6360
birim,1070009,Çukurkamış Köyü,tarihsel,wikidata-6360
birim,1070010,Damlapınar Köyü,tarihsel,wikidata-6360
birim,1070011,Develiören Köyü,tarihsel,wikidata-6360
birim,1070012,Dolaplı Köyü,tarihsel,wikidata-6360
birim,1070013,Gölkaya Köyü,tarihsel,wikidata-6360
birim,1070014,Hacıhasan Köyü,tarihsel,wikidata-6360
birim,1070015,Hasırağacı Köyü,tarihsel,wikidata-6360
birim,1070016,Helvacı Köyü,tarihsel,wikidata-6360
birim,1070017,İnneplihüyüğü Köyü,tarihsel,wikidata-6360
birim,1070018,İsahacılı Köyü,tarihsel,wikidata-6360
birim,1070019,Kapı Köyü,tarihsel,wikidata-6360
birim,1070020,Karagöçer Köyü,tarihsel,wikidata-6360
birim,1070021,Karataş Köyü,tarihsel,wikidata-6360
birim,1070024,Kesik Köyü,tarihsel,wikidata-6360
birim,1070025,Kiremitli Köyü,tarihsel,wikidata-6360
birim,1070026,Kırhasan Köyü,tarihsel,wikidata-6360
birim,1070027,Kızıltahta Köyü,tarihsel,wikidata-6360
birim,1070028,Meletmez Köyü,tarihsel,wikidata-6360
birim,1070030,Oymaklı Köyü,tarihsel,wikidata-6360
birim,1070031,Sarımsak Köyü,tarihsel,wikidata-6360
birim,1070032,Sirkenli Köyü,tarihsel,wikidata-6360
birim,1070033,Tabaklar Köyü,tarihsel,wikidata-6360
birim,1070034,Tabur Köyü,tarihsel,wikidata-6360
birim,1070035,Terliksiz Köyü,tarihsel,wikidata-6360
birim,1070036,Topraklı Köyü,tarihsel,wikidata-6360
birim,1070037,Tuzkuyusu Köyü,tarihsel,wikidata-6360
birim,1070039,Yassıveren Köyü,tarihsel,wikidata-6360
birim,1070040,Yemişli Köyü,tarihsel,wikidata-6360
birim,1070042,Yenimurat Köyü,tarihsel,wikidata-6360
birim,1070043,Yüzbaşı Köyü,tarihsel,wikidata-6360
birim,1080001,Acarmantaş Köyü,tarihsel,wikidata-6360
birim,1080003,Akarca Köyü,tarihsel,wikidata-6360
birim,1080004,Akçalıuşağı Köyü,tarihsel,wikidata-6360
birim,1080005,Akdam Köyü,tarihsel,wikidata-6360
birim,1080006,Akkaya Köyü,tarihsel,wikidata-6360
birim,1080007,Alapınar Köyü,tarihsel,wikidata-6360
birim,1080008,Andıl Köyü,tarihsel,wikidata-6360
birim,1080009,Arslanlı Köyü,tarihsel,wikidata-6360
birim,1080011,Aydın Köyü,tarihsel,wikidata-6360
birim,1080012,Ayşehoca Köyü,tarihsel,wikidata-6360
birim,1080014,Bağözü Köyü,tarihsel,wikidata-6360
birim,1080015,Bağtepe Köyü,tarihsel,wikidata-6360
birim,1080016,Boztahta Köyü,tarihsel,wikidata-6360
birim,1080017,Bucak Köyü,tarihsel,wikidata-6360
birim,1080018,Bulduklu Köyü,tarihsel,wikidata-6360
birim,1080019,Çamdere Köyü,tarihsel,wikidata-6360
birim,1080020,Çamlarca Köyü,tarihsel,wikidata-6360
birim,1080022,Çandık Köyü,tarihsel,wikidata-6360
birim,1080023,Çelenuşağı Köyü,tarihsel,wikidata-6360
birim,1080024,Çobanpınarı Köyü,tarihsel,wikidata-6360
birim,1080025,Çokak Köyü,tarihsel,wikidata-6360
birim,1080026,Çukurören Köyü,tarihsel,wikidata-6360
birim,1080027,Çulluuşağı Köyü,tarihsel,wikidata-6360
birim,1080029,Çürüklü Köyü,tarihsel,wikidata-6360
birim,1080030,Damyeri Köyü,tarihsel,wikidata-6360
birim,1080031,Dikilitaş Köyü,tarihsel,wikidata-6360
birim,1080032,Dilekkaya Köyü,tarihsel,wikidata-6360
birim,1080033,Doğanalanı Köyü,tarihsel,wikidata-6360
birim,1080034,Duraluşağı Köyü,tarihsel,wikidata-6360
birim,1080035,Durmuşlu Köyü,tarihsel,wikidata-6360
birim,1080036,Düzağaç Köyü,tarihsel,wikidata-6360
birim,1080037,Enizçakırı Köyü,tarihsel,wikidata-6360
birim,1080038,Ergenuşağı Köyü,tarihsel,wikidata-6360
birim,1080039,Eskikabasakal Köyü,tarihsel,wikidata-6360
birim,1080040,Eskimantaş Köyü,tarihsel,wikidata-6360
birim,1080041,Faydalı Köyü,tarihsel,wikidata-6360
birim,1080042,Ferhatlı Köyü,tarihsel,wikidata-6360
birim,1080044,Gedikli Köyü,tarihsel,wikidata-6360
birim,1080045,Gökçeyol Köyü,tarihsel,wikidata-6360
birim,1080046,Gökgöz Köyü,tarihsel,wikidata-6360
birim,1080047,Görbeyaz Köyü,tarihsel,wikidata-6360
birim,1080048,Güneri Köyü,tarihsel,wikidata-6360
birim,1080050,Hacımirzalı Köyü,tarihsel,wikidata-6360
birim,1080052,Hamam Köyü,tarihsel,wikidata-6360
birim,1080053,İdemköy Köyü,tarihsel,wikidata-6360
birim,1080054,Ilıca Köyü,tarihsel,wikidata-6360
birim,1080055,Işıkkaya Köyü,tarihsel,wikidata-6360
birim,1080056,Işıklı Köyü,tarihsel,wikidata-6360
birim,1080057,Kabaktepe Köyü,tarihsel,wikidata-6360
birim,1080059,Kalkumaç Köyü,tarihsel,wikidata-6360
birim,1080060,Kapıkaya Köyü,tarihsel,wikidata-6360
birim,1080061,Karabucak Köyü,tarihsel,wikidata-6360
birim,1080063,Karacaören Köyü,tarihsel,wikidata-6360
birim,1080064,Karahamzalı Köyü,tarihsel,wikidata-6360
birim,1080065,Karanebili Köyü,tarihsel,wikidata-6360
birim,1080066,Kemerköy Köyü,tarihsel,wikidata-6360
birim,1080067,Kıbrıslar Köyü,tarihsel,wikidata-6360
birim,1080068,Kızıllar Köyü,tarihsel,wikidata-6360
birim,1080069,Kızlarsekisi Köyü,tarihsel,wikidata-6360
birim,1080070,Köseli Köyü,tarihsel,wikidata-6360
birim,1080071,Kuytucak Köyü,tarihsel,wikidata-6360
birim,1080072,Kuyubeli Köyü,tarihsel,wikidata-6360
birim,1080073,Kuyuluk Köyü,tarihsel,wikidata-6360
birim,1080075,Mahyalar Köyü,tarihsel,wikidata-6360
birim,1080076,Marankeçili Köyü,tarihsel,wikidata-6360
birim,1080077,Minnetli Köyü,tarihsel,wikidata-6360
birim,1080078,Orçan Köyü,tarihsel,wikidata-6360
birim,1080079,Örendere Köyü,tarihsel,wikidata-6360
birim,1080080,Oruçlu Köyü,tarihsel,wikidata-6360
birim,1080081,Özbaşı Köyü,tarihsel,wikidata-6360
birim,1080082,Pekmezci Köyü,tarihsel,wikidata-6360
birim,1080083,Postkabasakal Köyü,tarihsel,wikidata-6360
birim,1080084,Salmanlı Köyü,tarihsel,wikidata-6360
birim,1080085,Şerifli Köyü,tarihsel,wikidata-6360
birim,1080089,Tepecikören Köyü,tarihsel,wikidata-6360
birim,1080090,Tufanlı Köyü,tarihsel,wikidata-6360
birim,1080092,Turgutlu Köyü,tarihsel,wikidata-6360
birim,1080094,Turunçlu Köyü,tarihsel,wikidata-6360
birim,1080096,Velicanlı Köyü,tarihsel,wikidata-6360
birim,1080097,Yanalerik Köyü,tarihsel,wikidata-6360
birim,1080099,Yassıçalı Köyü,tarihsel,wikidata-6360
birim,1080100,Yeniköy Köyü,tarihsel,wikidata-6360
birim,1080101,Yukarıkeçili Köyü,tarihsel,wikidata-6360
birim,1080102,Yüksekören Köyü,tarihsel,wikidata-6360
birim,1080103,Zerdali Köyü,tarihsel,wikidata-6360
birim,1090002,Alpu Köyü,tarihsel,wikidata-6360
birim,1090003,Aşçıbekirli Köyü,tarihsel,wikidata-6360
birim,1090004,Belemedik Köyü,tarihsel,wikidata-6360
birim,1090005,Çamlıbel Köyü,tarihsel,wikidata-6360
birim,1090007,Dağdibi Köyü,tarihsel,wikidata-6360
birim,1090008,Eskikonacık Köyü,tarihsel,wikidata-6360
birim,1090009,Fındıklı Köyü,tarihsel,wikidata-6360
birim,1090010,Gökbez Köyü,tarihsel,wikidata-6360
birim,1090011,Hamidiye Köyü,tarihsel,wikidata-6360
birim,1090013,Kamışlı Köyü,tarihsel,wikidata-6360
birim,1090014,Karakışlakçı Köyü,tarihsel,wikidata-6360
birim,1090016,Ömerli Köyü,tarihsel,wikidata-6360
birim,1090017,Yağlıtaş Köyü,tarihsel,wikidata-6360
birim,1090019,Yenikonacık Köyü,tarihsel,wikidata-6360
birim,1090020,Yukarıbelemedik Köyü,tarihsel,wikidata-6360
birim,1100001,Aksaağaç Köyü,tarihsel,wikidata-6360
birim,1100002,Avcıpınarı Köyü,tarihsel,wikidata-6360
birim,1100003,Ayvacık Köyü,tarihsel,wikidata-6360
birim,1100004,Beypınarı Köyü,tarihsel,wikidata-6360
birim,1100005,Çatak Köyü,tarihsel,wikidata-6360
birim,1100006,Çeralan Köyü,tarihsel,wikidata-6360
birim,1100007,Çorak Köyü,tarihsel,wikidata-6360
birim,1100008,Cumhurlu Köyü,tarihsel,wikidata-6360
birim,1100009,Değirmenciuşağı Köyü,tarihsel,wikidata-6360
birim,1100010,Eyüplü Köyü,tarihsel,wikidata-6360
birim,1100012,Gökmenler Köyü,tarihsel,wikidata-6360
birim,1100013,Gürleşen Köyü,tarihsel,wikidata-6360
birim,1100014,Halilbeyli Köyü,tarihsel,wikidata-6360
birim,1100015,Himmetli Köyü,tarihsel,wikidata-6360
birim,1100017,Kandilli Köyü,tarihsel,wikidata-6360
birim,1100018,Kapaklıkuyu Köyü,tarihsel,wikidata-6360
birim,1100019,Karakuyu Köyü,tarihsel,wikidata-6360
birim,1100020,Kızılağaç Köyü,tarihsel,wikidata-6360
birim,1100021,Mahmutlu Köyü,tarihsel,wikidata-6360
birim,1100022,Naltaş Köyü,tarihsel,wikidata-6360
birim,1100025,Tülü Köyü,tarihsel,wikidata-6360
birim,1100026,Yardibi Köyü,tarihsel,wikidata-6360
birim,1100027,Yeniköy Köyü,tarihsel,wikidata-6360
birim,1110002,Aflak Köyü,tarihsel,wikidata-6360
birim,1110003,Akkuyu Köyü,tarihsel,wikidata-6360
birim,1110009,Beyceli Köyü,tarihsel,wikidata-6360
birim,1110009,Buruk,semt,ptt-semt
birim,1110012,Buruk,semt,ptt-semt
birim,1110015,Çarkıpare Köyü,tarihsel,wikidata-6360
birim,1110018,Çiçekli Köyü,tarihsel,wikidata-6360
birim,1110019,Cihadiye Köyü,tarihsel,wikidata-6360
birim,1110020,Çınarlı Köyü,tarihsel,wikidata-6360
birim,1110027,Gökbuket Köyü,tarihsel,wikidata-6360
birim,1110032,Hocallı Köyü,tarihsel,wikidata-6360
birim,1110033,İncirlik,semt,ptt-semt
birim,1110034,Buruk,semt,ptt-semt
birim,1110035,Karaömerli Köyü,tarihsel,wikidata-6360
birim,1110036,Karayusuflu Köyü,tarihsel,wikidata-6360
birim,1110037,Kargakekeç Köyü,tarihsel,wikidata-6360
birim,1110038,Karlık Köyü,tarihsel,wikidata-6360
birim,1110040,İncirlik,semt,ptt-semt
birim,1110042,Kılbaş Köyü,tarihsel,wikidata-6360
birim,1110045,Kösefakılı Köyü,tarihsel,wikidata-6360
birim,1110057,Buruk,semt,ptt-semt
birim,1110059,Turunçlu Köyü,tarihsel,wikidata-6360
birim,1110064,İncirlik,semt,ptt-semt
birim,1110069,Baklalı,semt,ptt-semt
birim,1120004,Hükümet,semt,ptt-semt
birim,1120008,Saydam,semt,ptt-semt
birim,1120010,Hükümet,semt,ptt-semt
birim,1120011,Saydam,semt,ptt-semt
birim,1120012,Büyükçıldırım Köyü,tarihsel,wikidata-6360
birim,1120013,Büyükdikili Köyü,tarihsel,wikidata-6360
birim,1120014,Camuzcu Köyü,tarihsel,wikidata-6360
birim,1120015,Çaputçu Köyü,tarihsel,wikidata-6360
birim,1120016,Gazipaşa,semt,ptt-semt
birim,1120021,Dervişler Köyü,tarihsel,wikidata-6360
birim,1120022,Dörtağaç Köyü,tarihsel,wikidata-6360
birim,1120026,Mavi Bulvar Yurt,semt,ptt-semt
birim,1120029,Gökçeler Köyü,tarihsel,wikidata-6360
birim,1120030,Gölbaşı Köyü,tarihsel,wikidata-6360
birim,1120034,Hadırlı Köyü,tarihsel,wikidata-6360
birim,1120036,Saydam,semt,ptt-semt
birim,1120038,Saydam,semt,ptt-semt
birim,1120041,Karakuyu Köyü,tarihsel,wikidata-6360
birim,1120042,Yağcami,semt,ptt-semt
birim,1120045,Yağcami,semt,ptt-semt
birim,1120046,Kayışlı Köyü,tarihsel,wikidata-6360
birim,1120048,Köylüoğlu Köyü,tarihsel,wikidata-6360
birim,1120049,Koyuncu Köyü,tarihsel,wikidata-6360
birim,1120051,Küçükçıldırım Köyü,tarihsel,wikidata-6360
birim,1120055,Kuyumcular Köyü,tarihsel,wikidata-6360
birim,1120057,Hükümet,semt,ptt-semt
birim,1120059,Saydam,semt,ptt-semt
birim,1120062,Mürseloğlu Köyü,tarihsel,wikidata-6360
birim,1120065,Şakirpaşa,semt,ptt-semt
birim,1120067,Mavi Bulvar Yurt,semt,ptt-semt
birim,1120068,Gazipaşa,semt,ptt-semt
birim,1120071,Salmanbeyli Köyü,tarihsel,wikidata-6360
birim,1120072,Sarıhamzalı Köyü,tarihsel,wikidata-6360
birim,1120072,Yeşiloba,semt,ptt-semt
birim,1120073,Sarıhuğlar Köyü,tarihsel,wikidata-6360
birim,1120074,Hükümet,semt,ptt-semt
birim,1120075,Hükümet,semt,ptt-semt
birim,1120077,Yeşiloba,semt,ptt-semt
birim,1120078,Saydam,semt,ptt-semt
birim,1120080,Mavi Bulvar Yurt,semt,ptt-semt
birim,1120081,Yağcami,semt,ptt-semt
birim,1120082,Hükümet,semt,ptt-semt
birim,1120084,Yağcami,semt,ptt-semt
birim,1120085,Yalmanlı Köyü,tarihsel,wikidata-6360
birim,1120088,Hükümet,semt,ptt-semt
birim,1120089,Yenidam Köyü,tarihsel,wikidata-6360
birim,1120091,Şakirpaşa,semt,ptt-semt
birim,1120094,Yolgeçen Köyü,tarihsel,wikidata-6360
birim,1120095,Zeytinli Köyü,tarihsel,wikidata-6360
birim,1130001,Akçal Köyü,tarihsel,wikidata-6360
birim,1130002,Akpınar Köyü,tarihsel,wikidata-6360
birim,1130003,Ayvat Köyü,tarihsel,wikidata-6360
birim,1130004,Bolatpınarı Köyü,tarihsel,wikidata-6360
birim,1130006,Çatalçam Köyü,tarihsel,wikidata-6360
birim,1130007,Çukurkışla Köyü,tarihsel,wikidata-6360
birim,1130009,Damlalı Köyü,tarihsel,wikidata-6360
birim,1130010,Demiroluk Köyü,tarihsel,wikidata-6360
birim,1130011,Doğanbeyli Köyü,tarihsel,wikidata-6360
birim,1130012,Doğanlı Köyü,tarihsel,wikidata-6360
birim,1130013,Elemanlı Köyü,tarihsel,wikidata-6360
birim,1130014,Evci Köyü,tarihsel,wikidata-6360
birim,1130015,Fatmakuyu Köyü,tarihsel,wikidata-6360
birim,1130016,Güzelim Köyü,tarihsel,wikidata-6360
birim,1130017,Hanyeri Köyü,tarihsel,wikidata-6360
birim,1130018,İğdebel Köyü,tarihsel,wikidata-6360
birim,1130021,Kayapınar Köyü,tarihsel,wikidata-6360
birim,1130022,Kayarcık Köyü,tarihsel,wikidata-6360
birim,1130023,Kirazlıyurt Köyü,tarihsel,wikidata-6360
birim,1130024,Koccağız Köyü,tarihsel,wikidata-6360
birim,1130025,Ortaköy Köyü,tarihsel,wikidata-6360
birim,1130026,Pekmezli Köyü,tarihsel,wikidata-6360
birim,1130027,Pınarlar Köyü,tarihsel,wikidata-6360
birim,1130028,Şar Köyü,tarihsel,wikidata-6360
birim,1130029,Taşpınar Köyü,tarihsel,wikidata-6360
birim,1130030,Tozlu Köyü,tarihsel,wikidata-6360
birim,1130031,Yamanlı Köyü,tarihsel,wikidata-6360
birim,1130033,Yeşilova Köyü,tarihsel,wikidata-6360
birim,1140003,Asmalı Köyü,tarihsel,wikidata-6360
birim,1140005,Ayvalık Köyü,tarihsel,wikidata-6360
birim,1140006,Demirtaş Köyü,tarihsel,wikidata-6360
birim,1140007,Deveciuşağı Köyü,tarihsel,wikidata-6360
birim,1140009,Gölovası Köyü,tarihsel,wikidata-6360
birim,1140010,Hamzalı Köyü,tarihsel,wikidata-6360
birim,1140011,Haylazlı Köyü,tarihsel,wikidata-6360
birim,1140013,Kalemli Köyü,tarihsel,wikidata-6360
birim,1140015,Kesmeburun Köyü,tarihsel,wikidata-6360
birim,1140016,Kırmızıdam Köyü,tarihsel,wikidata-6360
birim,1140017,Kuzupınarı Köyü,tarihsel,wikidata-6360
birim,1140018,Narlıören Köyü,tarihsel,wikidata-6360
birim,1140020,Sugözü Köyü,tarihsel,wikidata-6360
birim,1140021,Yeniköy Köyü,tarihsel,wikidata-6360
birim,1140023,Yumurtalık Köyü,tarihsel,wikidata-6360
birim,1150003,Ağzıbüyük Köyü,tarihsel,wikidata-6360
birim,1150005,Akdam Köyü,tarihsel,wikidata-6360
birim,1150008,Akpınar Köyü,tarihsel,wikidata-6360
birim,1150009,Alihocalı Köyü,tarihsel,wikidata-6360
birim,1150011,Karacaoğlan,semt,ptt-semt
birim,1150013,Aydıncık Köyü,tarihsel,wikidata-6360
birim,1150016,Belören Köyü,tarihsel,wikidata-6360
birim,1150017,Beyköy Köyü,tarihsel,wikidata-6360
birim,1150018,Büyükkapılı Köyü,tarihsel,wikidata-6360
birim,1150019,Çağırkanlı Köyü,tarihsel,wikidata-6360
birim,1150020,Camili Köyü,tarihsel,wikidata-6360
birim,1150021,Karacaoğlan,semt,ptt-semt
birim,1150022,Çatalpınar Köyü,tarihsel,wikidata-6360
birim,1150024,Cine Köyü,tarihsel,wikidata-6360
birim,1150025,Cırık Köyü,tarihsel,wikidata-6360
birim,1150026,Çotlu Köyü,tarihsel,wikidata-6360
birim,1150027,Karşıyaka,semt,ptt-semt
birim,1150028,Pttevleri,semt,ptt-semt
birim,1150029,Danışment Köyü,tarihsel,wikidata-6360
birim,1150031,Dedepınarı Köyü,tarihsel,wikidata-6360
birim,1150032,Denizkuyusu Köyü,tarihsel,wikidata-6360
birim,1150033,Karacaoğlan,semt,ptt-semt
birim,1150034,Doğankent,semt,ptt-semt
birim,1150035,Doğankent,semt,ptt-semt
birim,1150036,Doğankent,semt,ptt-semt
birim,1150037,Düzce Köyü,tarihsel,wikidata-6360
birim,1150038,Eğriağaç Köyü,tarihsel,wikidata-6360
birim,1150039,Esenler Köyü,tarihsel,wikidata-6360
birim,1150040,Yakapınar,semt,ptt-semt
birim,1150041,Doğankent,semt,ptt-semt
birim,1150043,Gökçeli Köyü,tarihsel,wikidata-6360
birim,1150044,Gümüşyazı Köyü,tarihsel,wikidata-6360
birim,1150045,Karşıyaka,semt,ptt-semt
birim,1150046,Güveloğlu Köyü,tarihsel,wikidata-6360
birim,1150047,İncirlik,semt,ptt-semt
birim,1150049,Hacıali Köyü,tarihsel,wikidata-6360
birim,1150053,Herekli Köyü,tarihsel,wikidata-6360
birim,1150054,Irmakbaşı Köyü,tarihsel,wikidata-6360
birim,1150055,Kadıköy Köyü,tarihsel,wikidata-6360
birim,1150056,Kamışlı Köyü,tarihsel,wikidata-6360
birim,1150057,Karaahmetli Köyü,tarihsel,wikidata-6360
birim,1150058,Pttevleri,semt,ptt-semt
birim,1150059,Kaşlıca Köyü,tarihsel,wikidata-6360
birim,1150060,Kayarlı Köyü,tarihsel,wikidata-6360
birim,1150062,Karacaoğlan,semt,ptt-semt
birim,1150064,Köklüce Köyü,tarihsel,wikidata-6360
birim,1150065,Köprügözü Köyü,tarihsel,wikidata-6360
birim,1150068,Kütüklü Köyü,tarihsel,wikidata-6360
birim,1150070,Karacaoğlan,semt,ptt-semt
birim,1150070,Mutlu Köyü,tarihsel,wikidata-6360
birim,1150073,Pttevleri,semt,ptt-semt
birim,1150074,Paşaköy Köyü,tarihsel,wikidata-6360
birim,1150076,Sağdıçlı Köyü,tarihsel,wikidata-6360
birim,1150077,Şahinağa Köyü,tarihsel,wikidata-6360
birim,1150079,Sarıçam Köyü,tarihsel,wikidata-6360
birim,1150081,Karacaoğlan,semt,ptt-semt
birim,1150082,Pttevleri,semt,ptt-semt
birim,1150083,Pttevleri,semt,ptt-semt
birim,1150085,Şeyhmurat Köyü,tarihsel,wikidata-6360
birim,1150089,Karacaoğlan,semt,ptt-semt
birim,1150091,Karacaoğlan,semt,ptt-semt
birim,1150092,Vayvaylı Köyü,tarihsel,wikidata-6360
birim,1150093,Yahşiler Köyü,tarihsel,wikidata-6360
birim,1150094,Abdioğlu,semt,ptt-semt
birim,1150095,Yalnızca Köyü,tarihsel,wikidata-6360
birim,1150098,Yenice Köyü,tarihsel,wikidata-6360
birim,1150099,Keresteciler,semt,ptt-semt
birim,1150100,Yeniköy Köyü,tarihsel,wikidata-6360
birim,1150101,Yerdelen Köyü,tarihsel,wikidata-6360
birim,1150103,Yukarıçiçekli Köyü,tarihsel,wikidata-6360
birim,1150107,Zağarlı Köyü,tarihsel,wikidata-6360
birim,3140001,Akçin Köyü,tarihsel,wikidata-6360
birim,3140002,Kale,semt,ptt-semt
birim,3140003,Uydukent,semt,ptt-semt
birim,3140008,Adliye,semt,ptt-semt
birim,3140012,Uydukent,semt,ptt-semt
birim,3140013,Bayatcık Köyü,tarihsel,wikidata-6360
birim,3140015,Kale,semt,ptt-semt
birim,3140017,Çarşı,semt,ptt-semt
birim,3140022,Çarşı,semt,ptt-semt
birim,3140023,Demirçevre Köyü,tarihsel,wikidata-6360
birim,3140024,Çarşı,semt,ptt-semt
birim,3140025,Uydukent,semt,ptt-semt
birim,3140026,Çarşı,semt,ptt-semt
birim,3140027,Uydukent,semt,ptt-semt
birim,3140029,Uydukent,semt,ptt-semt
birim,3140030,Adliye,semt,ptt-semt
birim,3140032,Kale,semt,ptt-semt
birim,3140046,Kale,semt,ptt-semt
birim,3140047,Kale,semt,ptt-semt
birim,3140048,Çarşı,semt,ptt-semt
birim,3140055,Adliye,semt,ptt-semt
birim,3140059,Adliye,semt,ptt-semt
birim,3140060,Çarşı,semt,ptt-semt
birim,3140061,Uydukent,semt,ptt-semt
birim,3140062,Çarşı,semt,ptt-semt
birim,3140063,Çarşı,semt,ptt-semt
birim,3140064,Kışlacık Köyü,tarihsel,wikidata-6360
birim,3140071,Adliye,semt,ptt-semt
birim,3140073,Çarşı,semt,ptt-semt
birim,3140074,Çarşı,semt,ptt-semt
birim,3140077,Kale,semt,ptt-semt
birim,3140078,Uydukent,semt,ptt-semt
birim,3140081,Uydukent,semt,ptt-semt
birim,3140083,Sadıkbey Köyü,tarihsel,wikidata-6360
birim,3140088,Uydukent,semt,ptt-semt
birim,3140090,Kale,semt,ptt-semt
birim,3140091,Kale,semt,ptt-semt
birim,3140092,Kale,semt,ptt-semt
birim,3140097,Kale,semt,ptt-semt
birim,3140102,Uydukent,semt,ptt-semt
birim,3140103,Uydukent,semt,ptt-semt
birim,3140104,Kale,semt,ptt-semt
birim,3140107,Adliye,semt,ptt-semt
birim,3140138,Uydukent,semt,ptt-semt
birim,4060031,Sarısu,semt,ptt-semt
birim,4060035,Sarısu,semt,ptt-semt
birim,4060038,Sarısu,semt,ptt-semt
birim,4060045,Sarısu,semt,ptt-semt
birim,4060046,Sarısu,semt,ptt-semt
birim,4060048,Sarısu,semt,ptt-semt
birim,4060051,Sarısu,semt,ptt-semt
birim,4060055,Sarısu,semt,ptt-semt
birim,4060059,Sarısu,semt,ptt-semt
birim,4060061,Sarısu,semt,ptt-semt
birim,4060063,Sarısu,semt,ptt-semt
birim,4060064,Sarısu,semt,ptt-semt
birim,4060066,Sarısu,semt,ptt-semt
birim,4060068,Sarısu,semt,ptt-semt
birim,4060070,Sarısu,semt,ptt-semt
birim,4060077,Sarısu,semt,ptt-semt
birim,4060078,Sarısu,semt,ptt-semt
birim,4060083,Sarısu,semt,ptt-semt
birim,4060084,Sarısu,semt,ptt-semt
birim,4060090,Sarısu,semt,ptt-semt
birim,4060097,Sarısu,semt,ptt-semt
birim,4060101,Sarısu,semt,ptt-semt
birim,4060104,Sarısu,semt,ptt-semt
birim,4060110,Sarısu,semt,ptt-semt
birim,4060117,Sarısu,semt,ptt-semt
birim,4060119,Sarısu,semt,ptt-semt
birim,4060124,Sarısu,semt,ptt-semt
birim,4060125,Sarısu,semt,ptt-semt
birim,4060131,Sarısu,semt,ptt-semt
birim,4060132,Sarısu,semt,ptt-semt
birim,4060134,Sarısu,semt,ptt-semt
birim,4060137,Sarısu,semt,ptt-semt
birim,4060138,Sarısu,semt,ptt-semt
birim,4060147,Sarısu,semt,ptt-semt
birim,4060152,Sarısu,semt,ptt-semt
birim,4060153,Sarısu,semt,ptt-semt
birim,4060159,Sarısu,semt,ptt-semt
birim,4060160,Sarısu,semt,ptt-semt
birim,4060161,Sarısu,semt,ptt-semt
birim,4060162,Sarısu,semt,ptt-semt
birim,4060166,Sarısu,semt,ptt-semt
birim,4060170,Sarısu,semt,ptt-semt
birim,4060171,Sarısu,semt,ptt-semt
birim,4060173,Sarısu,semt,ptt-semt
birim,4060184,Sarısu,semt,ptt-semt
birim,4060187,Sarısu,semt,ptt-semt
birim,4060189,Sarısu,semt,ptt-semt
birim,4060190,Sarısu,semt,ptt-semt
birim,4060196,Sarısu,semt,ptt-semt
birim,5040003,Dereboyu,semt,ptt-semt
birim,5040004,Dereboyu,semt,ptt-semt
birim,5040009,Dereboyu,semt,ptt-semt
birim,5040013,Dereboyu,semt,ptt-semt
birim,5040014,Dereboyu,semt,ptt-semt
birim,5040020,Dereboyu,semt,ptt-semt
birim,5040021,Gen.Hikmetakıncı,semt,ptt-semt
birim,5040022,Dereboyu,semt,ptt-semt
birim,5040025,Dereboyu,semt,ptt-semt
birim,5040026,Dereboyu,semt,ptt-semt
birim,5040028,Dereboyu,semt,ptt-semt
birim,5040029,Dereboyu,semt,ptt-semt
birim,5040031,Dereboyu,semt,ptt-semt
birim,5040034,Dereboyu,semt,ptt-semt
birim,5040036,Dereboyu,semt,ptt-semt
birim,6010001,Ahmetadil Köyü,tarihsel,wikidata-6360
birim,6010003,Balıkhisar Köyü,tarihsel,wikidata-6360
birim,6010005,Büğdüz Köyü,tarihsel,wikidata-6360
birim,6010006,Çam Köyü,tarihsel,wikidata-6360
birim,6010007,Çardakbağı Köyü,tarihsel,wikidata-6360
birim,6010008,Çınar Köyü,tarihsel,wikidata-6360
birim,6010009,Cücük Köyü,tarihsel,wikidata-6360
birim,6010010,Elecik Köyü,tarihsel,wikidata-6360
birim,6010012,Güzelhisar Köyü,tarihsel,wikidata-6360
birim,6010013,Haydar Köyü,tarihsel,wikidata-6360
birim,6010014,Karacakaya Köyü,tarihsel,wikidata-6360
birim,6010015,Karacalar Köyü,tarihsel,wikidata-6360
birim,6010016,Karayatak Köyü,tarihsel,wikidata-6360
birim,6010017,Kızık Köyü,tarihsel,wikidata-6360
birim,6010018,Kozayağı Köyü,tarihsel,wikidata-6360
birim,6010019,Samut Köyü,tarihsel,wikidata-6360
birim,6010020,Saracalar Köyü,tarihsel,wikidata-6360
birim,6010021,Şeyhler Köyü,tarihsel,wikidata-6360
birim,6010022,Teberik Köyü,tarihsel,wikidata-6360
birim,6010024,Uzunlar Köyü,tarihsel,wikidata-6360
birim,6020002,Aydıncık Köyü,tarihsel,wikidata-6360
birim,6020004,Hasköy,semt,ptt-semt
birim,6020008,Hasköy,semt,ptt-semt
birim,6020012,Hasköy,semt,ptt-semt
birim,6020013,Samanpazarı,semt,ptt-semt
birim,6020014,Ulus,semt,ptt-semt
birim,6020015,Samanpazarı,semt,ptt-semt
birim,6020016,Karacaören Köyü,tarihsel,wikidata-6360
birim,6020018,Kavaklı Köyü,tarihsel,wikidata-6360
birim,6020021,Peçenek Köyü,tarihsel,wikidata-6360
birim,6020022,Hasköy,semt,ptt-semt
birim,6020023,Tatlar Köyü,tarihsel,wikidata-6360
birim,6020025,Hasköy,semt,ptt-semt
birim,6020026,İskitler,semt,ptt-semt
birim,6030001,Akkaya Köyü,tarihsel,wikidata-6360
birim,6030002,Başayaş Köyü,tarihsel,wikidata-6360
birim,6030003,Başbereket Köyü,tarihsel,wikidata-6360
birim,6030004,Bayat Köyü,tarihsel,wikidata-6360
birim,6030005,Bayram Köyü,tarihsel,wikidata-6360
birim,6030011,Evci Köyü,tarihsel,wikidata-6360
birim,6030013,Feruz Köyü,tarihsel,wikidata-6360
birim,6030014,Gençali Köyü,tarihsel,wikidata-6360
birim,6030015,Gökçebağ Köyü,tarihsel,wikidata-6360
birim,6030016,Gökler Köyü,tarihsel,wikidata-6360
birim,6030020,İlhanköy Köyü,tarihsel,wikidata-6360
birim,6030021,Ilıca Köyü,tarihsel,wikidata-6360
birim,6030024,Ortabereket Köyü,tarihsel,wikidata-6360
birim,6030025,Pınaryaka Köyü,tarihsel,wikidata-6360
birim,6030031,Uğurçayırı Köyü,tarihsel,wikidata-6360
birim,6030032,Ulupınar Köyü,tarihsel,wikidata-6360
birim,6030033,Yağmurdede Köyü,tarihsel,wikidata-6360
birim,6040001,Abazlı Köyü,tarihsel,wikidata-6360
birim,6040003,Ahmetçayırı Köyü,tarihsel,wikidata-6360
birim,6040004,Akkoyunlu Köyü,tarihsel,wikidata-6360
birim,6040005,Aşağıhacıbekir Köyü,tarihsel,wikidata-6360
birim,6040006,Aşıkoğlu Köyü,tarihsel,wikidata-6360
birim,6040007,Aydoğan Köyü,tarihsel,wikidata-6360
birim,6040008,Bahçekaradalak Köyü,tarihsel,wikidata-6360
birim,6040009,Bektaşlı Köyü,tarihsel,wikidata-6360
birim,6040010,Belçarşak Köyü,tarihsel,wikidata-6360
birim,6040011,Beynam Köyü,tarihsel,wikidata-6360
birim,6040013,Büyükboyalık Köyü,tarihsel,wikidata-6360
birim,6040014,Büyükcamili Köyü,tarihsel,wikidata-6360
birim,6040015,Çatalçeşme Köyü,tarihsel,wikidata-6360
birim,6040016,Çatalören Köyü,tarihsel,wikidata-6360
birim,6040017,Çiğdemli Köyü,tarihsel,wikidata-6360
birim,6040018,Davdanlı Köyü,tarihsel,wikidata-6360
birim,6040019,Derekışla Köyü,tarihsel,wikidata-6360
birim,6040020,Eğribasan Köyü,tarihsel,wikidata-6360
birim,6040021,Ergin Köyü,tarihsel,wikidata-6360
birim,6040023,Gülbağı Köyü,tarihsel,wikidata-6360
birim,6040025,Hanburun Köyü,tarihsel,wikidata-6360
birim,6040027,Karahamzalı Köyü,tarihsel,wikidata-6360
birim,6040029,Kerişli Köyü,tarihsel,wikidata-6360
birim,6040031,Kesikköprü Erdemli Köyü,tarihsel,wikidata-6360
birim,6040033,Koçyayla Köyü,tarihsel,wikidata-6360
birim,6040034,Köseli Köyü,tarihsel,wikidata-6360
birim,6040035,Küçükbayat Köyü,tarihsel,wikidata-6360
birim,6040036,Küçükbıyık Köyü,tarihsel,wikidata-6360
birim,6040037,Küçükboyalık Köyü,tarihsel,wikidata-6360
birim,6040038,Küçükcamili Köyü,tarihsel,wikidata-6360
birim,6040039,Kuyular Köyü,tarihsel,wikidata-6360
birim,6040040,Sarıhüyük Köyü,tarihsel,wikidata-6360
birim,6040041,Şehriban Köyü,tarihsel,wikidata-6360
birim,6040043,Sırapınar Köyü,tarihsel,wikidata-6360
birim,6040044,Sofular Köyü,tarihsel,wikidata-6360
birim,6040045,Suyugüzel Köyü,tarihsel,wikidata-6360
birim,6040046,Tatarhüyük Köyü,tarihsel,wikidata-6360
birim,6040047,Tepeköy Köyü,tarihsel,wikidata-6360
birim,6040048,Tolköy Köyü,tarihsel,wikidata-6360
birim,6040049,Üçem Köyü,tarihsel,wikidata-6360
birim,6040050,Yaylalıözü Köyü,tarihsel,wikidata-6360
birim,6040051,Yeniköy Köyü,tarihsel,wikidata-6360
birim,6040052,Yeniyapançarşak Köyü,tarihsel,wikidata-6360
birim,6040053,Yeniyapanşeyhli Köyü,tarihsel,wikidata-6360
birim,6040054,Yöreli Köyü,tarihsel,wikidata-6360
birim,6040055,Yukarıhacıbekir Köyü,tarihsel,wikidata-6360
birim,6050001,Acısu Köyü,tarihsel,wikidata-6360
birim,6050002,Adaören Köyü,tarihsel,wikidata-6360
birim,6050003,Akçakavak Köyü,tarihsel,wikidata-6360
birim,6050004,Akçalı Köyü,tarihsel,wikidata-6360
birim,6050005,Aşağıgüney Köyü,tarihsel,wikidata-6360
birim,6050007,Bağözü Köyü,tarihsel,wikidata-6360
birim,6050009,Başören Köyü,tarihsel,wikidata-6360
birim,6050010,Batça Köyü,tarihsel,wikidata-6360
birim,6050012,Boyalı Köyü,tarihsel,wikidata-6360
birim,6050016,Dağşeyhler Köyü,tarihsel,wikidata-6360
birim,6050017,Dereli Köyü,tarihsel,wikidata-6360
birim,6050018,Dibecik Köyü,tarihsel,wikidata-6360
birim,6050019,Dibekören Köyü,tarihsel,wikidata-6360
birim,6050020,Dikmen Köyü,tarihsel,wikidata-6360
birim,6050021,Doğançalı Köyü,tarihsel,wikidata-6360
birim,6050022,Doğanyurt Köyü,tarihsel,wikidata-6360
birim,6050023,Dudaş Köyü,tarihsel,wikidata-6360
birim,6050024,Fasıl Köyü,tarihsel,wikidata-6360
birim,6050026,Geyikpınarı Köyü,tarihsel,wikidata-6360
birim,6050027,Gürsöğüt Köyü,tarihsel,wikidata-6360
birim,6050029,Harmancık Köyü,tarihsel,wikidata-6360
birim,6050030,Haydarlar Köyü,tarihsel,wikidata-6360
birim,6050031,Hırkatepe Köyü,tarihsel,wikidata-6360
birim,6050034,Kabaca Köyü,tarihsel,wikidata-6360
birim,6050035,Kabalar Köyü,tarihsel,wikidata-6360
birim,6050036,Kaplan Köyü,tarihsel,wikidata-6360
birim,6050037,Kapullu Köyü,tarihsel,wikidata-6360
birim,6050038,Karacaören Köyü,tarihsel,wikidata-6360
birim,6050039,Karaören Köyü,tarihsel,wikidata-6360
birim,6050041,Kargı Köyü,tarihsel,wikidata-6360
birim,6050042,Kayabükü Köyü,tarihsel,wikidata-6360
birim,6050043,Kerbanlar Köyü,tarihsel,wikidata-6360
birim,6050045,Kırşeyhler Köyü,tarihsel,wikidata-6360
birim,6050046,Kızılcasöğüt Köyü,tarihsel,wikidata-6360
birim,6050047,Köseler Köyü,tarihsel,wikidata-6360
birim,6050048,Köst Köyü,tarihsel,wikidata-6360
birim,6050049,Kozağaç Köyü,tarihsel,wikidata-6360
birim,6050050,Kozalan Köyü,tarihsel,wikidata-6360
birim,6050051,Kurtkovan Köyü,tarihsel,wikidata-6360
birim,6050053,Kuyucak Köyü,tarihsel,wikidata-6360
birim,6050054,Kuyumcutekke Köyü,tarihsel,wikidata-6360
birim,6050055,Macun Köyü,tarihsel,wikidata-6360
birim,6050056,Mahmutlar Köyü,tarihsel,wikidata-6360
birim,6050057,Mençeler Köyü,tarihsel,wikidata-6360
birim,6050058,Mikail Köyü,tarihsel,wikidata-6360
birim,6050059,Nuhhoca Köyü,tarihsel,wikidata-6360
birim,6050060,Oymaağaç Köyü,tarihsel,wikidata-6360
birim,6050062,Saray Köyü,tarihsel,wikidata-6360
birim,6050063,Sarıağıl Köyü,tarihsel,wikidata-6360
birim,6050064,Sekli Köyü,tarihsel,wikidata-6360
birim,6050065,Sopçaalan Köyü,tarihsel,wikidata-6360
birim,6050066,Tacettin Köyü,tarihsel,wikidata-6360
birim,6050067,Tahir Köyü,tarihsel,wikidata-6360
birim,6050068,Üreğil Köyü,tarihsel,wikidata-6360
birim,6050070,Uşakgöl Köyü,tarihsel,wikidata-6360
birim,6050071,Yalnızçam Köyü,tarihsel,wikidata-6360
birim,6050073,Yiğerler Köyü,tarihsel,wikidata-6360
birim,6050075,Yoğunpelit Köyü,tarihsel,wikidata-6360
birim,6060001,Ahatlar Köyü,tarihsel,wikidata-6360
birim,6060002,Akkaya Köyü,tarihsel,wikidata-6360
birim,6060003,Alakoç Köyü,tarihsel,wikidata-6360
birim,6060004,Atça Köyü,tarihsel,wikidata-6360
birim,6060005,Avdan Köyü,tarihsel,wikidata-6360
birim,6060006,Avşarlar Köyü,tarihsel,wikidata-6360
birim,6060007,Bardakçılar Köyü,tarihsel,wikidata-6360
birim,6060008,Bayındır Köyü,tarihsel,wikidata-6360
birim,6060009,Beşbeyler Köyü,tarihsel,wikidata-6360
birim,6060012,Buğralar Köyü,tarihsel,wikidata-6360
birim,6060013,Çamköy Köyü,tarihsel,wikidata-6360
birim,6060014,Çukurören Köyü,tarihsel,wikidata-6360
birim,6060015,Dağkuzören Köyü,tarihsel,wikidata-6360
birim,6060016,Doğancı Köyü,tarihsel,wikidata-6360
birim,6060017,Doğanlar Köyü,tarihsel,wikidata-6360
birim,6060018,Dörtkonak Köyü,tarihsel,wikidata-6360
birim,6060019,Doymuş Köyü,tarihsel,wikidata-6360
birim,6060020,Eldelek Köyü,tarihsel,wikidata-6360
birim,6060021,Elmalı Köyü,tarihsel,wikidata-6360
birim,6060022,Elören Köyü,tarihsel,wikidata-6360
birim,6060023,Elvanlar Köyü,tarihsel,wikidata-6360
birim,6060024,Gümele Köyü,tarihsel,wikidata-6360
birim,6060025,Güney Köyü,tarihsel,wikidata-6360
birim,6060026,İnceöz Köyü,tarihsel,wikidata-6360
birim,6060029,Kuşçular Köyü,tarihsel,wikidata-6360
birim,6060030,Kuyubaşı Köyü,tarihsel,wikidata-6360
birim,6060031,Meşeler Köyü,tarihsel,wikidata-6360
birim,6060032,Müsellim Köyü,tarihsel,wikidata-6360
birim,6060033,Muzrupağacın Köyü,tarihsel,wikidata-6360
birim,6060035,Örenköy Köyü,tarihsel,wikidata-6360
birim,6060037,Osmansin Köyü,tarihsel,wikidata-6360
birim,6060038,Özmüş Köyü,tarihsel,wikidata-6360
birim,6060039,Peçenek Köyü,tarihsel,wikidata-6360
birim,6060040,Pelitçik Köyü,tarihsel,wikidata-6360
birim,6060041,Sarıkavak Köyü,tarihsel,wikidata-6360
birim,6060042,Tatlak Köyü,tarihsel,wikidata-6360
birim,6060043,Yahşihan Köyü,tarihsel,wikidata-6360
birim,6060046,Yediören Köyü,tarihsel,wikidata-6360
birim,6060047,Yılanlı Köyü,tarihsel,wikidata-6360
birim,6060048,Yoncatepe Köyü,tarihsel,wikidata-6360
birim,6070004,Akarlar Köyü,tarihsel,wikidata-6360
birim,6070005,Dikmen,semt,ptt-semt
birim,6070006,Alacaatlı Köyü,tarihsel,wikidata-6360
birim,6070022,Beytepe Köyü,tarihsel,wikidata-6360
birim,6070022,Bilkent,semt,ptt-semt
birim,6070028,Çavuşlu Köyü,tarihsel,wikidata-6360
birim,6070029,Çayyolu Köyü,tarihsel,wikidata-6360
birim,6070032,100. Yıl,semt,ptt-semt
birim,6070033,100. Yıl,semt,ptt-semt
birim,6070034,Yenişehir,semt,ptt-semt
birim,6070035,Yenişehir,semt,ptt-semt
birim,6070037,Dodurga Köyü,tarihsel,wikidata-6360
birim,6070038,Esat,semt,ptt-semt
birim,6070039,Yıldız,semt,ptt-semt
birim,6070044,Esat,semt,ptt-semt
birim,6070046,Evciler Köyü,tarihsel,wikidata-6360
birim,6070048,Yenişehir,semt,ptt-semt
birim,6070050,Dikmen,semt,ptt-semt
birim,6070055,Yıldız,semt,ptt-semt
birim,6070058,Dikmen,semt,ptt-semt
birim,6070059,Yıldız,semt,ptt-semt
birim,6070060,Dikmen,semt,ptt-semt
birim,6070062,100. Yıl,semt,ptt-semt
birim,6070063,Karahasanlı Köyü,tarihsel,wikidata-6360
birim,6070064,Dikmen,semt,ptt-semt
birim,6070065,Karataş Köyü,tarihsel,wikidata-6360
birim,6070068,Dikmen,semt,ptt-semt
birim,6070070,Yenişehir,semt,ptt-semt
birim,6070071,100. Yıl,semt,ptt-semt
birim,6070072,Yenişehir,semt,ptt-semt
birim,6070073,Kömürcü Köyü,tarihsel,wikidata-6360
birim,6070075,Yenişehir,semt,ptt-semt
birim,6070077,Esat,semt,ptt-semt
birim,6070078,Yenişehir,semt,ptt-semt
birim,6070079,Dikmen,semt,ptt-semt
birim,6070082,Yenişehir,semt,ptt-semt
birim,6070083,Dikmen,semt,ptt-semt
birim,6070086,Esat,semt,ptt-semt
birim,6070088,Dikmen,semt,ptt-semt
birim,6070089,100. Yıl,semt,ptt-semt
birim,6070090,Bilkent,semt,ptt-semt
birim,6070091,Dikmen,semt,ptt-semt
birim,6070092,Yenişehir,semt,ptt-semt
birim,6070096,Yıldız,semt,ptt-semt
birim,6070098,Dikmen,semt,ptt-semt
birim,6070102,Yenişehir,semt,ptt-semt
birim,6070103,Yıldız,semt,ptt-semt
birim,6070106,Esat,semt,ptt-semt
birim,6070107,100. Yıl,semt,ptt-semt
birim,6070109,Esat,semt,ptt-semt
birim,6070110,Tohumlar Köyü,tarihsel,wikidata-6360
birim,6070114,Bilkent,semt,ptt-semt
birim,6070115,Yakupabdal Köyü,tarihsel,wikidata-6360
birim,6070119,Yıldız,semt,ptt-semt
birim,6070122,Yıldız,semt,ptt-semt
birim,6080002,Akbayır Köyü,tarihsel,wikidata-6360
birim,6080003,Akkuzulu Köyü,tarihsel,wikidata-6360
birim,6080004,Aşağıçavundur Köyü,tarihsel,wikidata-6360
birim,6080005,Aşağıemirler Köyü,tarihsel,wikidata-6360
birim,6080006,Aşağıobruk Köyü,tarihsel,wikidata-6360
birim,6080008,Avcıova Köyü,tarihsel,wikidata-6360
birim,6080010,Camili Köyü,tarihsel,wikidata-6360
birim,6080011,Çatokcular Köyü,tarihsel,wikidata-6360
birim,6080012,Çitköy Köyü,tarihsel,wikidata-6360
birim,6080014,Dağkalafat Köyü,tarihsel,wikidata-6360
birim,6080015,Dalyasan Köyü,tarihsel,wikidata-6360
birim,6080016,Dedeler Köyü,tarihsel,wikidata-6360
birim,6080017,Demirci Köyü,tarihsel,wikidata-6360
birim,6080018,Dumlupınar Köyü,tarihsel,wikidata-6360
birim,6080019,Durhasan Köyü,tarihsel,wikidata-6360
birim,6080020,Eğriekin Köyü,tarihsel,wikidata-6360
birim,6080022,Eskiçöte Köyü,tarihsel,wikidata-6360
birim,6080024,Gökçedere Köyü,tarihsel,wikidata-6360
birim,6080025,Güldarpı Köyü,tarihsel,wikidata-6360
birim,6080026,Gümüşyayla Köyü,tarihsel,wikidata-6360
birim,6080027,Hacılar Köyü,tarihsel,wikidata-6360
birim,6080028,İkipınar Köyü,tarihsel,wikidata-6360
birim,6080029,İmamhüseyin Köyü,tarihsel,wikidata-6360
birim,6080030,Kapaklı Köyü,tarihsel,wikidata-6360
birim,6080031,Karaağaç Köyü,tarihsel,wikidata-6360
birim,6080032,Karaçam Köyü,tarihsel,wikidata-6360
birim,6080033,Karadana Köyü,tarihsel,wikidata-6360
birim,6080034,Karaman Köyü,tarihsel,wikidata-6360
birim,6080035,Karataş Köyü,tarihsel,wikidata-6360
birim,6080036,Kargın Köyü,tarihsel,wikidata-6360
birim,6080037,Kavaklı Köyü,tarihsel,wikidata-6360
birim,6080038,Kışlacık Köyü,tarihsel,wikidata-6360
birim,6080039,Kızılca Köyü,tarihsel,wikidata-6360
birim,6080040,Kızılören Köyü,tarihsel,wikidata-6360
birim,6080041,Kızılöz Köyü,tarihsel,wikidata-6360
birim,6080042,Kösrelik Köyü,tarihsel,wikidata-6360
birim,6080043,Küçükali Köyü,tarihsel,wikidata-6360
birim,6080044,Kuruçay Köyü,tarihsel,wikidata-6360
birim,6080045,Kutuören Köyü,tarihsel,wikidata-6360
birim,6080046,Kuyumcu Köyü,tarihsel,wikidata-6360
birim,6080047,Mahmutoğlan Köyü,tarihsel,wikidata-6360
birim,6080048,Melikşah Köyü,tarihsel,wikidata-6360
birim,6080049,Meşeli Köyü,tarihsel,wikidata-6360
birim,6080051,Mutlu Köyü,tarihsel,wikidata-6360
birim,6080052,Nusratlar Köyü,tarihsel,wikidata-6360
birim,6080053,Okçular Köyü,tarihsel,wikidata-6360
birim,6080054,Ömercik Köyü,tarihsel,wikidata-6360
birim,6080055,Ovacık Köyü,tarihsel,wikidata-6360
birim,6080056,Oyumiğde Köyü,tarihsel,wikidata-6360
birim,6080057,Özlüce Köyü,tarihsel,wikidata-6360
birim,6080058,Saraycık Köyü,tarihsel,wikidata-6360
birim,6080059,Sarıkoz Köyü,tarihsel,wikidata-6360
birim,6080060,Sarısu Köyü,tarihsel,wikidata-6360
birim,6080061,Sele Köyü,tarihsel,wikidata-6360
birim,6080062,Sığırlıhacı Köyü,tarihsel,wikidata-6360
birim,6080063,Sünlü Köyü,tarihsel,wikidata-6360
birim,6080064,Susuz Köyü,tarihsel,wikidata-6360
birim,6080065,Tahtayazı Köyü,tarihsel,wikidata-6360
birim,6080066,Taşpınar Köyü,tarihsel,wikidata-6360
birim,6080067,Tuğla Köyü,tarihsel,wikidata-6360
birim,6080068,Uluağaç Köyü,tarihsel,wikidata-6360
birim,6080069,Yakuphasan Köyü,tarihsel,wikidata-6360
birim,6080071,Yaylak Köyü,tarihsel,wikidata-6360
birim,6080072,Yazır Köyü,tarihsel,wikidata-6360
birim,6080073,Yazlıca Köyü,tarihsel,wikidata-6360
birim,6080074,Yenice Köyü,tarihsel,wikidata-6360
birim,6080075,Yeşilkent Köyü,tarihsel,wikidata-6360
birim,6080076,Yiğitli Köyü,tarihsel,wikidata-6360
birim,6080078,Yıldırımaydoğan Köyü,tarihsel,wikidata-6360
birim,6080079,Yıldırımelören Köyü,tarihsel,wikidata-6360
birim,6080080,Yıldırımevci Köyü,tarihsel,wikidata-6360
birim,6080081,Yılmazköy Köyü,tarihsel,wikidata-6360
birim,6080083,Yukarıemirler Köyü,tarihsel,wikidata-6360
birim,6080084,Yukarıobruk Köyü,tarihsel,wikidata-6360
birim,6090001,Akçaali Köyü,tarihsel,wikidata-6360
birim,6090002,Aşağıkamışlı Köyü,tarihsel,wikidata-6360
birim,6090003,Deliler Köyü,tarihsel,wikidata-6360
birim,6090004,Ediğe Köyü,tarihsel,wikidata-6360
birim,6090006,Hasanoğlan,semt,ptt-semt
birim,6090007,Hasanoğlan,semt,ptt-semt
birim,6090008,Hasanoğlan,semt,ptt-semt
birim,6090010,Hasanoğlan,semt,ptt-semt
birim,6090011,Karacahasan Köyü,tarihsel,wikidata-6360
birim,6090012,Kayadibi Köyü,tarihsel,wikidata-6360
birim,6090015,Kuşçuali Köyü,tarihsel,wikidata-6360
birim,6090017,Hasanoğlan,semt,ptt-semt
birim,6090018,Hasanoğlan,semt,ptt-semt
birim,6090020,Süleymanlı Köyü,tarihsel,wikidata-6360
birim,6090021,Taburlar Köyü,tarihsel,wikidata-6360
birim,6090023,Tekke Köyü,tarihsel,wikidata-6360
birim,6090030,Yukarıkamışlı Köyü,tarihsel,wikidata-6360
birim,6100005,Aşağıyurtçu Köyü,tarihsel,wikidata-6360
birim,6100005,Yurtçu,semt,ptt-semt
birim,6100006,Elvankent,semt,ptt-semt
birim,6100007,Yurtçu,semt,ptt-semt
birim,6100008,Elvankent,semt,ptt-semt
birim,6100009,Bağlıca Köyü,tarihsel,wikidata-6360
birim,6100011,Balıkuyumcu Köyü,tarihsel,wikidata-6360
birim,6100011,Yurtçu,semt,ptt-semt
birim,6100012,Eryamanevleri,semt,ptt-semt
birim,6100015,Eryamanevleri,semt,ptt-semt
birim,6100016,Elvankent,semt,ptt-semt
birim,6100018,Fevziye Köyü,tarihsel,wikidata-6360
birim,6100018,Yurtçu,semt,ptt-semt
birim,6100023,Elvankent,semt,ptt-semt
birim,6100024,Yurtçu,semt,ptt-semt
birim,6100027,Yurtçu,semt,ptt-semt
birim,6100027,Şehitali Köyü,tarihsel,wikidata-6360
birim,6100029,Eryamanevleri,semt,ptt-semt
birim,6100031,Elvankent,semt,ptt-semt
birim,6100032,Eryamanevleri,semt,ptt-semt
birim,6100033,Yurtçu,semt,ptt-semt
birim,6100034,Yapracık Köyü,tarihsel,wikidata-6360
birim,6100037,Elvankent,semt,ptt-semt
birim,6100038,Yukarıyurtçu Köyü,tarihsel,wikidata-6360
birim,6100038,Yurtçu,semt,ptt-semt
birim,6110001,Altınbaşak Köyü,tarihsel,wikidata-6360
birim,6110002,Çatalpınar Köyü,tarihsel,wikidata-6360
birim,6110003,Cebirli Köyü,tarihsel,wikidata-6360
birim,6110004,Demirayak Köyü,tarihsel,wikidata-6360
birim,6110007,İbrahimbeyli Köyü,tarihsel,wikidata-6360
birim,6110008,İnebeyli Köyü,tarihsel,wikidata-6360
birim,6110011,Solakuşağı Köyü,tarihsel,wikidata-6360
birim,6110013,Yusufuşağı Köyü,tarihsel,wikidata-6360
birim,6120001,Ahiboz Köyü,tarihsel,wikidata-6360
birim,6120004,Bağiçi Köyü,tarihsel,wikidata-6360
birim,6120009,Çayırlı Köyü,tarihsel,wikidata-6360
birim,6120011,Çimşit Köyü,tarihsel,wikidata-6360
birim,6120013,Emirler Köyü,tarihsel,wikidata-6360
birim,6120016,Gökçehüyük Köyü,tarihsel,wikidata-6360
birim,6120017,Gölbek Köyü,tarihsel,wikidata-6360
birim,6120018,Günalan Köyü,tarihsel,wikidata-6360
birim,6120019,Hacıhasan Köyü,tarihsel,wikidata-6360
birim,6120020,Hacılar Köyü,tarihsel,wikidata-6360
birim,6120021,Hacımuratlı Köyü,tarihsel,wikidata-6360
birim,6120022,Halaçlı Köyü,tarihsel,wikidata-6360
birim,6120024,İncek Köyü,tarihsel,wikidata-6360
birim,6120030,Karaoğlan Köyü,tarihsel,wikidata-6360
birim,6120032,Kırıklı Köyü,tarihsel,wikidata-6360
birim,6120033,Kızılcaşar Köyü,tarihsel,wikidata-6360
birim,6120034,Koparan Köyü,tarihsel,wikidata-6360
birim,6120035,Mahmatlı Köyü,tarihsel,wikidata-6360
birim,6120036,Mahmatlıbahçe Köyü,tarihsel,wikidata-6360
birim,6120037,Oğulbey Köyü,tarihsel,wikidata-6360
birim,6120038,Örencik Köyü,tarihsel,wikidata-6360
birim,6120044,Soğulcak Köyü,tarihsel,wikidata-6360
birim,6120045,Subaşı Köyü,tarihsel,wikidata-6360
birim,6120047,Tepeyurt Köyü,tarihsel,wikidata-6360
birim,6120048,Topaklı Köyü,tarihsel,wikidata-6360
birim,6120049,Tulumtaş Köyü,tarihsel,wikidata-6360
birim,6120050,Velihimmetli Köyü,tarihsel,wikidata-6360
birim,6120051,Yağlıpınar Köyü,tarihsel,wikidata-6360
birim,6120052,Yavrucuk Köyü,tarihsel,wikidata-6360
birim,6120053,Yaylabağ Köyü,tarihsel,wikidata-6360
birim,6120054,Yurtbeyi Köyü,tarihsel,wikidata-6360
birim,6140001,Ahırlıkuyu Köyü,tarihsel,wikidata-6360
birim,6140002,Alaçık Köyü,tarihsel,wikidata-6360
birim,6140003,Alahacılı Köyü,tarihsel,wikidata-6360
birim,6140004,Altıpınar Köyü,tarihsel,wikidata-6360
birim,6140005,Ataköy Köyü,tarihsel,wikidata-6360
birim,6140006,Bahçecik Köyü,tarihsel,wikidata-6360
birim,6140008,Baltalin Köyü,tarihsel,wikidata-6360
birim,6140009,Boğazkaya Köyü,tarihsel,wikidata-6360
birim,6140010,Bostanhüyük Köyü,tarihsel,wikidata-6360
birim,6140012,Büyükkonak Köyü,tarihsel,wikidata-6360
birim,6140013,Büyükyağcı Köyü,tarihsel,wikidata-6360
birim,6140016,Çatak Köyü,tarihsel,wikidata-6360
birim,6140017,Çayraz Köyü,tarihsel,wikidata-6360
birim,6140018,Çeltikli Köyü,tarihsel,wikidata-6360
birim,6140019,Cihanşah Köyü,tarihsel,wikidata-6360
birim,6140020,Cingirli Köyü,tarihsel,wikidata-6360
birim,6140021,Culuk Köyü,tarihsel,wikidata-6360
birim,6140022,Demirözü Köyü,tarihsel,wikidata-6360
birim,6140023,Dereköy Köyü,tarihsel,wikidata-6360
birim,6140024,Deveci Köyü,tarihsel,wikidata-6360
birim,6140025,Devecipınarı Köyü,tarihsel,wikidata-6360
birim,6140026,Durupınar Köyü,tarihsel,wikidata-6360
birim,6140027,Durutlar Köyü,tarihsel,wikidata-6360
birim,6140028,Emirler Köyü,tarihsel,wikidata-6360
birim,6140029,Esen Köyü,tarihsel,wikidata-6360
birim,6140030,Eskikışla Köyü,tarihsel,wikidata-6360
birim,6140031,Evci Köyü,tarihsel,wikidata-6360
birim,6140032,Evliyafakı Köyü,tarihsel,wikidata-6360
birim,6140033,Gedik Köyü,tarihsel,wikidata-6360
birim,6140034,Gültepe Köyü,tarihsel,wikidata-6360
birim,6140035,Güzelcekale Köyü,tarihsel,wikidata-6360
birim,6140036,İncirli Köyü,tarihsel,wikidata-6360
birim,6140037,Kadıköy Köyü,tarihsel,wikidata-6360
birim,6140038,Karahoca Köyü,tarihsel,wikidata-6360
birim,6140039,Karapınar Köyü,tarihsel,wikidata-6360
birim,6140040,Karasüleymanlı Köyü,tarihsel,wikidata-6360
birim,6140041,Katrancı Köyü,tarihsel,wikidata-6360
birim,6140042,Kavak Köyü,tarihsel,wikidata-6360
birim,6140044,Kerpiç Köyü,tarihsel,wikidata-6360
birim,6140045,Kesikkavak Köyü,tarihsel,wikidata-6360
birim,6140046,Kirazoğlu Köyü,tarihsel,wikidata-6360
birim,6140047,Kızılkoyunlu Köyü,tarihsel,wikidata-6360
birim,6140048,Küçükkonak Köyü,tarihsel,wikidata-6360
birim,6140049,Küçükyağcı Köyü,tarihsel,wikidata-6360
birim,6140050,Kutluhan Köyü,tarihsel,wikidata-6360
birim,6140051,Mandıra Köyü,tarihsel,wikidata-6360
birim,6140053,Saatli Köyü,tarihsel,wikidata-6360
birim,6140054,Sarıdeğirmen Köyü,tarihsel,wikidata-6360
birim,6140055,Sarıgöl Köyü,tarihsel,wikidata-6360
birim,6140056,Sazağası Köyü,tarihsel,wikidata-6360
birim,6140057,Şerefligökgöz Köyü,tarihsel,wikidata-6360
birim,6140058,Serinyayla Köyü,tarihsel,wikidata-6360
birim,6140060,Sinanlı Köyü,tarihsel,wikidata-6360
birim,6140062,Sırçasaray Köyü,tarihsel,wikidata-6360
birim,6140063,Soğulca Köyü,tarihsel,wikidata-6360
birim,6140064,Söğüttepe Köyü,tarihsel,wikidata-6360
birim,6140065,Tabaklı Köyü,tarihsel,wikidata-6360
birim,6140066,Tepeköy Köyü,tarihsel,wikidata-6360
birim,6140067,Toyçayırı Köyü,tarihsel,wikidata-6360
birim,6140068,Türkhüyük Köyü,tarihsel,wikidata-6360
birim,6140069,Türkşerefli Köyü,tarihsel,wikidata-6360
birim,6140070,Yamak Köyü,tarihsel,wikidata-6360
birim,6140071,Yaprakbayırı Köyü,tarihsel,wikidata-6360
birim,6140072,Yaylabeyi Köyü,tarihsel,wikidata-6360
birim,6140074,Yeniköy Köyü,tarihsel,wikidata-6360
birim,6140075,Yergömü Köyü,tarihsel,wikidata-6360
birim,6140076,Yeşilköy Köyü,tarihsel,wikidata-6360
birim,6140077,Yukarısebil Köyü,tarihsel,wikidata-6360
birim,6150001,Ahi Köyü,tarihsel,wikidata-6360
birim,6150001,Kazan,semt,ptt-semt
birim,6150002,Akçaören Köyü,tarihsel,wikidata-6360
birim,6150002,Kazan,semt,ptt-semt
birim,6150003,Kazan,semt,ptt-semt
birim,6150004,Alpagut Köyü,tarihsel,wikidata-6360
birim,6150004,Kazan,semt,ptt-semt
birim,6150005,Aşağıkaraören Köyü,tarihsel,wikidata-6360
birim,6150005,Kazan,semt,ptt-semt
birim,6150006,Kazan,semt,ptt-semt
birim,6150007,Aydın Köyü,tarihsel,wikidata-6360
birim,6150007,Kazan,semt,ptt-semt
birim,6150008,Bitik Köyü,tarihsel,wikidata-6360
birim,6150008,Kazan,semt,ptt-semt
birim,6150009,Kazan,semt,ptt-semt
birim,6150009,Çalta Köyü,tarihsel,wikidata-6360
birim,6150010,Ciğir Köyü,tarihsel,wikidata-6360
birim,6150010,Kazan,semt,ptt-semt
birim,6150011,Kazan,semt,ptt-semt
birim,6150011,Çimşit Köyü,tarihsel,wikidata-6360
birim,6150012,Dağyaka Köyü,tarihsel,wikidata-6360
birim,6150012,Kazan,semt,ptt-semt
birim,6150013,Dutözü Köyü,tarihsel,wikidata-6360
birim,6150013,Kazan,semt,ptt-semt
birim,6150014,Emirgazi Köyü,tarihsel,wikidata-6360
birim,6150014,Kazan,semt,ptt-semt
birim,6150015,Kazan,semt,ptt-semt
birim,6150016,Fethiye Köyü,tarihsel,wikidata-6360
birim,6150016,Kazan,semt,ptt-semt
birim,6150017,Günbaşı Köyü,tarihsel,wikidata-6360
birim,6150017,Kazan,semt,ptt-semt
birim,6150018,Güvenç Köyü,tarihsel,wikidata-6360
birim,6150018,Kazan,semt,ptt-semt
birim,6150019,Kazan,semt,ptt-semt
birim,6150019,İçören Köyü,tarihsel,wikidata-6360
birim,6150020,Kazan,semt,ptt-semt
birim,6150020,İmrendi Köyü,tarihsel,wikidata-6360
birim,6150021,Kazan,semt,ptt-semt
birim,6150021,İnceğiz Köyü,tarihsel,wikidata-6360
birim,6150022,Kazan,semt,ptt-semt
birim,6150022,İne Köyü,tarihsel,wikidata-6360
birim,6150023,Kazan,semt,ptt-semt
birim,6150023,İymir Köyü,tarihsel,wikidata-6360
birim,6150024,Kazan,semt,ptt-semt
birim,6150025,Karalar Köyü,tarihsel,wikidata-6360
birim,6150025,Kazan,semt,ptt-semt
birim,6150026,Kazan,semt,ptt-semt
birim,6150027,Kazan,semt,ptt-semt
birim,6150027,Kılıçlar Köyü,tarihsel,wikidata-6360
birim,6150028,Kazan,semt,ptt-semt
birim,6150028,Kınık Köyü,tarihsel,wikidata-6360
birim,6150029,Kazan,semt,ptt-semt
birim,6150029,Kışla Köyü,tarihsel,wikidata-6360
birim,6150030,Kazan,semt,ptt-semt
birim,6150030,Kumpınar Köyü,tarihsel,wikidata-6360
birim,6150031,Kazan,semt,ptt-semt
birim,6150031,Örencik Köyü,tarihsel,wikidata-6360
birim,6150032,Kazan,semt,ptt-semt
birim,6150032,Orhaniye Köyü,tarihsel,wikidata-6360
birim,6150033,Kazan,semt,ptt-semt
birim,6150033,Peçenek Köyü,tarihsel,wikidata-6360
birim,6150034,Kazan,semt,ptt-semt
birim,6150034,Sancar Köyü,tarihsel,wikidata-6360
birim,6150035,Kazan,semt,ptt-semt
birim,6150036,Kazan,semt,ptt-semt
birim,6150036,Saray Köyü,tarihsel,wikidata-6360
birim,6150037,Kazan,semt,ptt-semt
birim,6150037,Sarıayak Köyü,tarihsel,wikidata-6360
birim,6150038,Kazan,semt,ptt-semt
birim,6150038,Sarılar Köyü,tarihsel,wikidata-6360
birim,6150039,Kazan,semt,ptt-semt
birim,6150040,Kazan,semt,ptt-semt
birim,6150040,Soğucak Köyü,tarihsel,wikidata-6360
birim,6150041,Kazan,semt,ptt-semt
birim,6150041,Tekke Köyü,tarihsel,wikidata-6360
birim,6150042,Kazan,semt,ptt-semt
birim,6150042,Uçarı Köyü,tarihsel,wikidata-6360
birim,6150043,Kazan,semt,ptt-semt
birim,6150043,Yakupderviş Köyü,tarihsel,wikidata-6360
birim,6150044,Kazan,semt,ptt-semt
birim,6150044,Yassıören Köyü,tarihsel,wikidata-6360
birim,6150045,Kazan,semt,ptt-semt
birim,6150046,Kazan,semt,ptt-semt
birim,6150046,Yayalar Köyü,tarihsel,wikidata-6360
birim,6150047,Kazan,semt,ptt-semt
birim,6150047,Yazıbeyli Köyü,tarihsel,wikidata-6360
birim,6150048,Kazan,semt,ptt-semt
birim,6150049,Kazan,semt,ptt-semt
birim,6160001,Afşar Köyü,tarihsel,wikidata-6360
birim,6160004,Akcataş Köyü,tarihsel,wikidata-6360
birim,6160005,Akkaynak Köyü,tarihsel,wikidata-6360
birim,6160006,Akkuzulu Köyü,tarihsel,wikidata-6360
birim,6160007,Aktepe Köyü,tarihsel,wikidata-6360
birim,6160008,Alibeyli Köyü,tarihsel,wikidata-6360
birim,6160009,Altıntaş Köyü,tarihsel,wikidata-6360
birim,6160010,Arkbürk Köyü,tarihsel,wikidata-6360
birim,6160011,Beykavağı Köyü,tarihsel,wikidata-6360
birim,6160012,Buğra Köyü,tarihsel,wikidata-6360
birim,6160013,Çandır Köyü,tarihsel,wikidata-6360
birim,6160015,Çaykaya Köyü,tarihsel,wikidata-6360
birim,6160016,Çiftlikköy Köyü,tarihsel,wikidata-6360
birim,6160018,Dağdemir Köyü,tarihsel,wikidata-6360
birim,6160019,Değirmenkaya Köyü,tarihsel,wikidata-6360
birim,6160020,Demirtaş Köyü,tarihsel,wikidata-6360
birim,6160021,Elmapınar Köyü,tarihsel,wikidata-6360
birim,6160022,Eskiköy Köyü,tarihsel,wikidata-6360
birim,6160023,Eşmedere Köyü,tarihsel,wikidata-6360
birim,6160024,Gökçeören Köyü,tarihsel,wikidata-6360
birim,6160025,Gökdere Köyü,tarihsel,wikidata-6360
birim,6160026,Gölköy Köyü,tarihsel,wikidata-6360
birim,6160027,Gümüşpınar Köyü,tarihsel,wikidata-6360
birim,6160028,Hacıköy Köyü,tarihsel,wikidata-6360
birim,6160031,Hançılı Köyü,tarihsel,wikidata-6360
birim,6160032,Hasayaz Köyü,tarihsel,wikidata-6360
birim,6160033,Karahöyük Köyü,tarihsel,wikidata-6360
birim,6160034,Karalar Köyü,tarihsel,wikidata-6360
birim,6160035,Karatepe Köyü,tarihsel,wikidata-6360
birim,6160036,Karkın Köyü,tarihsel,wikidata-6360
birim,6160037,Keklicek Köyü,tarihsel,wikidata-6360
birim,6160038,Kılçak Köyü,tarihsel,wikidata-6360
birim,6160039,Kınık Köyü,tarihsel,wikidata-6360
birim,6160040,Kızılkaya Köyü,tarihsel,wikidata-6360
birim,6160041,Koyunbaba Köyü,tarihsel,wikidata-6360
birim,6160042,Kuyucak Köyü,tarihsel,wikidata-6360
birim,6160043,Mahmutlar Köyü,tarihsel,wikidata-6360
birim,6160044,Samanlık Köyü,tarihsel,wikidata-6360
birim,6160045,Satılar Köyü,tarihsel,wikidata-6360
birim,6160046,Şemsettin Köyü,tarihsel,wikidata-6360
birim,6160047,Şeyhmahmut Köyü,tarihsel,wikidata-6360
birim,6160048,Tavşancık Köyü,tarihsel,wikidata-6360
birim,6160049,Tilki Köyü,tarihsel,wikidata-6360
birim,6160050,Uyurca Köyü,tarihsel,wikidata-6360
birim,6160051,Yalımköy Köyü,tarihsel,wikidata-6360
birim,6160052,Yeniçöte Köyü,tarihsel,wikidata-6360
birim,6160054,Yeşilöz Köyü,tarihsel,wikidata-6360
birim,6160055,Yılanlı Köyü,tarihsel,wikidata-6360
birim,6160056,Yurtyenice Köyü,tarihsel,wikidata-6360
birim,6160057,Yüzbey Köyü,tarihsel,wikidata-6360
birim,6170001,Sanatoryum,semt,ptt-semt
birim,6170010,Bağlum,semt,ptt-semt
birim,6170013,Bağlum,semt,ptt-semt
birim,6170013,Çalseki Köyü,tarihsel,wikidata-6360
birim,6170014,Sanatoryum,semt,ptt-semt
birim,6170019,Hasköy S.Evleri,semt,ptt-semt
birim,6170021,Hasköy S.Evleri,semt,ptt-semt
birim,6170022,Bağlum,semt,ptt-semt
birim,6170024,Bağlum,semt,ptt-semt
birim,6170028,Bağlum,semt,ptt-semt
birim,6170030,Bağlum,semt,ptt-semt
birim,6170031,Hasköy S.Evleri,semt,ptt-semt
birim,6170033,Bağlum,semt,ptt-semt
birim,6170033,Kösrelik Köyü,tarihsel,wikidata-6360
birim,6170034,Sanatoryum,semt,ptt-semt
birim,6170039,Bağlum,semt,ptt-semt
birim,6170039,Sarıbeyler Köyü,tarihsel,wikidata-6360
birim,6170044,Sanatoryum,semt,ptt-semt
birim,6180001,Akçakese Köyü,tarihsel,wikidata-6360
birim,6180003,Akdoğan Köyü,tarihsel,wikidata-6360
birim,6180004,Aksak Köyü,tarihsel,wikidata-6360
birim,6180005,Alibey Köyü,tarihsel,wikidata-6360
birim,6180006,Alpagut Köyü,tarihsel,wikidata-6360
birim,6180007,Aşağıada Köyü,tarihsel,wikidata-6360
birim,6180008,Aşağıçanlı Köyü,tarihsel,wikidata-6360
birim,6180009,Aşağıhüyük Köyü,tarihsel,wikidata-6360
birim,6180010,Ayvacık Köyü,tarihsel,wikidata-6360
birim,6180011,Bademli Köyü,tarihsel,wikidata-6360
birim,6180012,Bağlıca Köyü,tarihsel,wikidata-6360
birim,6180013,Bağören Köyü,tarihsel,wikidata-6360
birim,6180014,Balcılar Köyü,tarihsel,wikidata-6360
birim,6180015,Başağaç Köyü,tarihsel,wikidata-6360
birim,6180016,Bayır Köyü,tarihsel,wikidata-6360
birim,6180017,Belpınar Köyü,tarihsel,wikidata-6360
birim,6180018,Berçinçatak Köyü,tarihsel,wikidata-6360
birim,6180019,Berçinyayalar Köyü,tarihsel,wikidata-6360
birim,6180020,Beşkonak Köyü,tarihsel,wikidata-6360
birim,6180021,Bezcikuzören Köyü,tarihsel,wikidata-6360
birim,6180022,Binkoz Köyü,tarihsel,wikidata-6360
birim,6180023,Bulak Köyü,tarihsel,wikidata-6360
birim,6180024,Çavuşlar Köyü,tarihsel,wikidata-6360
birim,6180026,Çeltikçi Akçaören Köyü,tarihsel,wikidata-6360
birim,6180027,Çeltikçi Başören Köyü,tarihsel,wikidata-6360
birim,6180028,Çeltikçi Kınık Köyü,tarihsel,wikidata-6360
birim,6180029,Çeştepe Köyü,tarihsel,wikidata-6360
birim,6180030,Ciğirler Köyü,tarihsel,wikidata-6360
birim,6180031,Çırpan Köyü,tarihsel,wikidata-6360
birim,6180032,Çukurca Köyü,tarihsel,wikidata-6360
birim,6180033,Çukurören Köyü,tarihsel,wikidata-6360
birim,6180034,Değirmenönü Köyü,tarihsel,wikidata-6360
birim,6180035,Demirciören Köyü,tarihsel,wikidata-6360
birim,6180036,Dereneci Köyü,tarihsel,wikidata-6360
birim,6180037,Doğanözü Köyü,tarihsel,wikidata-6360
birim,6180038,Doymuşören Köyü,tarihsel,wikidata-6360
birim,6180039,Eğerlialören Köyü,tarihsel,wikidata-6360
birim,6180040,Eğerlibaşköy Köyü,tarihsel,wikidata-6360
birim,6180042,Eğerlikozören Köyü,tarihsel,wikidata-6360
birim,6180043,Esenler Köyü,tarihsel,wikidata-6360
birim,6180045,Gebeler Köyü,tarihsel,wikidata-6360
birim,6180046,Gökbel Köyü,tarihsel,wikidata-6360
birim,6180047,Göl Köyü,tarihsel,wikidata-6360
birim,6180048,Gümele Köyü,tarihsel,wikidata-6360
birim,6180049,Güneysaray Köyü,tarihsel,wikidata-6360
birim,6180050,Güvem Köyü,tarihsel,wikidata-6360
birim,6180051,Hıdırlar Köyü,tarihsel,wikidata-6360
birim,6180052,İğdir Köyü,tarihsel,wikidata-6360
birim,6180053,İğmir Köyü,tarihsel,wikidata-6360
birim,6180054,İnceğez Köyü,tarihsel,wikidata-6360
birim,6180056,İyceler Köyü,tarihsel,wikidata-6360
birim,6180057,Kalemler Köyü,tarihsel,wikidata-6360
birim,6180058,Karaağaç Köyü,tarihsel,wikidata-6360
birim,6180059,Karacaören Köyü,tarihsel,wikidata-6360
birim,6180061,Kasımlar Köyü,tarihsel,wikidata-6360
birim,6180062,Kavaközü Köyü,tarihsel,wikidata-6360
birim,6180063,Kırkırca Köyü,tarihsel,wikidata-6360
birim,6180064,Kırköy Köyü,tarihsel,wikidata-6360
birim,6180065,Kışlak Köyü,tarihsel,wikidata-6360
birim,6180066,Kızık Köyü,tarihsel,wikidata-6360
birim,6180067,Kızılcaköy Köyü,tarihsel,wikidata-6360
birim,6180068,Kızılcaören Köyü,tarihsel,wikidata-6360
birim,6180069,Kocalar Köyü,tarihsel,wikidata-6360
birim,6180070,Kurumcu Köyü,tarihsel,wikidata-6360
birim,6180071,Kuşcuören Köyü,tarihsel,wikidata-6360
birim,6180072,Mahkemeağcin Köyü,tarihsel,wikidata-6360
birim,6180073,Oğlakcı Köyü,tarihsel,wikidata-6360
birim,6180074,Olucak Köyü,tarihsel,wikidata-6360
birim,6180075,Örencik Köyü,tarihsel,wikidata-6360
birim,6180076,Ortaköy Köyü,tarihsel,wikidata-6360
birim,6180077,Otacı Köyü,tarihsel,wikidata-6360
birim,6180078,Pazar Köyü,tarihsel,wikidata-6360
birim,6180079,Pazar Başören Köyü,tarihsel,wikidata-6360
birim,6180080,Pazar Kınık Köyü,tarihsel,wikidata-6360
birim,6180081,Şahinler Köyü,tarihsel,wikidata-6360
birim,6180082,Salın Köyü,tarihsel,wikidata-6360
birim,6180083,Saray Köyü,tarihsel,wikidata-6360
birim,6180084,Saraycık Köyü,tarihsel,wikidata-6360
birim,6180085,Sazak Köyü,tarihsel,wikidata-6360
birim,6180086,Semeler Köyü,tarihsel,wikidata-6360
birim,6180087,Semer Köyü,tarihsel,wikidata-6360
birim,6180088,Süleler Köyü,tarihsel,wikidata-6360
birim,6180089,Tahtalar Köyü,tarihsel,wikidata-6360
birim,6180090,Taşlıca Köyü,tarihsel,wikidata-6360
birim,6180091,Turnalı Köyü,tarihsel,wikidata-6360
birim,6180092,Üçbaş Köyü,tarihsel,wikidata-6360
birim,6180093,Uğurlu Köyü,tarihsel,wikidata-6360
birim,6180094,Üyücek Köyü,tarihsel,wikidata-6360
birim,6180095,Yağcıhüseyin Köyü,tarihsel,wikidata-6360
birim,6180096,Yakakaya Köyü,tarihsel,wikidata-6360
birim,6180097,Yanık Özbekler Köyü,tarihsel,wikidata-6360
birim,6180099,Yeşilköy Köyü,tarihsel,wikidata-6360
birim,6180100,Yıldırımçatak Köyü,tarihsel,wikidata-6360
birim,6180101,Yıldırımdemirciler Köyü,tarihsel,wikidata-6360
birim,6180102,Yıldırımhacılar Köyü,tarihsel,wikidata-6360
birim,6180103,Yıldırımören Köyü,tarihsel,wikidata-6360
birim,6180104,Yıldırımyağlıca Köyü,tarihsel,wikidata-6360
birim,6180106,Yukarıçanlı Köyü,tarihsel,wikidata-6360
birim,6180107,Yukarıhüyük Köyü,tarihsel,wikidata-6360
birim,6180108,Yukarıkaraören Köyü,tarihsel,wikidata-6360
birim,6180109,Yukarıkese Köyü,tarihsel,wikidata-6360
birim,6190011,Hüseyingazi,semt,ptt-semt
birim,6190012,Bayındır Köyü,tarihsel,wikidata-6360
birim,6190014,Hüseyingazi,semt,ptt-semt
birim,6190025,Hüseyingazi,semt,ptt-semt
birim,6190028,Gökçeyurt Köyü,tarihsel,wikidata-6360
birim,6190038,Kıbrısköy Köyü,tarihsel,wikidata-6360
birim,6190039,Kızılca Köyü,tarihsel,wikidata-6360
birim,6190042,Kusunlar Köyü,tarihsel,wikidata-6360
birim,6190049,Ortaköy Köyü,tarihsel,wikidata-6360
birim,6200002,Akdere Köyü,tarihsel,wikidata-6360
birim,6200003,Aksu Köyü,tarihsel,wikidata-6360
birim,6200004,Alan Köyü,tarihsel,wikidata-6360
birim,6200006,Aliefe Köyü,tarihsel,wikidata-6360
birim,6200007,Alpağut Köyü,tarihsel,wikidata-6360
birim,6200008,Arkutça Köyü,tarihsel,wikidata-6360
birim,6200009,Aşağıbağdere Köyü,tarihsel,wikidata-6360
birim,6200010,Aşağıbağlıca Köyü,tarihsel,wikidata-6360
birim,6200011,Aşağıkavacık Köyü,tarihsel,wikidata-6360
birim,6200013,Atça Köyü,tarihsel,wikidata-6360
birim,6200014,Aydoğmuş Köyü,tarihsel,wikidata-6360
birim,6200015,Belenalan Köyü,tarihsel,wikidata-6360
birim,6200016,Belenören Köyü,tarihsel,wikidata-6360
birim,6200017,Beyalan Köyü,tarihsel,wikidata-6360
birim,6200018,Beycik Köyü,tarihsel,wikidata-6360
birim,6200019,Beydili Köyü,tarihsel,wikidata-6360
birim,6200020,Bozyaka Köyü,tarihsel,wikidata-6360
birim,6200021,Çalıcaalan Köyü,tarihsel,wikidata-6360
birim,6200022,Çamalan Köyü,tarihsel,wikidata-6360
birim,6200024,Cendere Köyü,tarihsel,wikidata-6360
birim,6200025,Çiller Köyü,tarihsel,wikidata-6360
birim,6200026,Çive Köyü,tarihsel,wikidata-6360
birim,6200027,Çulhalar Köyü,tarihsel,wikidata-6360
birim,6200028,Danişment Köyü,tarihsel,wikidata-6360
birim,6200029,Davutoğlan Köyü,tarihsel,wikidata-6360
birim,6200030,Demirköy Köyü,tarihsel,wikidata-6360
birim,6200031,Dereköy Köyü,tarihsel,wikidata-6360
birim,6200032,Doğandere Köyü,tarihsel,wikidata-6360
birim,6200033,Döğmeci Köyü,tarihsel,wikidata-6360
birim,6200034,Eğri Köyü,tarihsel,wikidata-6360
birim,6200035,Emremsultan Köyü,tarihsel,wikidata-6360
birim,6200036,Epçeler Köyü,tarihsel,wikidata-6360
birim,6200037,Ericek Köyü,tarihsel,wikidata-6360
birim,6200038,Eymir Köyü,tarihsel,wikidata-6360
birim,6200040,Gökçeöz Köyü,tarihsel,wikidata-6360
birim,6200041,Güzelöz Köyü,tarihsel,wikidata-6360
birim,6200043,Hacıhasanlar Köyü,tarihsel,wikidata-6360
birim,6200044,Hıdırlar Köyü,tarihsel,wikidata-6360
birim,6200045,İslamalan Köyü,tarihsel,wikidata-6360
birim,6200046,Kabaca Köyü,tarihsel,wikidata-6360
birim,6200047,Kadıköy Köyü,tarihsel,wikidata-6360
birim,6200048,Karacasu Köyü,tarihsel,wikidata-6360
birim,6200049,Karahisar Köyü,tarihsel,wikidata-6360
birim,6200050,Karahisargölcük Köyü,tarihsel,wikidata-6360
birim,6200051,Karahisarkozlu Köyü,tarihsel,wikidata-6360
birim,6200052,Karaköy Köyü,tarihsel,wikidata-6360
birim,6200053,Kavakköy Köyü,tarihsel,wikidata-6360
birim,6200054,Kulu Köyü,tarihsel,wikidata-6360
birim,6200055,Kuruca Köyü,tarihsel,wikidata-6360
birim,6200056,Kuzucular Köyü,tarihsel,wikidata-6360
birim,6200057,Meyildere Köyü,tarihsel,wikidata-6360
birim,6200058,Meyilhacılar Köyü,tarihsel,wikidata-6360
birim,6200059,Nallıdere Köyü,tarihsel,wikidata-6360
birim,6200060,Nallıgölcük Köyü,tarihsel,wikidata-6360
birim,6200062,Nebioğlu Köyü,tarihsel,wikidata-6360
birim,6200063,Ömerşeyhler Köyü,tarihsel,wikidata-6360
birim,6200064,Osmanköy Köyü,tarihsel,wikidata-6360
birim,6200065,Öşürler Köyü,tarihsel,wikidata-6360
birim,6200066,Ozan Köyü,tarihsel,wikidata-6360
birim,6200067,Sarıkaya Köyü,tarihsel,wikidata-6360
birim,6200069,Sobran Köyü,tarihsel,wikidata-6360
birim,6200070,Soğukkuyu Köyü,tarihsel,wikidata-6360
birim,6200071,Subaşı Köyü,tarihsel,wikidata-6360
birim,6200072,Tekirler Köyü,tarihsel,wikidata-6360
birim,6200073,Tekke Köyü,tarihsel,wikidata-6360
birim,6200074,Tepe Köyü,tarihsel,wikidata-6360
birim,6200075,Uluhan Köyü,tarihsel,wikidata-6360
birim,6200076,Uluköy Köyü,tarihsel,wikidata-6360
birim,6200077,Uzunöz Köyü,tarihsel,wikidata-6360
birim,6200078,Yakapınar Köyü,tarihsel,wikidata-6360
birim,6200080,Yenice Köyü,tarihsel,wikidata-6360
birim,6200081,Yeşilyurt Köyü,tarihsel,wikidata-6360
birim,6200082,Yukarıbağdere Köyü,tarihsel,wikidata-6360
birim,6200083,Yukarıbağlıca Köyü,tarihsel,wikidata-6360
birim,6200084,Yukarıkavacık Köyü,tarihsel,wikidata-6360
birim,6210001,Adatoprakpınar Köyü,tarihsel,wikidata-6360
birim,6210002,Avdanlı Köyü,tarihsel,wikidata-6360
birim,6210003,Avşar Köyü,tarihsel,wikidata-6360
birim,6210004,Babayakup Köyü,tarihsel,wikidata-6360
birim,6210005,Basrı Köyü,tarihsel,wikidata-6360
birim,6210006,Beşköprü Köyü,tarihsel,wikidata-6360
birim,6210007,Beyceğiz Köyü,tarihsel,wikidata-6360
birim,6210008,Beylikköprü Köyü,tarihsel,wikidata-6360
birim,6210010,Çanakçı Köyü,tarihsel,wikidata-6360
birim,6210011,Çekirdeksiz Köyü,tarihsel,wikidata-6360
birim,6210012,Çimenceğiz Köyü,tarihsel,wikidata-6360
birim,6210015,Eskikarsak Köyü,tarihsel,wikidata-6360
birim,6210016,Eskiköseler Köyü,tarihsel,wikidata-6360
birim,6210017,Eskipolatlı Köyü,tarihsel,wikidata-6360
birim,6210020,Gedikli Köyü,tarihsel,wikidata-6360
birim,6210021,Gençali Köyü,tarihsel,wikidata-6360
birim,6210022,Gülpınar Köyü,tarihsel,wikidata-6360
birim,6210024,Gümüşyaka Köyü,tarihsel,wikidata-6360
birim,6210025,Gündoğan Köyü,tarihsel,wikidata-6360
birim,6210026,Güreş Köyü,tarihsel,wikidata-6360
birim,6210027,Hacımusa Köyü,tarihsel,wikidata-6360
birim,6210028,Hacımuslu Köyü,tarihsel,wikidata-6360
birim,6210029,Hacıosmanoğlu Köyü,tarihsel,wikidata-6360
birim,6210030,Hacıtuğrul Köyü,tarihsel,wikidata-6360
birim,6210031,Hıdırşeyh Köyü,tarihsel,wikidata-6360
birim,6210032,İğciler Köyü,tarihsel,wikidata-6360
birim,6210033,Ilıca Köyü,tarihsel,wikidata-6360
birim,6210034,İnler Köyü,tarihsel,wikidata-6360
birim,6210036,Kabak Köyü,tarihsel,wikidata-6360
birim,6210037,Karaahmet Köyü,tarihsel,wikidata-6360
birim,6210038,Karabenli Köyü,tarihsel,wikidata-6360
birim,6210039,Karacaahmet Köyü,tarihsel,wikidata-6360
birim,6210040,Karahamzalı Köyü,tarihsel,wikidata-6360
birim,6210041,Karailyas Köyü,tarihsel,wikidata-6360
birim,6210042,Karakaya Köyü,tarihsel,wikidata-6360
birim,6210043,Karakuyu Köyü,tarihsel,wikidata-6360
birim,6210044,Karapınar Köyü,tarihsel,wikidata-6360
birim,6210045,Karayavşan Köyü,tarihsel,wikidata-6360
birim,6210046,Kargalı Köyü,tarihsel,wikidata-6360
birim,6210047,Kayabaşı Köyü,tarihsel,wikidata-6360
birim,6210048,Kıranharmanı Köyü,tarihsel,wikidata-6360
birim,6210049,Kızılcakışla Köyü,tarihsel,wikidata-6360
birim,6210050,Kocahacılı Köyü,tarihsel,wikidata-6360
birim,6210052,Kuşcu Köyü,tarihsel,wikidata-6360
birim,6210053,Macun Köyü,tarihsel,wikidata-6360
birim,6210055,Müslüm Köyü,tarihsel,wikidata-6360
birim,6210056,Oğuzlar Köyü,tarihsel,wikidata-6360
birim,6210057,Olukpınar Köyü,tarihsel,wikidata-6360
birim,6210058,Ömerler Köyü,tarihsel,wikidata-6360
birim,6210059,Ördekgölü Köyü,tarihsel,wikidata-6360
birim,6210060,Özyurt Köyü,tarihsel,wikidata-6360
birim,6210061,Poyraz Köyü,tarihsel,wikidata-6360
birim,6210062,Sabanca Köyü,tarihsel,wikidata-6360
birim,6210063,Şabanözü Köyü,tarihsel,wikidata-6360
birim,6210064,Sakarya Köyü,tarihsel,wikidata-6360
birim,6210065,Sarıhalil Köyü,tarihsel,wikidata-6360
birim,6210066,Sarıoba Köyü,tarihsel,wikidata-6360
birim,6210067,Sazlar Köyü,tarihsel,wikidata-6360
birim,6210070,Şeyhali Köyü,tarihsel,wikidata-6360
birim,6210071,Şıhahmetli Köyü,tarihsel,wikidata-6360
birim,6210072,Sinanlı Köyü,tarihsel,wikidata-6360
birim,6210073,Sincik Köyü,tarihsel,wikidata-6360
birim,6210074,Sivri Köyü,tarihsel,wikidata-6360
birim,6210075,Taşpınar Köyü,tarihsel,wikidata-6360
birim,6210076,Tatlıkuyu Köyü,tarihsel,wikidata-6360
birim,6210077,Toydemir Köyü,tarihsel,wikidata-6360
birim,6210078,Tüfekçioğlu Köyü,tarihsel,wikidata-6360
birim,6210079,Türkkarsak Köyü,tarihsel,wikidata-6360
birim,6210080,Türktaciri Köyü,tarihsel,wikidata-6360
birim,6210081,Üçpınar Köyü,tarihsel,wikidata-6360
birim,6210082,Uzunbey Köyü,tarihsel,wikidata-6360
birim,6210083,Yağcıoğlu Köyü,tarihsel,wikidata-6360
birim,6210084,Yağmurbaba Köyü,tarihsel,wikidata-6360
birim,6210085,Yaralı Köyü,tarihsel,wikidata-6360
birim,6210086,Yassıhüyük Köyü,tarihsel,wikidata-6360
birim,6210088,Yenice Köyü,tarihsel,wikidata-6360
birim,6210089,Yenidoğan Köyü,tarihsel,wikidata-6360
birim,6210090,Yeniköseler Köyü,tarihsel,wikidata-6360
birim,6210091,Yenimehmetli Köyü,tarihsel,wikidata-6360
birim,6210092,Yeşilöz Köyü,tarihsel,wikidata-6360
birim,6210093,Yıldızlı Köyü,tarihsel,wikidata-6360
birim,6210094,Yüzükbaşı Köyü,tarihsel,wikidata-6360
birim,6220001,Abadan Köyü,tarihsel,wikidata-6360
birim,6220005,Karaköy Köyü,tarihsel,wikidata-6360
birim,6220007,Kösrelikkızığı Köyü,tarihsel,wikidata-6360
birim,6220013,Saray Gümüşoluk Köyü,tarihsel,wikidata-6360
birim,6220018,Yeni Karaköy Köyü,tarihsel,wikidata-6360
birim,6220021,Yuva Köyü,tarihsel,wikidata-6360
birim,6230001,Acıkuyu Köyü,tarihsel,wikidata-6360
birim,6230002,Acıöz Köyü,tarihsel,wikidata-6360
birim,6230003,Akarca Köyü,tarihsel,wikidata-6360
birim,6230004,Akin Köyü,tarihsel,wikidata-6360
birim,6230006,Aktaş Köyü,tarihsel,wikidata-6360
birim,6230007,Aliuşağı Köyü,tarihsel,wikidata-6360
birim,6230008,Bağobası Köyü,tarihsel,wikidata-6360
birim,6230009,Baltalı Köyü,tarihsel,wikidata-6360
birim,6230011,Büyükdamlacık Köyü,tarihsel,wikidata-6360
birim,6230012,Büyükkışla Köyü,tarihsel,wikidata-6360
birim,6230014,Çatçat Köyü,tarihsel,wikidata-6360
birim,6230015,Çavuşköy Köyü,tarihsel,wikidata-6360
birim,6230016,Çayırönü Köyü,tarihsel,wikidata-6360
birim,6230017,Cıngıl Köyü,tarihsel,wikidata-6360
birim,6230019,Deliller Köyü,tarihsel,wikidata-6360
birim,6230021,Doğankaya Köyü,tarihsel,wikidata-6360
birim,6230023,Eley Köyü,tarihsel,wikidata-6360
birim,6230025,Fadıllı Köyü,tarihsel,wikidata-6360
birim,6230026,Geçitli Köyü,tarihsel,wikidata-6360
birim,6230028,Hacıbektaşlı Köyü,tarihsel,wikidata-6360
birim,6230030,Hamzalı Köyü,tarihsel,wikidata-6360
birim,6230031,Haydarlı Köyü,tarihsel,wikidata-6360
birim,6230035,Kadıncık Köyü,tarihsel,wikidata-6360
birim,6230036,Kadıobası Köyü,tarihsel,wikidata-6360
birim,6230038,Karabük Köyü,tarihsel,wikidata-6360
birim,6230039,Karamollauşağı Köyü,tarihsel,wikidata-6360
birim,6230040,Karandere Köyü,tarihsel,wikidata-6360
birim,6230041,Küçükdamlacık Köyü,tarihsel,wikidata-6360
birim,6230044,Musular Köyü,tarihsel,wikidata-6360
birim,6230045,Odunboğazı Köyü,tarihsel,wikidata-6360
birim,6230046,Palazobası Köyü,tarihsel,wikidata-6360
birim,6230047,Parlasan Köyü,tarihsel,wikidata-6360
birim,6230048,Sadıklı Köyü,tarihsel,wikidata-6360
birim,6230050,Şanlıkışla Köyü,tarihsel,wikidata-6360
birim,6230052,Şekerköy Köyü,tarihsel,wikidata-6360
birim,6230053,Şereflidavutlu Köyü,tarihsel,wikidata-6360
birim,6230055,Şeyhli Köyü,tarihsel,wikidata-6360
birim,6230056,Seymenli Köyü,tarihsel,wikidata-6360
birim,6230058,Üzengilik Köyü,tarihsel,wikidata-6360
birim,6230059,Yalnızpınar Köyü,tarihsel,wikidata-6360
birim,6230060,Yazısöğüt Köyü,tarihsel,wikidata-6360
birim,6230063,Yeşilyurt Köyü,tarihsel,wikidata-6360
birim,6230064,Yusufkuyusu Köyü,tarihsel,wikidata-6360
birim,6240001,Yenikent,semt,ptt-semt
birim,6240002,Yenikent,semt,ptt-semt
birim,6240004,Akçaören Köyü,tarihsel,wikidata-6360
birim,6240004,Yenikent,semt,ptt-semt
birim,6240006,Alagöz Köyü,tarihsel,wikidata-6360
birim,6240006,Temelli,semt,ptt-semt
birim,6240007,Alcı Köyü,tarihsel,wikidata-6360
birim,6240007,Temelli,semt,ptt-semt
birim,6240008,Anayurt Köyü,tarihsel,wikidata-6360
birim,6240011,Bacı Köyü,tarihsel,wikidata-6360
birim,6240011,Temelli,semt,ptt-semt
birim,6240012,Beyobası Köyü,tarihsel,wikidata-6360
birim,6240012,Temelli,semt,ptt-semt
birim,6240013,Çiçektepe Köyü,tarihsel,wikidata-6360
birim,6240014,Yenikent,semt,ptt-semt
birim,6240014,Çoğlu Köyü,tarihsel,wikidata-6360
birim,6240015,Temelli,semt,ptt-semt
birim,6240015,Çokören Köyü,tarihsel,wikidata-6360
birim,6240016,Temelli,semt,ptt-semt
birim,6240017,Yenikent,semt,ptt-semt
birim,6240019,Esenler Köyü,tarihsel,wikidata-6360
birim,6240021,Yenikent,semt,ptt-semt
birim,6240022,Temelli,semt,ptt-semt
birim,6240024,Girmeç Köyü,tarihsel,wikidata-6360
birim,6240024,Temelli,semt,ptt-semt
birim,6240026,Hisarlıkaya Köyü,tarihsel,wikidata-6360
birim,6240026,Temelli,semt,ptt-semt
birim,6240027,Temelli,semt,ptt-semt
birim,6240028,Yenikent,semt,ptt-semt
birim,6240028,İlyakut Köyü,tarihsel,wikidata-6360
birim,6240029,Yenikent,semt,ptt-semt
birim,6240029,İncirlik Köyü,tarihsel,wikidata-6360
birim,6240031,Temelli,semt,ptt-semt
birim,6240034,Malıköy Köyü,tarihsel,wikidata-6360
birim,6240034,Temelli,semt,ptt-semt
birim,6240036,Yenikent,semt,ptt-semt
birim,6240038,Mülk Köyü,tarihsel,wikidata-6360
birim,6240038,Yenikent,semt,ptt-semt
birim,6240039,Yenikent,semt,ptt-semt
birim,6240040,Osmaniye Köyü,tarihsel,wikidata-6360
birim,6240044,Polatlar Köyü,tarihsel,wikidata-6360
birim,6240045,Saraycık Köyü,tarihsel,wikidata-6360
birim,6240048,Tatlar Köyü,tarihsel,wikidata-6360
birim,6240050,Temelli,semt,ptt-semt
birim,6240050,Türkobası Köyü,tarihsel,wikidata-6360
birim,6240051,Temelli,semt,ptt-semt
birim,6240051,Ücret Köyü,tarihsel,wikidata-6360
birim,6240053,Yeniçimşit Köyü,tarihsel,wikidata-6360
birim,6240054,Temelli,semt,ptt-semt
birim,6240054,Yenihisar Köyü,tarihsel,wikidata-6360
birim,6240055,Yenikayı Köyü,tarihsel,wikidata-6360
birim,6240055,Yenikent,semt,ptt-semt
birim,6240056,Yenipeçenek Köyü,tarihsel,wikidata-6360
birim,6240059,Temelli,semt,ptt-semt
birim,6240060,Temelli,semt,ptt-semt
birim,6240061,Temelli,semt,ptt-semt
birim,6240062,Temelli,semt,ptt-semt
birim,6250002,Şentepe,semt,ptt-semt
birim,6250003,Şentepe,semt,ptt-semt
birim,6250004,Macunköy,semt,ptt-semt
birim,6250005,Şentepe,semt,ptt-semt
birim,6250007,Şentepe,semt,ptt-semt
birim,6250008,Batıkent,semt,ptt-semt
birim,6250009,A.O.Çiftliği,semt,ptt-semt
birim,6250010,Şentepe,semt,ptt-semt
birim,6250013,Şentepe,semt,ptt-semt
birim,6250017,A.O.Çiftliği,semt,ptt-semt
birim,6250018,Batıkent,semt,ptt-semt
birim,6250022,A.O.Çiftliği,semt,ptt-semt
birim,6250023,Şentepe,semt,ptt-semt
birim,6250024,Şentepe,semt,ptt-semt
birim,6250025,Batıkent,semt,ptt-semt
birim,6250026,Batıkent,semt,ptt-semt
birim,6250029,Şentepe,semt,ptt-semt
birim,6250030,Karacakaya Köyü,tarihsel,wikidata-6360
birim,6250030,Macunköy,semt,ptt-semt
birim,6250031,Batıkent,semt,ptt-semt
birim,6250033,Şentepe,semt,ptt-semt
birim,6250034,Batıkent,semt,ptt-semt
birim,6250035,Macunköy,semt,ptt-semt
birim,6250036,Macunköy,semt,ptt-semt
birim,6250038,Macunköy,semt,ptt-semt
birim,6250038,Memlik Köyü,tarihsel,wikidata-6360
birim,6250041,Şentepe,semt,ptt-semt
birim,6250044,Macunköy,semt,ptt-semt
birim,6250044,Susuz Köyü,tarihsel,wikidata-6360
birim,6250046,Batıkent,semt,ptt-semt
birim,6250047,Batıkent,semt,ptt-semt
birim,6250049,Macunköy,semt,ptt-semt
birim,6250049,Yakacık Köyü,tarihsel,wikidata-6360
birim,6250050,Batıkent,semt,ptt-semt
birim,6250053,Şentepe,semt,ptt-semt
birim,6250055,Macunköy,semt,ptt-semt
birim,6250055,Yuvaköy Köyü,tarihsel,wikidata-6360
birim,7010001,Akşahap Köyü,tarihsel,wikidata-6360
birim,7010002,Alaçeşme Köyü,tarihsel,wikidata-6360
birim,7010003,Aşağıaşıklar Köyü,tarihsel,wikidata-6360
birim,7010005,Belenalan Köyü,tarihsel,wikidata-6360
birim,7010007,Bucakalan Köyü,tarihsel,wikidata-6360
birim,7010008,Bucakkışla Köyü,tarihsel,wikidata-6360
birim,7010010,Çaltılıçukur Köyü,tarihsel,wikidata-6360
birim,7010011,Çanakpınar Köyü,tarihsel,wikidata-6360
birim,7010012,Ceceler Köyü,tarihsel,wikidata-6360
birim,7010013,Cemerler Köyü,tarihsel,wikidata-6360
birim,7010014,Cendeve Köyü,tarihsel,wikidata-6360
birim,7010016,Çimiköy Köyü,tarihsel,wikidata-6360
birim,7010017,Çınardibi Köyü,tarihsel,wikidata-6360
birim,7010018,Çukurköy Köyü,tarihsel,wikidata-6360
birim,7010019,Değirmenlik Köyü,tarihsel,wikidata-6360
birim,7010021,Dikmen Köyü,tarihsel,wikidata-6360
birim,7010022,Dutluca Köyü,tarihsel,wikidata-6360
birim,7010023,Emiraşıklar Köyü,tarihsel,wikidata-6360
birim,7010024,Erenyaka Köyü,tarihsel,wikidata-6360
birim,7010026,Geriş Köyü,tarihsel,wikidata-6360
birim,7010028,Gümüşdamla Köyü,tarihsel,wikidata-6360
birim,7010029,Güneykaya Köyü,tarihsel,wikidata-6360
birim,7010030,Günyaka Köyü,tarihsel,wikidata-6360
birim,7010031,Güzelsu Köyü,tarihsel,wikidata-6360
birim,7010033,Hocaköy Köyü,tarihsel,wikidata-6360
birim,7010034,Hüsamettinköy Köyü,tarihsel,wikidata-6360
birim,7010035,Karakışla Köyü,tarihsel,wikidata-6360
birim,7010036,Kepez Köyü,tarihsel,wikidata-6360
birim,7010037,Kepezbeleni Köyü,tarihsel,wikidata-6360
birim,7010039,Mahmutlu Köyü,tarihsel,wikidata-6360
birim,7010040,Menteşbey Köyü,tarihsel,wikidata-6360
birim,7010041,Minareli Köyü,tarihsel,wikidata-6360
birim,7010042,Pınarbaşı Köyü,tarihsel,wikidata-6360
birim,7010043,Sadıklar Köyü,tarihsel,wikidata-6360
birim,7010044,Salihler Köyü,tarihsel,wikidata-6360
birim,7010045,Sarıhacılar Köyü,tarihsel,wikidata-6360
birim,7010046,Sarıhaliller Köyü,tarihsel,wikidata-6360
birim,7010047,Sinanhoca Köyü,tarihsel,wikidata-6360
birim,7010049,Susuzşahap Köyü,tarihsel,wikidata-6360
birim,7010050,Taşlıca Köyü,tarihsel,wikidata-6360
birim,7020001,Alaylı Köyü,tarihsel,wikidata-6360
birim,7020005,Boztepe Köyü,tarihsel,wikidata-6360
birim,7020010,Dumanlar Köyü,tarihsel,wikidata-6360
birim,7020012,Fettahlı Köyü,tarihsel,wikidata-6360
birim,7020013,Gökdere Köyü,tarihsel,wikidata-6360
birim,7020014,Güloluk Köyü,tarihsel,wikidata-6360
birim,7020017,İhsaniye Köyü,tarihsel,wikidata-6360
birim,7020018,Karaçallı Köyü,tarihsel,wikidata-6360
birim,7020020,Kayadibi Köyü,tarihsel,wikidata-6360
birim,7020021,Kemerağzı Köyü,tarihsel,wikidata-6360
birim,7020024,Kundu Köyü,tarihsel,wikidata-6360
birim,7020025,Kurşunlu Köyü,tarihsel,wikidata-6360
birim,7020031,Solak Köyü,tarihsel,wikidata-6360
birim,7020032,Topallı Köyü,tarihsel,wikidata-6360
birim,7020034,Yeşilkaraman Köyü,tarihsel,wikidata-6360
birim,7030001,Akçatı Köyü,tarihsel,wikidata-6360
birim,7030002,Akdam Köyü,tarihsel,wikidata-6360
birim,7030003,Alacami Köyü,tarihsel,wikidata-6360
birim,7030004,Alara Köyü,tarihsel,wikidata-6360
birim,7030006,Asmaca Köyü,tarihsel,wikidata-6360
birim,7030008,Bademağacı Köyü,tarihsel,wikidata-6360
birim,7030009,Basırlı Köyü,tarihsel,wikidata-6360
birim,7030010,Başköy Köyü,tarihsel,wikidata-6360
birim,7030011,Bayır Köyü,tarihsel,wikidata-6360
birim,7030012,Bayırkozağacı Köyü,tarihsel,wikidata-6360
birim,7030014,Beldibi Köyü,tarihsel,wikidata-6360
birim,7030015,Beyreli Köyü,tarihsel,wikidata-6360
birim,7030016,Bıçakçı Köyü,tarihsel,wikidata-6360
birim,7030017,Bucak Köyü,tarihsel,wikidata-6360
birim,7030018,Burçaklar Köyü,tarihsel,wikidata-6360
birim,7030020,Büyükpınar Köyü,tarihsel,wikidata-6360
birim,7030021,Çakallar Köyü,tarihsel,wikidata-6360
birim,7030022,Çamlıca Köyü,tarihsel,wikidata-6360
birim,7030027,Değirmendere Köyü,tarihsel,wikidata-6360
birim,7030029,Dere Köyü,tarihsel,wikidata-6360
birim,7030031,Elikesik Köyü,tarihsel,wikidata-6360
birim,7030033,Fakırcalı Köyü,tarihsel,wikidata-6360
birim,7030035,Gözübüyük Köyü,tarihsel,wikidata-6360
birim,7030036,Gözüküçüklü Köyü,tarihsel,wikidata-6360
birim,7030038,Gümüşgöze Köyü,tarihsel,wikidata-6360
birim,7030039,Gümüşkavak Köyü,tarihsel,wikidata-6360
birim,7030040,Güney Köyü,tarihsel,wikidata-6360
birim,7030043,Hacıkerimler Köyü,tarihsel,wikidata-6360
birim,7030044,Hacımehmetli Köyü,tarihsel,wikidata-6360
birim,7030049,İsbatlı Köyü,tarihsel,wikidata-6360
birim,7030050,İshaklı Köyü,tarihsel,wikidata-6360
birim,7030052,Karakocalı Köyü,tarihsel,wikidata-6360
birim,7030053,Karamanlar Köyü,tarihsel,wikidata-6360
birim,7030054,Karapınar Köyü,tarihsel,wikidata-6360
birim,7030056,Kayabaşı Köyü,tarihsel,wikidata-6360
birim,7030057,Keşefli Köyü,tarihsel,wikidata-6360
birim,7030059,Kızılcaşehir Köyü,tarihsel,wikidata-6360
birim,7030061,Kocaoğlanlı Köyü,tarihsel,wikidata-6360
birim,7030064,Kuzyaka Köyü,tarihsel,wikidata-6360
birim,7030066,Mahmutseydi Köyü,tarihsel,wikidata-6360
birim,7030068,Obaalacami Köyü,tarihsel,wikidata-6360
birim,7030070,Orhan Köyü,tarihsel,wikidata-6360
birim,7030071,Öteköy Köyü,tarihsel,wikidata-6360
birim,7030072,Özvadi Köyü,tarihsel,wikidata-6360
birim,7030073,Paşaköy Köyü,tarihsel,wikidata-6360
birim,7030075,Saburlar Köyü,tarihsel,wikidata-6360
birim,7030076,Sapadere Köyü,tarihsel,wikidata-6360
birim,7030079,Seki Köyü,tarihsel,wikidata-6360
birim,7030080,Şıhlar Köyü,tarihsel,wikidata-6360
birim,7030081,Soğukpınar Köyü,tarihsel,wikidata-6360
birim,7030083,Süleymanlar Köyü,tarihsel,wikidata-6360
birim,7030084,Taşbaşı Köyü,tarihsel,wikidata-6360
birim,7030086,Tırılar Köyü,tarihsel,wikidata-6360
birim,7030088,Toslak Köyü,tarihsel,wikidata-6360
birim,7030091,Türktaş Köyü,tarihsel,wikidata-6360
birim,7030092,Uğrak Köyü,tarihsel,wikidata-6360
birim,7030093,Uğurlu Köyü,tarihsel,wikidata-6360
birim,7030094,Üzümlü Köyü,tarihsel,wikidata-6360
birim,7030095,Uzunöz Köyü,tarihsel,wikidata-6360
birim,7030096,Yalçı Köyü,tarihsel,wikidata-6360
birim,7030098,Yaylakonak Köyü,tarihsel,wikidata-6360
birim,7030100,Yenice Köyü,tarihsel,wikidata-6360
birim,7030102,Yeşilöz Köyü,tarihsel,wikidata-6360
birim,7040002,Belören Köyü,tarihsel,wikidata-6360
birim,7040003,Kale,semt,ptt-semt
birim,7040005,Çağman Köyü,tarihsel,wikidata-6360
birim,7040006,Çevreli Köyü,tarihsel,wikidata-6360
birim,7040007,Davazlar Köyü,tarihsel,wikidata-6360
birim,7040009,Gürses Köyü,tarihsel,wikidata-6360
birim,7040010,Kaleüçağız Köyü,tarihsel,wikidata-6360
birim,7040011,Kapaklı Köyü,tarihsel,wikidata-6360
birim,7040013,Kale,semt,ptt-semt
birim,7040014,Kale,semt,ptt-semt
birim,7040014,Köşkerler Köyü,tarihsel,wikidata-6360
birim,7040016,Yavu Köyü,tarihsel,wikidata-6360
birim,7050001,Ahırtaş Köyü,tarihsel,wikidata-6360
birim,7050002,Akkoç Köyü,tarihsel,wikidata-6360
birim,7050007,Aşağıoba Köyü,tarihsel,wikidata-6360
birim,7050012,Bıyıklı Köyü,tarihsel,wikidata-6360
birim,7050013,Camili Köyü,tarihsel,wikidata-6360
birim,7050015,Çıplaklı Köyü,tarihsel,wikidata-6360
birim,7050017,Dereli Köyü,tarihsel,wikidata-6360
birim,7050020,Ilıcaköy Köyü,tarihsel,wikidata-6360
birim,7050022,Karataş Köyü,tarihsel,wikidata-6360
birim,7050024,Kevşirler Köyü,tarihsel,wikidata-6360
birim,7050025,Killik Köyü,tarihsel,wikidata-6360
birim,7050026,Kömürcüler Köyü,tarihsel,wikidata-6360
birim,7050027,Kovanlık Köyü,tarihsel,wikidata-6360
birim,7050030,Selimiye Köyü,tarihsel,wikidata-6360
birim,7050032,Yağca Köyü,tarihsel,wikidata-6360
birim,7060001,Afşar Köyü,tarihsel,wikidata-6360
birim,7060002,Ahatlı Köyü,tarihsel,wikidata-6360
birim,7060003,Akçaeniş Köyü,tarihsel,wikidata-6360
birim,7060005,Armutlu Köyü,tarihsel,wikidata-6360
birim,7060006,Bayındır Köyü,tarihsel,wikidata-6360
birim,7060007,Bayralar Köyü,tarihsel,wikidata-6360
birim,7060008,Beyler Köyü,tarihsel,wikidata-6360
birim,7060009,Bozhüyük Köyü,tarihsel,wikidata-6360
birim,7060010,Büyüksöğle Köyü,tarihsel,wikidata-6360
birim,7060014,Çobanisa Köyü,tarihsel,wikidata-6360
birim,7060015,Çukurelma Köyü,tarihsel,wikidata-6360
birim,7060016,Dereköy Köyü,tarihsel,wikidata-6360
birim,7060017,Düden Köyü,tarihsel,wikidata-6360
birim,7060018,Eskihisar Köyü,tarihsel,wikidata-6360
birim,7060019,Eymir Köyü,tarihsel,wikidata-6360
birim,7060020,Geçit Köyü,tarihsel,wikidata-6360
birim,7060021,Geçmen Köyü,tarihsel,wikidata-6360
birim,7060022,Gökpınar Köyü,tarihsel,wikidata-6360
birim,7060024,Göltarla Köyü,tarihsel,wikidata-6360
birim,7060025,Gümüşyaka Köyü,tarihsel,wikidata-6360
birim,7060027,Hacımusalar Köyü,tarihsel,wikidata-6360
birim,7060028,Hacıyusuflar Köyü,tarihsel,wikidata-6360
birim,7060029,İlyağı Köyü,tarihsel,wikidata-6360
birim,7060030,İmircik Köyü,tarihsel,wikidata-6360
birim,7060032,İslamlar Köyü,tarihsel,wikidata-6360
birim,7060034,Karaköy Köyü,tarihsel,wikidata-6360
birim,7060035,Karamık Köyü,tarihsel,wikidata-6360
birim,7060037,Kışla Köyü,tarihsel,wikidata-6360
birim,7060038,Kızılca Köyü,tarihsel,wikidata-6360
birim,7060039,Kocapınar Köyü,tarihsel,wikidata-6360
birim,7060040,Küçüksöğle Köyü,tarihsel,wikidata-6360
birim,7060041,Kuzköy Köyü,tarihsel,wikidata-6360
birim,7060042,Macun Köyü,tarihsel,wikidata-6360
birim,7060043,Mursal Köyü,tarihsel,wikidata-6360
birim,7060044,Ovacık Köyü,tarihsel,wikidata-6360
birim,7060045,Özdemir Köyü,tarihsel,wikidata-6360
birim,7060046,Pirhasanlar Köyü,tarihsel,wikidata-6360
birim,7060047,Salur Köyü,tarihsel,wikidata-6360
birim,7060048,Sarılar Köyü,tarihsel,wikidata-6360
birim,7060050,Tavullar Köyü,tarihsel,wikidata-6360
birim,7060051,Tekke Köyü,tarihsel,wikidata-6360
birim,7060053,Yakaçiftlikköyü Köyü,tarihsel,wikidata-6360
birim,7060054,Yalnızdam Köyü,tarihsel,wikidata-6360
birim,7060055,Yapraklı Köyü,tarihsel,wikidata-6360
birim,7060057,Yılmazlı Köyü,tarihsel,wikidata-6360
birim,7060058,Yörenler Köyü,tarihsel,wikidata-6360
birim,7060060,Zümrütova Köyü,tarihsel,wikidata-6360
birim,7070001,Akçaalan Köyü,tarihsel,wikidata-6360
birim,7070002,Alacadağ Köyü,tarihsel,wikidata-6360
birim,7070003,Arif Köyü,tarihsel,wikidata-6360
birim,7070004,Asarönü Köyü,tarihsel,wikidata-6360
birim,7070005,Boldağ Köyü,tarihsel,wikidata-6360
birim,7070006,Çamlıbel Köyü,tarihsel,wikidata-6360
birim,7070007,Dağbağ Köyü,tarihsel,wikidata-6360
birim,7070008,Ernez Köyü,tarihsel,wikidata-6360
birim,7070010,Gökbük Köyü,tarihsel,wikidata-6360
birim,7070011,Gökçeyaka Köyü,tarihsel,wikidata-6360
birim,7070024,Yeşilköy Köyü,tarihsel,wikidata-6360
birim,7070026,Yuvalı Köyü,tarihsel,wikidata-6360
birim,7080001,Akoluk Köyü,tarihsel,wikidata-6360
birim,7080003,Aydıncık Köyü,tarihsel,wikidata-6360
birim,7080005,Beyobası Köyü,tarihsel,wikidata-6360
birim,7080006,Beyrebucak Köyü,tarihsel,wikidata-6360
birim,7080007,Çakmak Köyü,tarihsel,wikidata-6360
birim,7080008,Çalıpınar Köyü,tarihsel,wikidata-6360
birim,7080009,Çamlıca Köyü,tarihsel,wikidata-6360
birim,7080010,Çığlık Köyü,tarihsel,wikidata-6360
birim,7080011,Çile Köyü,tarihsel,wikidata-6360
birim,7080012,Çimenbağ Köyü,tarihsel,wikidata-6360
birim,7080013,Çobanlar Köyü,tarihsel,wikidata-6360
birim,7080014,Çörüş Köyü,tarihsel,wikidata-6360
birim,7080016,Doğanca Köyü,tarihsel,wikidata-6360
birim,7080018,Esenpınar Köyü,tarihsel,wikidata-6360
birim,7080021,Göçük Köyü,tarihsel,wikidata-6360
birim,7080022,Gökçebelen Köyü,tarihsel,wikidata-6360
birim,7080023,Gökçesaray Köyü,tarihsel,wikidata-6360
birim,7080025,Gürçam Köyü,tarihsel,wikidata-6360
birim,7080026,Hasdere Köyü,tarihsel,wikidata-6360
birim,7080027,Ilıca Köyü,tarihsel,wikidata-6360
birim,7080028,İnal Köyü,tarihsel,wikidata-6360
birim,7080029,İnceğiz Köyü,tarihsel,wikidata-6360
birim,7080032,Karaçukur Köyü,tarihsel,wikidata-6360
birim,7080033,Karalar Köyü,tarihsel,wikidata-6360
birim,7080034,Karatepe Köyü,tarihsel,wikidata-6360
birim,7080035,Kırahmetler Köyü,tarihsel,wikidata-6360
birim,7080036,Kızılgüney Köyü,tarihsel,wikidata-6360
birim,7080038,Korubaşı Köyü,tarihsel,wikidata-6360
birim,7080039,Küçüklü Köyü,tarihsel,wikidata-6360
birim,7080040,Macar Köyü,tarihsel,wikidata-6360
birim,7080041,Muzkent Köyü,tarihsel,wikidata-6360
birim,7080042,Öznurtepe Köyü,tarihsel,wikidata-6360
birim,7080044,Şahinler Köyü,tarihsel,wikidata-6360
birim,7080046,Sugözü Köyü,tarihsel,wikidata-6360
birim,7080047,Üçkonak Köyü,tarihsel,wikidata-6360
birim,7080048,Yakacık Köyü,tarihsel,wikidata-6360
birim,7080050,Yenigüney Köyü,tarihsel,wikidata-6360
birim,7080052,Yeşilyurt Köyü,tarihsel,wikidata-6360
birim,7080053,Zeytinada Köyü,tarihsel,wikidata-6360
birim,7090001,Akyar Köyü,tarihsel,wikidata-6360
birim,7090002,Balkaya Köyü,tarihsel,wikidata-6360
birim,7090003,Bedan Köyü,tarihsel,wikidata-6360
birim,7090004,Çaltı Köyü,tarihsel,wikidata-6360
birim,7090005,Çamlıalan Köyü,tarihsel,wikidata-6360
birim,7090006,Çayırözü Köyü,tarihsel,wikidata-6360
birim,7090007,Çiçekoluk Köyü,tarihsel,wikidata-6360
birim,7090008,Eskibağ Köyü,tarihsel,wikidata-6360
birim,7090010,Güneycik Köyü,tarihsel,wikidata-6360
birim,7090011,Güneyyaka Köyü,tarihsel,wikidata-6360
birim,7090012,Kalecik Köyü,tarihsel,wikidata-6360
birim,7090013,Karabul Köyü,tarihsel,wikidata-6360
birim,7090014,Karadere Köyü,tarihsel,wikidata-6360
birim,7090015,Karaisa Köyü,tarihsel,wikidata-6360
birim,7090016,Karaköy Köyü,tarihsel,wikidata-6360
birim,7090017,Kayabükü Köyü,tarihsel,wikidata-6360
birim,7090019,Kozağacı Köyü,tarihsel,wikidata-6360
birim,7090020,Narağacı Köyü,tarihsel,wikidata-6360
birim,7090021,Ortakonuş Köyü,tarihsel,wikidata-6360
birim,7090024,Pembelik Köyü,tarihsel,wikidata-6360
birim,7090027,Serinyaka Köyü,tarihsel,wikidata-6360
birim,7090028,Umutlu Köyü,tarihsel,wikidata-6360
birim,7090029,Yeniköy Köyü,tarihsel,wikidata-6360
birim,7100001,Aydınkent,semt,ptt-semt
birim,7100002,Aydınkent,semt,ptt-semt
birim,7100003,Aydınkent,semt,ptt-semt
birim,7100003,Başlar Köyü,tarihsel,wikidata-6360
birim,7100004,Aydınkent,semt,ptt-semt
birim,7100005,Aydınkent,semt,ptt-semt
birim,7100006,Aydınkent,semt,ptt-semt
birim,7100007,Aydınkent,semt,ptt-semt
birim,7100007,Ürünlü Köyü,tarihsel,wikidata-6360
birim,7100008,Aydınkent,semt,ptt-semt
birim,7100008,Üzümdere Köyü,tarihsel,wikidata-6360
birim,7100009,Aydınkent,semt,ptt-semt
birim,7110001,Ağullu Köyü,tarihsel,wikidata-6360
birim,7110002,Ahatlı Köyü,tarihsel,wikidata-6360
birim,7110003,Aklar Köyü,tarihsel,wikidata-6360
birim,7110004,Akörü Köyü,tarihsel,wikidata-6360
birim,7110006,Bayındır Köyü,tarihsel,wikidata-6360
birim,7110007,Beldibi Köyü,tarihsel,wikidata-6360
birim,7110008,Belenli Köyü,tarihsel,wikidata-6360
birim,7110009,Belkonak Köyü,tarihsel,wikidata-6360
birim,7110010,Bezirgan Köyü,tarihsel,wikidata-6360
birim,7110011,Boğazcık Köyü,tarihsel,wikidata-6360
birim,7110012,Çamlıköy Köyü,tarihsel,wikidata-6360
birim,7110013,Çamlıova Köyü,tarihsel,wikidata-6360
birim,7110014,Çataloluk Köyü,tarihsel,wikidata-6360
birim,7110015,Çavdır Köyü,tarihsel,wikidata-6360
birim,7110016,Çayköy Köyü,tarihsel,wikidata-6360
birim,7110017,Cemre Köyü,tarihsel,wikidata-6360
birim,7110018,Çerler Köyü,tarihsel,wikidata-6360
birim,7110019,Çeşme Köyü,tarihsel,wikidata-6360
birim,7110020,Çukurbağ Köyü,tarihsel,wikidata-6360
birim,7110021,Dere Köyü,tarihsel,wikidata-6360
birim,7110022,Dirgenler Köyü,tarihsel,wikidata-6360
birim,7110023,Doğantaş Köyü,tarihsel,wikidata-6360
birim,7110024,Gelemiş Köyü,tarihsel,wikidata-6360
birim,7110025,Gökçeören Köyü,tarihsel,wikidata-6360
birim,7110026,Gökçeyazı Köyü,tarihsel,wikidata-6360
birim,7110028,Gürsu Köyü,tarihsel,wikidata-6360
birim,7110029,Hacıoğlan Köyü,tarihsel,wikidata-6360
birim,7110030,İkizce Köyü,tarihsel,wikidata-6360
birim,7110031,İslamlar Köyü,tarihsel,wikidata-6360
birim,7110033,Karadağ Köyü,tarihsel,wikidata-6360
birim,7110034,Kasaba Köyü,tarihsel,wikidata-6360
birim,7110035,Kemer Köyü,tarihsel,wikidata-6360
birim,7110037,Kızılağaç Köyü,tarihsel,wikidata-6360
birim,7110038,Ortabağ Köyü,tarihsel,wikidata-6360
birim,7110040,Palamut Köyü,tarihsel,wikidata-6360
birim,7110041,Pınarbaşı Köyü,tarihsel,wikidata-6360
birim,7110042,Sahilkılınçlı Köyü,tarihsel,wikidata-6360
birim,7110043,Sarıbelen Köyü,tarihsel,wikidata-6360
birim,7110044,Sarılar Köyü,tarihsel,wikidata-6360
birim,7110045,Sinneli Köyü,tarihsel,wikidata-6360
birim,7110046,Sütleğen Köyü,tarihsel,wikidata-6360
birim,7110047,Uğrar Köyü,tarihsel,wikidata-6360
birim,7110048,Üzümlü Köyü,tarihsel,wikidata-6360
birim,7110050,Yaylapalamut Köyü,tarihsel,wikidata-6360
birim,7110051,Yeniköy Köyü,tarihsel,wikidata-6360
birim,7110052,Yeşilbarak Köyü,tarihsel,wikidata-6360
birim,7110054,Yuvacık Köyü,tarihsel,wikidata-6360
birim,7130002,Varsak,semt,ptt-semt
birim,7130003,Varsak,semt,ptt-semt
birim,7130004,Altınova,semt,ptt-semt
birim,7130005,Altınova,semt,ptt-semt
birim,7130006,Altınova,semt,ptt-semt
birim,7130007,Dokuma,semt,ptt-semt
birim,7130009,Varsak,semt,ptt-semt
birim,7130010,Varsak,semt,ptt-semt
birim,7130013,Başköy Köyü,tarihsel,wikidata-6360
birim,7130016,Çamlıca Köyü,tarihsel,wikidata-6360
birim,7130018,Varsak,semt,ptt-semt
birim,7130019,Duacı Köyü,tarihsel,wikidata-6360
birim,7130027,Varsak,semt,ptt-semt
birim,7130029,Gaziler Köyü,tarihsel,wikidata-6360
birim,7130029,Varsak,semt,ptt-semt
birim,7130041,Kirişçiler Köyü,tarihsel,wikidata-6360
birim,7130042,Kızıllı Köyü,tarihsel,wikidata-6360
birim,7130047,Varsak,semt,ptt-semt
birim,7130048,Odabaşı Köyü,tarihsel,wikidata-6360
birim,7130049,Dokuma,semt,ptt-semt
birim,7130052,Varsak,semt,ptt-semt
birim,7130055,Dokuma,semt,ptt-semt
birim,7130057,Varsak,semt,ptt-semt
birim,7130058,Varsak,semt,ptt-semt
birim,7130059,Varsak,semt,ptt-semt
birim,7130064,Dokuma,semt,ptt-semt
birim,7130066,Dokuma,semt,ptt-semt
birim,7130067,Dokuma,semt,ptt-semt
birim,7130068,Varsak,semt,ptt-semt
birim,7140001,Akdamlar Köyü,tarihsel,wikidata-6360
birim,7140005,Aşağıkaraman Köyü,tarihsel,wikidata-6360
birim,7140007,Bahtılı Köyü,tarihsel,wikidata-6360
birim,7140008,Çağlarca Köyü,tarihsel,wikidata-6360
birim,7140010,Çitdibi Köyü,tarihsel,wikidata-6360
birim,7140015,Geyikbayırı Köyü,tarihsel,wikidata-6360
birim,7140019,Hacısekililer Köyü,tarihsel,wikidata-6360
birim,7140020,Hisarçandır Köyü,tarihsel,wikidata-6360
birim,7140022,Karatepe Köyü,tarihsel,wikidata-6360
birim,7140035,Üçoluk Köyü,tarihsel,wikidata-6360
birim,7150001,Akyar Köyü,tarihsel,wikidata-6360
birim,7150004,Avdan Köyü,tarihsel,wikidata-6360
birim,7150005,Bahçeyaka Köyü,tarihsel,wikidata-6360
birim,7150006,Bayat Köyü,tarihsel,wikidata-6360
birim,7150007,Bayatbademleri Köyü,tarihsel,wikidata-6360
birim,7150008,Beğiş Köyü,tarihsel,wikidata-6360
birim,7150011,Çaykenarı Köyü,tarihsel,wikidata-6360
birim,7150012,Çıvgalar Köyü,tarihsel,wikidata-6360
birim,7150014,Çukurca Köyü,tarihsel,wikidata-6360
birim,7150015,Dereköy Köyü,tarihsel,wikidata-6360
birim,7150017,Esenyurt Köyü,tarihsel,wikidata-6360
birim,7150018,Garipce Köyü,tarihsel,wikidata-6360
birim,7150019,Göçerler Köyü,tarihsel,wikidata-6360
birim,7150020,Güzle Köyü,tarihsel,wikidata-6360
birim,7150021,İmecik Köyü,tarihsel,wikidata-6360
birim,7150022,İmrahor Köyü,tarihsel,wikidata-6360
birim,7150023,Karabayır Köyü,tarihsel,wikidata-6360
birim,7150024,Karakuyu Köyü,tarihsel,wikidata-6360
birim,7150025,Karataş Köyü,tarihsel,wikidata-6360
birim,7150026,Kargalık Köyü,tarihsel,wikidata-6360
birim,7150027,Kargın Köyü,tarihsel,wikidata-6360
birim,7150029,Kayabaş Köyü,tarihsel,wikidata-6360
birim,7150030,Kemerağzı Köyü,tarihsel,wikidata-6360
birim,7150031,Kevzer Köyü,tarihsel,wikidata-6360
birim,7150033,Kırkpınar Köyü,tarihsel,wikidata-6360
birim,7150034,Kızılaliler Köyü,tarihsel,wikidata-6360
birim,7150035,Kızılcadağ Köyü,tarihsel,wikidata-6360
birim,7150036,Köseler Köyü,tarihsel,wikidata-6360
birim,7150037,Kozağacı Köyü,tarihsel,wikidata-6360
birim,7150039,Küçüklü Köyü,tarihsel,wikidata-6360
birim,7150040,Leylek Köyü,tarihsel,wikidata-6360
birim,7150041,Mamatlar Köyü,tarihsel,wikidata-6360
birim,7150042,Manay Köyü,tarihsel,wikidata-6360
birim,7150043,Nebiler Köyü,tarihsel,wikidata-6360
birim,7150044,Osmankalfalar Köyü,tarihsel,wikidata-6360
birim,7150045,Sımandır Köyü,tarihsel,wikidata-6360
birim,7150046,Söğütcük Köyü,tarihsel,wikidata-6360
birim,7150047,Sülekler Köyü,tarihsel,wikidata-6360
birim,7150048,Taşkesiği Köyü,tarihsel,wikidata-6360
birim,7150049,Tatköy Köyü,tarihsel,wikidata-6360
birim,7150052,Yazır Köyü,tarihsel,wikidata-6360
birim,7150053,Yeleme Köyü,tarihsel,wikidata-6360
birim,7150056,Yeşiloba Köyü,tarihsel,wikidata-6360
birim,7150058,Yukarıkaraman Köyü,tarihsel,wikidata-6360
birim,7160002,Altınyaka Köyü,tarihsel,wikidata-6360
birim,7160004,Belen Köyü,tarihsel,wikidata-6360
birim,7160005,Beşikçi Köyü,tarihsel,wikidata-6360
birim,7160007,Büyükalan Köyü,tarihsel,wikidata-6360
birim,7160008,Çaltı Köyü,tarihsel,wikidata-6360
birim,7160009,Çayiçi Köyü,tarihsel,wikidata-6360
birim,7160011,Dereköy Köyü,tarihsel,wikidata-6360
birim,7160013,Erentepe Köyü,tarihsel,wikidata-6360
birim,7160016,Gölcük Köyü,tarihsel,wikidata-6360
birim,7160017,Güzören Köyü,tarihsel,wikidata-6360
birim,7160018,Hacıveliler Köyü,tarihsel,wikidata-6360
birim,7160019,Hızırkahya Köyü,tarihsel,wikidata-6360
birim,7160020,İncircik Köyü,tarihsel,wikidata-6360
birim,7160022,Karacaören Köyü,tarihsel,wikidata-6360
birim,7160025,Kavakköy Köyü,tarihsel,wikidata-6360
birim,7160027,Kuzca Köyü,tarihsel,wikidata-6360
birim,7160032,Ortaköy Köyü,tarihsel,wikidata-6360
birim,7160033,Salur Köyü,tarihsel,wikidata-6360
birim,7160037,Toptaş Köyü,tarihsel,wikidata-6360
birim,7160040,Yenikışla Köyü,tarihsel,wikidata-6360
birim,7170003,Ahmetler Köyü,tarihsel,wikidata-6360
birim,7170004,Aksaz Köyü,tarihsel,wikidata-6360
birim,7170005,Altınkaya Köyü,tarihsel,wikidata-6360
birim,7170006,Aşağıışıklar Köyü,tarihsel,wikidata-6360
birim,7170009,Ballıbucak Köyü,tarihsel,wikidata-6360
birim,7170010,Belenobası Köyü,tarihsel,wikidata-6360
birim,7170011,Bereket Köyü,tarihsel,wikidata-6360
birim,7170012,Beşkonak Köyü,tarihsel,wikidata-6360
birim,7170013,Beydiğin Köyü,tarihsel,wikidata-6360
birim,7170014,Boztepe Köyü,tarihsel,wikidata-6360
birim,7170015,Bucakşeyhler Köyü,tarihsel,wikidata-6360
birim,7170016,Büklüce Köyü,tarihsel,wikidata-6360
birim,7170017,Burmahan Köyü,tarihsel,wikidata-6360
birim,7170019,Çakış Köyü,tarihsel,wikidata-6360
birim,7170020,Çaltepe Köyü,tarihsel,wikidata-6360
birim,7170021,Çardakköy Köyü,tarihsel,wikidata-6360
birim,7170022,Çavuşköy Köyü,tarihsel,wikidata-6360
birim,7170023,Çayyazı Köyü,tarihsel,wikidata-6360
birim,7170024,Çeltikçi Köyü,tarihsel,wikidata-6360
birim,7170025,Çenger Köyü,tarihsel,wikidata-6360
birim,7170026,Cevizler Köyü,tarihsel,wikidata-6360
birim,7170028,Değirmenözü Köyü,tarihsel,wikidata-6360
birim,7170029,Demirciler Köyü,tarihsel,wikidata-6360
birim,7170030,Denizkent Köyü,tarihsel,wikidata-6360
birim,7170031,Denizyaka Köyü,tarihsel,wikidata-6360
birim,7170032,Dikmen Köyü,tarihsel,wikidata-6360
birim,7170033,Doğançam Köyü,tarihsel,wikidata-6360
birim,7170034,Dolbazlar Köyü,tarihsel,wikidata-6360
birim,7170035,Düzağaç Köyü,tarihsel,wikidata-6360
birim,7170038,Evrenleryavşı Köyü,tarihsel,wikidata-6360
birim,7170040,Gaziler Köyü,tarihsel,wikidata-6360
birim,7170041,Gebece Köyü,tarihsel,wikidata-6360
birim,7170042,Gençler Köyü,tarihsel,wikidata-6360
birim,7170043,Gültepe Köyü,tarihsel,wikidata-6360
birim,7170045,Güzelyalı Köyü,tarihsel,wikidata-6360
birim,7170046,Hacıali Köyü,tarihsel,wikidata-6360
birim,7170047,Hacıisalı Köyü,tarihsel,wikidata-6360
birim,7170048,Hacıobası Köyü,tarihsel,wikidata-6360
birim,7170049,Halitağalar Köyü,tarihsel,wikidata-6360
birim,7170050,Hatipler Köyü,tarihsel,wikidata-6360
birim,7170051,Hocalar Köyü,tarihsel,wikidata-6360
birim,7170052,Hocalı Köyü,tarihsel,wikidata-6360
birim,7170054,Kadılar Köyü,tarihsel,wikidata-6360
birim,7170055,Kalemler Köyü,tarihsel,wikidata-6360
birim,7170056,Karabucak Köyü,tarihsel,wikidata-6360
birim,7170057,Karabük Köyü,tarihsel,wikidata-6360
birim,7170058,Karacalar Köyü,tarihsel,wikidata-6360
birim,7170059,Karakaya Köyü,tarihsel,wikidata-6360
birim,7170060,Karaöz Köyü,tarihsel,wikidata-6360
birim,7170061,Karavca Köyü,tarihsel,wikidata-6360
birim,7170064,Kırkkavak Köyü,tarihsel,wikidata-6360
birim,7170065,Kısalar Köyü,tarihsel,wikidata-6360
birim,7170067,Kızıldağ Köyü,tarihsel,wikidata-6360
birim,7170071,Namaras Köyü,tarihsel,wikidata-6360
birim,7170072,Odaönü Köyü,tarihsel,wikidata-6360
birim,7170073,Örenşehir Köyü,tarihsel,wikidata-6360
birim,7170076,Perakende Köyü,tarihsel,wikidata-6360
birim,7170077,Sağırin Köyü,tarihsel,wikidata-6360
birim,7170079,Salur Köyü,tarihsel,wikidata-6360
birim,7170081,Saraçlı Köyü,tarihsel,wikidata-6360
birim,7170084,Sevinçköy Köyü,tarihsel,wikidata-6360
birim,7170085,Seydiler Köyü,tarihsel,wikidata-6360
birim,7170087,Sırtköy Köyü,tarihsel,wikidata-6360
birim,7170088,Şişeler Köyü,tarihsel,wikidata-6360
birim,7170090,Sülek Köyü,tarihsel,wikidata-6360
birim,7170092,Taşkesiği Köyü,tarihsel,wikidata-6360
birim,7170093,Tepeköy Köyü,tarihsel,wikidata-6360
birim,7170094,Tilkiler Köyü,tarihsel,wikidata-6360
birim,7170095,Ulukapı Köyü,tarihsel,wikidata-6360
birim,7170096,Uzunkale Köyü,tarihsel,wikidata-6360
birim,7170097,Uzunlar Köyü,tarihsel,wikidata-6360
birim,7170100,Yalçıdibi Köyü,tarihsel,wikidata-6360
birim,7170101,Yavrudoğan Köyü,tarihsel,wikidata-6360
birim,7170103,Yaylaalan Köyü,tarihsel,wikidata-6360
birim,7170104,Yeniköy Köyü,tarihsel,wikidata-6360
birim,7170105,Yeşilbağ Köyü,tarihsel,wikidata-6360
birim,7170106,Yukarıışıklar Köyü,tarihsel,wikidata-6360
birim,7180003,Çarşı,semt,ptt-semt
birim,7180006,Lara,semt,ptt-semt
birim,7180008,Eskisanayi,semt,ptt-semt
birim,7180012,Eskisanayi,semt,ptt-semt
birim,7180013,Çarşı,semt,ptt-semt
birim,7180014,Lara,semt,ptt-semt
birim,7180015,Eskisanayi,semt,ptt-semt
birim,7180020,Lara,semt,ptt-semt
birim,7180021,Lara,semt,ptt-semt
birim,7180026,Çarşı,semt,ptt-semt
birim,7180028,Çarşı,semt,ptt-semt
birim,7180030,Eskisanayi,semt,ptt-semt
birim,7180035,Eskisanayi,semt,ptt-semt
birim,7180036,Eskisanayi,semt,ptt-semt
birim,7180041,Çarşı,semt,ptt-semt
birim,7180045,Çarşı,semt,ptt-semt
birim,7180047,Lara,semt,ptt-semt
birim,7190002,Akbaş Köyü,tarihsel,wikidata-6360
birim,7190004,Akçapınar Köyü,tarihsel,wikidata-6360
birim,7190005,Alacami Köyü,tarihsel,wikidata-6360
birim,7190006,Aşağıçatma Köyü,tarihsel,wikidata-6360
birim,7190007,Aşağıkocayatak Köyü,tarihsel,wikidata-6360
birim,7190008,Aşağıoba Köyü,tarihsel,wikidata-6360
birim,7190012,Berendi Köyü,tarihsel,wikidata-6360
birim,7190013,Bilginler Köyü,tarihsel,wikidata-6360
birim,7190015,Bozdoğan Köyü,tarihsel,wikidata-6360
birim,7190016,Bucakköy Köyü,tarihsel,wikidata-6360
birim,7190017,Büğüş Köyü,tarihsel,wikidata-6360
birim,7190018,Burmahancı Köyü,tarihsel,wikidata-6360
birim,7190019,Çakallık Köyü,tarihsel,wikidata-6360
birim,7190020,Çanakçı Köyü,tarihsel,wikidata-6360
birim,7190022,Çatallar Köyü,tarihsel,wikidata-6360
birim,7190023,Cumalı Köyü,tarihsel,wikidata-6360
birim,7190025,Demirciler Köyü,tarihsel,wikidata-6360
birim,7190026,Deniztepesi Köyü,tarihsel,wikidata-6360
birim,7190027,Dikmen Köyü,tarihsel,wikidata-6360
birim,7190028,Dorumlar Köyü,tarihsel,wikidata-6360
birim,7190029,Eminceler Köyü,tarihsel,wikidata-6360
birim,7190030,Eskiyürük Köyü,tarihsel,wikidata-6360
birim,7190031,Etler Köyü,tarihsel,wikidata-6360
birim,7190033,Gedik Köyü,tarihsel,wikidata-6360
birim,7190034,Gökçepınar Köyü,tarihsel,wikidata-6360
birim,7190035,Hacıosmanlar Köyü,tarihsel,wikidata-6360
birim,7190036,Hasdümen Köyü,tarihsel,wikidata-6360
birim,7190037,Haskızılören Köyü,tarihsel,wikidata-6360
birim,7190038,Haspınar Köyü,tarihsel,wikidata-6360
birim,7190041,Karataş Köyü,tarihsel,wikidata-6360
birim,7190042,Karıncalı Köyü,tarihsel,wikidata-6360
birim,7190043,Kayaburnu Köyü,tarihsel,wikidata-6360
birim,7190044,Kırbaş Köyü,tarihsel,wikidata-6360
birim,7190046,Kozağacı Köyü,tarihsel,wikidata-6360
birim,7190047,Kozan Köyü,tarihsel,wikidata-6360
birim,7190048,Kürüş Köyü,tarihsel,wikidata-6360
birim,7190049,Kuşlar Köyü,tarihsel,wikidata-6360
birim,7190051,Nebiler Köyü,tarihsel,wikidata-6360
birim,7190053,Pınarcık Köyü,tarihsel,wikidata-6360
birim,7190054,Sarıabalı Köyü,tarihsel,wikidata-6360
birim,7190055,Şatırlı Köyü,tarihsel,wikidata-6360
birim,7190056,Tekke Köyü,tarihsel,wikidata-6360
birim,7190057,Töngüşlü Köyü,tarihsel,wikidata-6360
birim,7190058,Üründü Köyü,tarihsel,wikidata-6360
birim,7190059,Yanköy Köyü,tarihsel,wikidata-6360
birim,7190061,Yeşilvadi Köyü,tarihsel,wikidata-6360
birim,7190062,Yeşilyurt Köyü,tarihsel,wikidata-6360
birim,7190063,Yukarıçatma Köyü,tarihsel,wikidata-6360
birim,7190065,Yumaklar Köyü,tarihsel,wikidata-6360
birim,8040005,Sugören Köyü,tarihsel,wikidata-6360
birim,8060001,Artvin,semt,ptt-semt
birim,8060002,Artvin,semt,ptt-semt
birim,8060003,Artvin,semt,ptt-semt
birim,8060004,Artvin,semt,ptt-semt
birim,8060005,Artvin,semt,ptt-semt
birim,8060006,Artvin,semt,ptt-semt
birim,8060006,Orta Köyü,tarihsel,wikidata-6360
birim,8060007,Artvin,semt,ptt-semt
birim,8070001,Göktaş,semt,ptt-semt
birim,9010002,Akseki Köyü,tarihsel,wikidata-6360
birim,9010003,Akyaka Köyü,tarihsel,wikidata-6360
birim,9010004,Alamut Köyü,tarihsel,wikidata-6360
birim,9010005,Alhisar Köyü,tarihsel,wikidata-6360
birim,9010006,Altıntaş Köyü,tarihsel,wikidata-6360
birim,9010007,Amasya Köyü,tarihsel,wikidata-6360
birim,9010008,Asma Köyü,tarihsel,wikidata-6360
birim,9010009,Başalan Köyü,tarihsel,wikidata-6360
birim,9010010,Çamlıdere Köyü,tarihsel,wikidata-6360
birim,9010013,Dömen Köyü,tarihsel,wikidata-6360
birim,9010014,Dutağaç Köyü,tarihsel,wikidata-6360
birim,9010016,Güney Köyü,tarihsel,wikidata-6360
birim,9010017,Güneyyaka Köyü,tarihsel,wikidata-6360
birim,9010018,Güre Köyü,tarihsel,wikidata-6360
birim,9010019,Güvenir Köyü,tarihsel,wikidata-6360
birim,9010020,Haydere Köyü,tarihsel,wikidata-6360
birim,9010023,Hışımlar Köyü,tarihsel,wikidata-6360
birim,9010024,Kakkalan Köyü,tarihsel,wikidata-6360
birim,9010025,Kamışlar Köyü,tarihsel,wikidata-6360
birim,9010026,Karaahmetler Köyü,tarihsel,wikidata-6360
birim,9010028,Kavaklı Köyü,tarihsel,wikidata-6360
birim,9010029,Kazandere Köyü,tarihsel,wikidata-6360
birim,9010030,Kemer Köyü,tarihsel,wikidata-6360
birim,9010031,Kılavuzlar Köyü,tarihsel,wikidata-6360
birim,9010032,Kızılca Köyü,tarihsel,wikidata-6360
birim,9010033,Kızıltepe Köyü,tarihsel,wikidata-6360
birim,9010034,Konaklı Köyü,tarihsel,wikidata-6360
birim,9010035,Körteke Köyü,tarihsel,wikidata-6360
birim,9010036,Koyuncular Köyü,tarihsel,wikidata-6360
birim,9010038,Olukbaşı Köyü,tarihsel,wikidata-6360
birim,9010039,Örencik Köyü,tarihsel,wikidata-6360
birim,9010040,Örentaht Köyü,tarihsel,wikidata-6360
birim,9010041,Örmepınar Köyü,tarihsel,wikidata-6360
birim,9010042,Örtülü Köyü,tarihsel,wikidata-6360
birim,9010043,Osmaniye Köyü,tarihsel,wikidata-6360
birim,9010044,Pınarlı Köyü,tarihsel,wikidata-6360
birim,9010045,Seki Köyü,tarihsel,wikidata-6360
birim,9010046,Sırma Köyü,tarihsel,wikidata-6360
birim,9010047,Tütüncüler Köyü,tarihsel,wikidata-6360
birim,9010048,Yaka Köyü,tarihsel,wikidata-6360
birim,9010052,Yeniköy Köyü,tarihsel,wikidata-6360
birim,9010053,Yeşil Yenice Köyü,tarihsel,wikidata-6360
birim,9010054,Yeşilçam Köyü,tarihsel,wikidata-6360
birim,9010055,Ziyaretli Köyü,tarihsel,wikidata-6360
birim,9020001,Ericek Köyü,tarihsel,wikidata-6360
birim,9020001,Çubukdağı,semt,ptt-semt
birim,9020002,Feslek Köyü,tarihsel,wikidata-6360
birim,9020002,Çubukdağı,semt,ptt-semt
birim,9020003,Gelenbe Köyü,tarihsel,wikidata-6360
birim,9020003,Çubukdağı,semt,ptt-semt
birim,9020004,Gündoğan Köyü,tarihsel,wikidata-6360
birim,9020004,Çubukdağı,semt,ptt-semt
birim,9020005,Çubukdağı,semt,ptt-semt
birim,9020006,Çubukdağı,semt,ptt-semt
birim,9020007,Çubukdağı,semt,ptt-semt
birim,9020008,Kızıldere Köyü,tarihsel,wikidata-6360
birim,9020008,Çubukdağı,semt,ptt-semt
birim,9020009,Çubukdağı,semt,ptt-semt
birim,9020010,Muratdağı Köyü,tarihsel,wikidata-6360
birim,9020010,Çubukdağı,semt,ptt-semt
birim,9020011,Ortakçı Köyü,tarihsel,wikidata-6360
birim,9020011,Çubukdağı,semt,ptt-semt
birim,9020012,Savcıllı Köyü,tarihsel,wikidata-6360
birim,9020012,Çubukdağı,semt,ptt-semt
birim,9020013,Çubukdağı,semt,ptt-semt
birim,9020014,Çubukdağı,semt,ptt-semt
birim,9030002,Akdam Köyü,tarihsel,wikidata-6360
birim,9030003,Alabayır Köyü,tarihsel,wikidata-6360
birim,9030004,Altınabat Köyü,tarihsel,wikidata-6360
birim,9030005,Altınova Köyü,tarihsel,wikidata-6360
birim,9030006,Bağlarbaşı Köyü,tarihsel,wikidata-6360
birim,9030007,Bahçearası Köyü,tarihsel,wikidata-6360
birim,9030008,Bedirler Köyü,tarihsel,wikidata-6360
birim,9030009,Bereket Köyü,tarihsel,wikidata-6360
birim,9030010,Bölüntü Köyü,tarihsel,wikidata-6360
birim,9030011,Bucak Köyü,tarihsel,wikidata-6360
birim,9030012,Çaltı Köyü,tarihsel,wikidata-6360
birim,9030013,Camızağılı Köyü,tarihsel,wikidata-6360
birim,9030014,Çatak Köyü,tarihsel,wikidata-6360
birim,9030015,Çöğürlük Köyü,tarihsel,wikidata-6360
birim,9030016,Cumalı Köyü,tarihsel,wikidata-6360
birim,9030018,Dereli Köyü,tarihsel,wikidata-6360
birim,9030019,Doğanyurt Köyü,tarihsel,wikidata-6360
birim,9030020,Dorumlar Köyü,tarihsel,wikidata-6360
birim,9030021,Dutluoluk Köyü,tarihsel,wikidata-6360
birim,9030022,Elderesi Köyü,tarihsel,wikidata-6360
birim,9030023,Esentepe Köyü,tarihsel,wikidata-6360
birim,9030024,Eskiçine Köyü,tarihsel,wikidata-6360
birim,9030025,Evciler Köyü,tarihsel,wikidata-6360
birim,9030026,Gökyaka Köyü,tarihsel,wikidata-6360
birim,9030027,Hacıpaşalar Köyü,tarihsel,wikidata-6360
birim,9030028,Hallaçlar Köyü,tarihsel,wikidata-6360
birim,9030030,Hasanlar Köyü,tarihsel,wikidata-6360
birim,9030031,İbrahimkavağı Köyü,tarihsel,wikidata-6360
birim,9030032,Kabalar Köyü,tarihsel,wikidata-6360
birim,9030033,Kabataş Köyü,tarihsel,wikidata-6360
birim,9030034,Kadılar Köyü,tarihsel,wikidata-6360
birim,9030035,Kahraman Köyü,tarihsel,wikidata-6360
birim,9030036,Karahayıt Köyü,tarihsel,wikidata-6360
birim,9030037,Karakollar Köyü,tarihsel,wikidata-6360
birim,9030038,Karanfiller Köyü,tarihsel,wikidata-6360
birim,9030039,Karğı Köyü,tarihsel,wikidata-6360
birim,9030040,Kasar Köyü,tarihsel,wikidata-6360
birim,9030041,Kavşıt Köyü,tarihsel,wikidata-6360
birim,9030042,Kirazderesi Köyü,tarihsel,wikidata-6360
birim,9030043,Kırkışık Köyü,tarihsel,wikidata-6360
birim,9030044,Kırksakallar Köyü,tarihsel,wikidata-6360
birim,9030045,Kızılgüney Köyü,tarihsel,wikidata-6360
birim,9030046,Kuruköy Köyü,tarihsel,wikidata-6360
birim,9030047,Mutaflar Köyü,tarihsel,wikidata-6360
birim,9030048,Ovacık Köyü,tarihsel,wikidata-6360
birim,9030049,Özeren Köyü,tarihsel,wikidata-6360
birim,9030050,Sağlık Köyü,tarihsel,wikidata-6360
birim,9030051,Saraçlar Köyü,tarihsel,wikidata-6360
birim,9030052,Sarıköy Köyü,tarihsel,wikidata-6360
birim,9030054,Sarnıç Köyü,tarihsel,wikidata-6360
birim,9030055,Seferler Köyü,tarihsel,wikidata-6360
birim,9030058,Soğukoluk Köyü,tarihsel,wikidata-6360
birim,9030059,Söğütçük Köyü,tarihsel,wikidata-6360
birim,9030060,Subaşı Köyü,tarihsel,wikidata-6360
birim,9030061,Taşoluk Köyü,tarihsel,wikidata-6360
birim,9030062,Tatarmemişler Köyü,tarihsel,wikidata-6360
birim,9030063,Tepeköy Köyü,tarihsel,wikidata-6360
birim,9030064,Topçam Köyü,tarihsel,wikidata-6360
birim,9030065,Umurköy Köyü,tarihsel,wikidata-6360
birim,9030066,Ünlüce Köyü,tarihsel,wikidata-6360
birim,9030067,Yağcılar Köyü,tarihsel,wikidata-6360
birim,9030069,Yeniköy Köyü,tarihsel,wikidata-6360
birim,9030070,Yeşilköy Köyü,tarihsel,wikidata-6360
birim,9030071,Yolboyu Köyü,tarihsel,wikidata-6360
birim,9030072,Yörükler Köyü,tarihsel,wikidata-6360
birim,9040002,Yenihisar,semt,ptt-semt
birim,9040003,Yenihisar,semt,ptt-semt
birim,9040004,Yenihisar,semt,ptt-semt
birim,9040005,Yenihisar,semt,ptt-semt
birim,9040006,Yenihisar,semt,ptt-semt
birim,9040007,Yenihisar,semt,ptt-semt
birim,9040008,Yenihisar,semt,ptt-semt
birim,9040009,Yenihisar,semt,ptt-semt
birim,9040010,Yenihisar,semt,ptt-semt
birim,9040011,Yenihisar,semt,ptt-semt
birim,9040012,Yenihisar,semt,ptt-semt
birim,9040013,Yenihisar,semt,ptt-semt
birim,9040014,Yenihisar,semt,ptt-semt
birim,9040015,Yenihisar,semt,ptt-semt
birim,9040016,Yenihisar,semt,ptt-semt
birim,9050001,Sanayi,semt,ptt-semt
birim,9050002,Alanlı Köyü,tarihsel,wikidata-6360
birim,9050002,Sanayi,semt,ptt-semt
birim,9050003,Alatepe Köyü,tarihsel,wikidata-6360
birim,9050003,Çarşı,semt,ptt-semt
birim,9050004,Ambarcık Köyü,tarihsel,wikidata-6360
birim,9050004,Çarşı,semt,ptt-semt
birim,9050005,Armutlu Köyü,tarihsel,wikidata-6360
birim,9050005,Sanayi,semt,ptt-semt
birim,9050006,Aşağıkayacık Köyü,tarihsel,wikidata-6360
birim,9050007,Sanayi,semt,ptt-semt
birim,9050008,Bademli Köyü,tarihsel,wikidata-6360
birim,9050008,Sanayi,semt,ptt-semt
birim,9050009,Balıkköy Köyü,tarihsel,wikidata-6360
birim,9050009,Çarşı,semt,ptt-semt
birim,9050010,Baltaköy Köyü,tarihsel,wikidata-6360
birim,9050010,Sanayi,semt,ptt-semt
birim,9050011,Böcek Köyü,tarihsel,wikidata-6360
birim,9050011,Sanayi,semt,ptt-semt
birim,9050012,Çayyüzü Köyü,tarihsel,wikidata-6360
birim,9050013,Sanayi,semt,ptt-semt
birim,9050014,Sanayi,semt,ptt-semt
birim,9050014,Çiftlikköy Köyü,tarihsel,wikidata-6360
birim,9050015,Sanayi,semt,ptt-semt
birim,9050017,Dağeymiri Köyü,tarihsel,wikidata-6360
birim,9050017,Çarşı,semt,ptt-semt
birim,9050018,Sanayi,semt,ptt-semt
birim,9050019,Sanayi,semt,ptt-semt
birim,9050020,Danişment Köyü,tarihsel,wikidata-6360
birim,9050020,Çarşı,semt,ptt-semt
birim,9050021,Dereköy Köyü,tarihsel,wikidata-6360
birim,9050021,Sanayi,semt,ptt-semt
birim,9050022,Doğan Köyü,tarihsel,wikidata-6360
birim,9050022,Sanayi,semt,ptt-semt
birim,9050024,Eğrikavak Köyü,tarihsel,wikidata-6360
birim,9050025,Emirdoğan Köyü,tarihsel,wikidata-6360
birim,9050027,Çarşı,semt,ptt-semt
birim,9050028,Gödrenli Köyü,tarihsel,wikidata-6360
birim,9050028,Sanayi,semt,ptt-semt
birim,9050029,Gölcük Köyü,tarihsel,wikidata-6360
birim,9050030,Gölhisar Köyü,tarihsel,wikidata-6360
birim,9050030,Sanayi,semt,ptt-semt
birim,9050031,Gözpınar Köyü,tarihsel,wikidata-6360
birim,9050031,Sanayi,semt,ptt-semt
birim,9050032,Sanayi,semt,ptt-semt
birim,9050033,Çarşı,semt,ptt-semt
birim,9050034,Horozköy Köyü,tarihsel,wikidata-6360
birim,9050034,Çarşı,semt,ptt-semt
birim,9050035,Sanayi,semt,ptt-semt
birim,9050036,İlyasdere Köyü,tarihsel,wikidata-6360
birim,9050037,İmamköy Köyü,tarihsel,wikidata-6360
birim,9050038,Işıklı Köyü,tarihsel,wikidata-6360
birim,9050040,Kadıköy Köyü,tarihsel,wikidata-6360
birim,9050041,Kalfaköy Köyü,tarihsel,wikidata-6360
birim,9050041,Çarşı,semt,ptt-semt
birim,9050042,Karahayıt Köyü,tarihsel,wikidata-6360
birim,9050042,Sanayi,semt,ptt-semt
birim,9050043,Karaköy Köyü,tarihsel,wikidata-6360
birim,9050043,Sanayi,semt,ptt-semt
birim,9050044,Kardeşköy Köyü,tarihsel,wikidata-6360
birim,9050045,Çarşı,semt,ptt-semt
birim,9050046,Kenger Köyü,tarihsel,wikidata-6360
birim,9050046,Sanayi,semt,ptt-semt
birim,9050047,Kırıklar Köyü,tarihsel,wikidata-6360
birim,9050047,Sanayi,semt,ptt-semt
birim,9050048,Kızılcaköy Köyü,tarihsel,wikidata-6360
birim,9050048,Çarşı,semt,ptt-semt
birim,9050049,Kocagür Köyü,tarihsel,wikidata-6360
birim,9050050,Konuklu Köyü,tarihsel,wikidata-6360
birim,9050050,Çarşı,semt,ptt-semt
birim,9050051,Çarşı,semt,ptt-semt
birim,9050052,Kozalaklı Köyü,tarihsel,wikidata-6360
birim,9050052,Sanayi,semt,ptt-semt
birim,9050053,Kuloğullar Köyü,tarihsel,wikidata-6360
birim,9050053,Sanayi,semt,ptt-semt
birim,9050055,Kuyucular Köyü,tarihsel,wikidata-6360
birim,9050056,Kuyulu Köyü,tarihsel,wikidata-6360
birim,9050057,Sanayi,semt,ptt-semt
birim,9050058,Çarşı,semt,ptt-semt
birim,9050059,Çarşı,semt,ptt-semt
birim,9050060,Mesutlu Köyü,tarihsel,wikidata-6360
birim,9050060,Sanayi,semt,ptt-semt
birim,9050061,Çarşı,semt,ptt-semt
birim,9050062,Musluca Köyü,tarihsel,wikidata-6360
birim,9050063,Sanayi,semt,ptt-semt
birim,9050064,Ortaköy Köyü,tarihsel,wikidata-6360
birim,9050067,Pınardere Köyü,tarihsel,wikidata-6360
birim,9050068,Sanayi,semt,ptt-semt
birim,9050068,Şahnalı Köyü,tarihsel,wikidata-6360
birim,9050069,Sanayi,semt,ptt-semt
birim,9050069,Savrandere Köyü,tarihsel,wikidata-6360
birim,9050070,Serçeköy Köyü,tarihsel,wikidata-6360
birim,9050071,Şevketiye Köyü,tarihsel,wikidata-6360
birim,9050072,Sanayi,semt,ptt-semt
birim,9050072,Sıralılar Köyü,tarihsel,wikidata-6360
birim,9050073,Sanayi,semt,ptt-semt
birim,9050074,Sanayi,semt,ptt-semt
birim,9050074,Tepeköy Köyü,tarihsel,wikidata-6360
birim,9050075,Terziler Köyü,tarihsel,wikidata-6360
birim,9050077,Sanayi,semt,ptt-semt
birim,9050077,Yağcılar Köyü,tarihsel,wikidata-6360
birim,9050079,Sanayi,semt,ptt-semt
birim,9050079,Yılmazköy Köyü,tarihsel,wikidata-6360
birim,9050080,Yukarıkayacık Köyü,tarihsel,wikidata-6360
birim,9050081,Sanayi,semt,ptt-semt
birim,9050083,Zeytinköy Köyü,tarihsel,wikidata-6360
birim,9050083,Çarşı,semt,ptt-semt
birim,9050084,Sanayi,semt,ptt-semt
birim,9060001,Abdurrahmanlar Köyü,tarihsel,wikidata-6360
birim,9060002,Alangüllü Köyü,tarihsel,wikidata-6360
birim,9060003,Balatçık Köyü,tarihsel,wikidata-6360
birim,9060004,Bozköy Köyü,tarihsel,wikidata-6360
birim,9060006,Çamköy Köyü,tarihsel,wikidata-6360
birim,9060007,Çarıklar Köyü,tarihsel,wikidata-6360
birim,9060008,Dağkaraağaç Köyü,tarihsel,wikidata-6360
birim,9060009,Dağyeni Köyü,tarihsel,wikidata-6360
birim,9060010,Dampınar Köyü,tarihsel,wikidata-6360
birim,9060011,Dereköy Köyü,tarihsel,wikidata-6360
birim,9060012,Gümüşköy Köyü,tarihsel,wikidata-6360
birim,9060013,Gümüşyeniköy Köyü,tarihsel,wikidata-6360
birim,9060014,Habibler Köyü,tarihsel,wikidata-6360
birim,9060017,Karaağaçlı Köyü,tarihsel,wikidata-6360
birim,9060018,Kızılcagedik Köyü,tarihsel,wikidata-6360
birim,9060019,Kızılcapınar Köyü,tarihsel,wikidata-6360
birim,9060020,Meşeli Köyü,tarihsel,wikidata-6360
birim,9060022,Moralı Köyü,tarihsel,wikidata-6360
birim,9060024,Naipli Köyü,tarihsel,wikidata-6360
birim,9060025,Neşetiye Köyü,tarihsel,wikidata-6360
birim,9060026,Ömerbeyli Köyü,tarihsel,wikidata-6360
birim,9060029,Reisköy Köyü,tarihsel,wikidata-6360
birim,9060030,Selatin Köyü,tarihsel,wikidata-6360
birim,9060031,Tekin Köyü,tarihsel,wikidata-6360
birim,9060032,Turanlar Köyü,tarihsel,wikidata-6360
birim,9060033,Üzümlü Köyü,tarihsel,wikidata-6360
birim,9060034,Uzunkum Köyü,tarihsel,wikidata-6360
birim,9070002,Akçeşme Köyü,tarihsel,wikidata-6360
birim,9070003,Arpadere Köyü,tarihsel,wikidata-6360
birim,9070004,Arzular Köyü,tarihsel,wikidata-6360
birim,9070006,Beyköy Köyü,tarihsel,wikidata-6360
birim,9070008,Dereağzı Köyü,tarihsel,wikidata-6360
birim,9070009,Eğrek Köyü,tarihsel,wikidata-6360
birim,9070010,Erbeyli Köyü,tarihsel,wikidata-6360
birim,9070011,Gerenkova Köyü,tarihsel,wikidata-6360
birim,9070012,Hacıaliobası Köyü,tarihsel,wikidata-6360
birim,9070013,Hamitler Köyü,tarihsel,wikidata-6360
birim,9070015,İkizdere Köyü,tarihsel,wikidata-6360
birim,9070016,İsafakılar Köyü,tarihsel,wikidata-6360
birim,9070018,Karabağ Köyü,tarihsel,wikidata-6360
birim,9070019,Karagözler Köyü,tarihsel,wikidata-6360
birim,9070020,Köprüova Köyü,tarihsel,wikidata-6360
birim,9070022,Osmanbükü Köyü,tarihsel,wikidata-6360
birim,9070023,Palamutköy Köyü,tarihsel,wikidata-6360
birim,9070024,Sandıklı Köyü,tarihsel,wikidata-6360
birim,9070025,Sınırteke Köyü,tarihsel,wikidata-6360
birim,9070026,Şirindere Köyü,tarihsel,wikidata-6360
birim,9070027,Yazıdere Köyü,tarihsel,wikidata-6360
birim,9080001,Alemler Köyü,tarihsel,wikidata-6360
birim,9080002,Aşağıgörle Köyü,tarihsel,wikidata-6360
birim,9080004,Ataköy Köyü,tarihsel,wikidata-6360
birim,9080005,Bahçeköy Köyü,tarihsel,wikidata-6360
birim,9080007,Bingeç Köyü,tarihsel,wikidata-6360
birim,9080010,Çamarası Köyü,tarihsel,wikidata-6360
birim,9080011,Çamköy Köyü,tarihsel,wikidata-6360
birim,9080013,Dedeler Köyü,tarihsel,wikidata-6360
birim,9080014,Dereköy Köyü,tarihsel,wikidata-6360
birim,9080015,Dikmen Köyü,tarihsel,wikidata-6360
birim,9080016,Esençay Köyü,tarihsel,wikidata-6360
birim,9080018,Görle Köyü,tarihsel,wikidata-6360
birim,9080019,Güzelbeyli Köyü,tarihsel,wikidata-6360
birim,9080020,Güzelköy Köyü,tarihsel,wikidata-6360
birim,9080021,Hacıhıdırlar Köyü,tarihsel,wikidata-6360
birim,9080022,Işıklar Köyü,tarihsel,wikidata-6360
birim,9080023,Karabağlar Köyü,tarihsel,wikidata-6360
birim,9080024,Karacaören Köyü,tarihsel,wikidata-6360
birim,9080026,Nargedik Köyü,tarihsel,wikidata-6360
birim,9080027,Palamutçuk Köyü,tarihsel,wikidata-6360
birim,9080028,Tekeliler Köyü,tarihsel,wikidata-6360
birim,9080029,Tepecik Köyü,tarihsel,wikidata-6360
birim,9080030,Yaykın Köyü,tarihsel,wikidata-6360
birim,9080032,Yazır Köyü,tarihsel,wikidata-6360
birim,9080034,Yeniköy Köyü,tarihsel,wikidata-6360
birim,9080035,Yeşilköy Köyü,tarihsel,wikidata-6360
birim,9080036,Yeşilyurt Köyü,tarihsel,wikidata-6360
birim,9080037,Yolaltı Köyü,tarihsel,wikidata-6360
birim,9080038,Yolüstü Köyü,tarihsel,wikidata-6360
birim,9090001,Abak Köyü,tarihsel,wikidata-6360
birim,9090002,Akçaabat Köyü,tarihsel,wikidata-6360
birim,9090004,Çobanisa Köyü,tarihsel,wikidata-6360
birim,9090005,Cumalar Köyü,tarihsel,wikidata-6360
birim,9090006,Ektirli Köyü,tarihsel,wikidata-6360
birim,9090007,Gölcük Köyü,tarihsel,wikidata-6360
birim,9090008,Güney Köyü,tarihsel,wikidata-6360
birim,9090009,Hatıpkışla Köyü,tarihsel,wikidata-6360
birim,9090010,Işıklar Köyü,tarihsel,wikidata-6360
birim,9090011,Koğuk Köyü,tarihsel,wikidata-6360
birim,9090012,Meriçler Köyü,tarihsel,wikidata-6360
birim,9090013,Mutluca Köyü,tarihsel,wikidata-6360
birim,9090014,Ömerler Köyü,tarihsel,wikidata-6360
birim,9090016,Ovapınarı Köyü,tarihsel,wikidata-6360
birim,9090017,Şenköy Köyü,tarihsel,wikidata-6360
birim,9090018,Tekeler Köyü,tarihsel,wikidata-6360
birim,9090020,Ulukonak Köyü,tarihsel,wikidata-6360
birim,9090021,Umcular Köyü,tarihsel,wikidata-6360
birim,9090022,Yağşılar Köyü,tarihsel,wikidata-6360
birim,9100002,Akmescit Köyü,tarihsel,wikidata-6360
birim,9100005,Bağcılar Köyü,tarihsel,wikidata-6360
birim,9100006,Birci Köyü,tarihsel,wikidata-6360
birim,9100008,Boğaziçi Köyü,tarihsel,wikidata-6360
birim,9100009,Boydere Köyü,tarihsel,wikidata-6360
birim,9100010,Büyükdere Köyü,tarihsel,wikidata-6360
birim,9100011,Çakırbeyli Köyü,tarihsel,wikidata-6360
birim,9100012,Çakmar Köyü,tarihsel,wikidata-6360
birim,9100013,Çallı Köyü,tarihsel,wikidata-6360
birim,9100014,Çeşmeköy Köyü,tarihsel,wikidata-6360
birim,9100015,Cincin Köyü,tarihsel,wikidata-6360
birim,9100016,Çulhalar Köyü,tarihsel,wikidata-6360
birim,9100017,Dedeköy Köyü,tarihsel,wikidata-6360
birim,9100018,Dereköy Köyü,tarihsel,wikidata-6360
birim,9100019,Esentepe Köyü,tarihsel,wikidata-6360
birim,9100020,Evsekler Köyü,tarihsel,wikidata-6360
birim,9100021,Gaffarlar Köyü,tarihsel,wikidata-6360
birim,9100022,Gözkaya Köyü,tarihsel,wikidata-6360
birim,9100023,Güdüşlü Köyü,tarihsel,wikidata-6360
birim,9100025,Hacıhamzalar Köyü,tarihsel,wikidata-6360
birim,9100026,Halilbeyli Köyü,tarihsel,wikidata-6360
birim,9100027,Haydarlı Köyü,tarihsel,wikidata-6360
birim,9100028,Karaağaç Köyü,tarihsel,wikidata-6360
birim,9100029,Karacaören Köyü,tarihsel,wikidata-6360
birim,9100030,Karadut Köyü,tarihsel,wikidata-6360
birim,9100031,Kasaplar Köyü,tarihsel,wikidata-6360
birim,9100032,Kızılcabölük Köyü,tarihsel,wikidata-6360
birim,9100033,Kızılkaya Köyü,tarihsel,wikidata-6360
birim,9100034,Kullar Köyü,tarihsel,wikidata-6360
birim,9100035,Kuşlarbelen Köyü,tarihsel,wikidata-6360
birim,9100036,Mersinbelen Köyü,tarihsel,wikidata-6360
birim,9100037,Orhaniye Köyü,tarihsel,wikidata-6360
birim,9100039,Şahinciler Köyü,tarihsel,wikidata-6360
birim,9100040,Sapalan Köyü,tarihsel,wikidata-6360
birim,9100041,Satılar Köyü,tarihsel,wikidata-6360
birim,9100042,Şenköy Köyü,tarihsel,wikidata-6360
birim,9100043,Sobuca Köyü,tarihsel,wikidata-6360
birim,9100044,Taşköy Köyü,tarihsel,wikidata-6360
birim,9100045,Tekeli Köyü,tarihsel,wikidata-6360
birim,9100046,Tığıllar Köyü,tarihsel,wikidata-6360
birim,9100047,Timinciler Köyü,tarihsel,wikidata-6360
birim,9100048,Yağcıdere Köyü,tarihsel,wikidata-6360
birim,9100049,Yağhanlı Köyü,tarihsel,wikidata-6360
birim,9100052,Zeytinköy Köyü,tarihsel,wikidata-6360
birim,9110001,Ahatlar Köyü,tarihsel,wikidata-6360
birim,9110002,Akçaköy Köyü,tarihsel,wikidata-6360
birim,9110004,Baklaköy Köyü,tarihsel,wikidata-6360
birim,9110005,Başçayır Köyü,tarihsel,wikidata-6360
birim,9110006,Beyköy Köyü,tarihsel,wikidata-6360
birim,9110008,Çiftlikköy Köyü,tarihsel,wikidata-6360
birim,9110009,Cumadere Köyü,tarihsel,wikidata-6360
birim,9110010,Cumayanı Köyü,tarihsel,wikidata-6360
birim,9110011,Gökkiriş Köyü,tarihsel,wikidata-6360
birim,9110012,Gündoğan Köyü,tarihsel,wikidata-6360
birim,9110013,Güzelköy Köyü,tarihsel,wikidata-6360
birim,9110014,Ilıdağ Köyü,tarihsel,wikidata-6360
birim,9110015,Karatepe Köyü,tarihsel,wikidata-6360
birim,9110016,Ketenyeri Köyü,tarihsel,wikidata-6360
birim,9110017,Kıran Köyü,tarihsel,wikidata-6360
birim,9110018,Kızılcaköy Köyü,tarihsel,wikidata-6360
birim,9110019,Kızılcayer Köyü,tarihsel,wikidata-6360
birim,9110020,Koçak Köyü,tarihsel,wikidata-6360
birim,9110021,Menteşeler Köyü,tarihsel,wikidata-6360
birim,9110022,Mezeköy Köyü,tarihsel,wikidata-6360
birim,9110023,Ovaköy Köyü,tarihsel,wikidata-6360
birim,9110024,Sarıçam Köyü,tarihsel,wikidata-6360
birim,9110027,Uzundere Köyü,tarihsel,wikidata-6360
birim,9110028,Yavuzköy Köyü,tarihsel,wikidata-6360
birim,9120003,Caferli Köyü,tarihsel,wikidata-6360
birim,9120006,Çınarköy Köyü,tarihsel,wikidata-6360
birim,9120018,Kirazlı Köyü,tarihsel,wikidata-6360
birim,9120019,Soğucak Köyü,tarihsel,wikidata-6360
birim,9120022,Yaylaköy Köyü,tarihsel,wikidata-6360
birim,9120023,Yeniköy Köyü,tarihsel,wikidata-6360
birim,9130001,Aksaz Köyü,tarihsel,wikidata-6360
birim,9130003,Azizabat Köyü,tarihsel,wikidata-6360
birim,9130005,Belenova Köyü,tarihsel,wikidata-6360
birim,9130006,Beşeylül Köyü,tarihsel,wikidata-6360
birim,9130008,Bucakköy Köyü,tarihsel,wikidata-6360
birim,9130009,Çamdibi Köyü,tarihsel,wikidata-6360
birim,9130010,Çobanisa Köyü,tarihsel,wikidata-6360
birim,9130012,Dereköy Köyü,tarihsel,wikidata-6360
birim,9130014,Gencelli Köyü,tarihsel,wikidata-6360
birim,9130015,Gencellidere Köyü,tarihsel,wikidata-6360
birim,9130017,İğdecik Köyü,tarihsel,wikidata-6360
birim,9130018,Karapınar Köyü,tarihsel,wikidata-6360
birim,9130019,Kayran Köyü,tarihsel,wikidata-6360
birim,9130022,Musakolu Köyü,tarihsel,wikidata-6360
birim,9130024,Ören Köyü,tarihsel,wikidata-6360
birim,9130025,Ovacık Köyü,tarihsel,wikidata-6360
birim,9130026,Pamucak Köyü,tarihsel,wikidata-6360
birim,9130028,Sarıcaova Köyü,tarihsel,wikidata-6360
birim,9130029,Taşoluk Köyü,tarihsel,wikidata-6360
birim,9130032,Yaylalı Köyü,tarihsel,wikidata-6360
birim,9130034,Yeşildere Köyü,tarihsel,wikidata-6360
birim,9130035,Yöre Köyü,tarihsel,wikidata-6360
birim,9130036,Yukarıyakacık Köyü,tarihsel,wikidata-6360
birim,9140002,Aksu Köyü,tarihsel,wikidata-6360
birim,9140004,Apaklar Köyü,tarihsel,wikidata-6360
birim,9140006,Aşağıörencik Köyü,tarihsel,wikidata-6360
birim,9140007,Aşağıyakacık Köyü,tarihsel,wikidata-6360
birim,9140009,Bağcıllı Köyü,tarihsel,wikidata-6360
birim,9140010,Bayındır Köyü,tarihsel,wikidata-6360
birim,9140011,Beğerli Köyü,tarihsel,wikidata-6360
birim,9140012,Bekirler Köyü,tarihsel,wikidata-6360
birim,9140013,Bereketli Köyü,tarihsel,wikidata-6360
birim,9140014,Bozyurt Köyü,tarihsel,wikidata-6360
birim,9140016,Çatak Köyü,tarihsel,wikidata-6360
birim,9140017,Çaylı Köyü,tarihsel,wikidata-6360
birim,9140018,Çobanlar Köyü,tarihsel,wikidata-6360
birim,9140020,Dallıca Köyü,tarihsel,wikidata-6360
birim,9140021,Demirciler Köyü,tarihsel,wikidata-6360
birim,9140022,Dereağzı Köyü,tarihsel,wikidata-6360
birim,9140023,Derebaşı Köyü,tarihsel,wikidata-6360
birim,9140024,Dualar Köyü,tarihsel,wikidata-6360
birim,9140026,Durasıllı Köyü,tarihsel,wikidata-6360
birim,9140027,Esenköy Köyü,tarihsel,wikidata-6360
birim,9140028,Esentepe Köyü,tarihsel,wikidata-6360
birim,9140029,Eycelli Köyü,tarihsel,wikidata-6360
birim,9140030,Gedik Köyü,tarihsel,wikidata-6360
birim,9140031,Gedikaltı Köyü,tarihsel,wikidata-6360
birim,9140032,Güzelköy Köyü,tarihsel,wikidata-6360
birim,9140033,Hamidiye Köyü,tarihsel,wikidata-6360
birim,9140034,Hamzallı Köyü,tarihsel,wikidata-6360
birim,9140035,Hasköy Köyü,tarihsel,wikidata-6360
birim,9140036,Haydarlı Köyü,tarihsel,wikidata-6360
birim,9140037,Hisarcık Köyü,tarihsel,wikidata-6360
birim,9140039,Işıklar Köyü,tarihsel,wikidata-6360
birim,9140041,Kahvederesi Köyü,tarihsel,wikidata-6360
birim,9140043,Karahallı Köyü,tarihsel,wikidata-6360
birim,9140044,Kardeşköy Köyü,tarihsel,wikidata-6360
birim,9140046,Kavacık Köyü,tarihsel,wikidata-6360
birim,9140047,Kestel Köyü,tarihsel,wikidata-6360
birim,9140048,Ketendere Köyü,tarihsel,wikidata-6360
birim,9140049,Ketenova Köyü,tarihsel,wikidata-6360
birim,9140050,Kırcaklı Köyü,tarihsel,wikidata-6360
birim,9140051,Kızıldere Köyü,tarihsel,wikidata-6360
birim,9140052,Kocakesik Köyü,tarihsel,wikidata-6360
birim,9140053,Kozdere Köyü,tarihsel,wikidata-6360
birim,9140055,Kuşçular Köyü,tarihsel,wikidata-6360
birim,9140056,Mescitli Köyü,tarihsel,wikidata-6360
birim,9140057,Ocaklı Köyü,tarihsel,wikidata-6360
birim,9140058,Ovacık Köyü,tarihsel,wikidata-6360
birim,9140062,Rahmanlar Köyü,tarihsel,wikidata-6360
birim,9140063,Sailer Köyü,tarihsel,wikidata-6360
birim,9140064,Samailli Köyü,tarihsel,wikidata-6360
birim,9140065,Sevindikli Köyü,tarihsel,wikidata-6360
birim,9140066,Şimşelli Köyü,tarihsel,wikidata-6360
birim,9140069,Toygar Köyü,tarihsel,wikidata-6360
birim,9140071,Uzunçam Köyü,tarihsel,wikidata-6360
birim,9140072,Yalınkuyu Köyü,tarihsel,wikidata-6360
birim,9140073,Yaylapınar Köyü,tarihsel,wikidata-6360
birim,9140074,Yazırlı Köyü,tarihsel,wikidata-6360
birim,9140075,Yellice Köyü,tarihsel,wikidata-6360
birim,9140081,Yukarıörencik Köyü,tarihsel,wikidata-6360
birim,9150001,Ağaçlı Köyü,tarihsel,wikidata-6360
birim,9150002,Akçakaya Köyü,tarihsel,wikidata-6360
birim,9150003,Akçakonak Köyü,tarihsel,wikidata-6360
birim,9150004,Argavlı Köyü,tarihsel,wikidata-6360
birim,9150005,Arslanyaylası Köyü,tarihsel,wikidata-6360
birim,9150008,Avcılar Köyü,tarihsel,wikidata-6360
birim,9150009,Avşar Köyü,tarihsel,wikidata-6360
birim,9150011,Bayırdamı Köyü,tarihsel,wikidata-6360
birim,9150012,Burunköy Köyü,tarihsel,wikidata-6360
birim,9150013,Çalıköy Köyü,tarihsel,wikidata-6360
birim,9150014,Çalışlı Köyü,tarihsel,wikidata-6360
birim,9150015,Çavdar Köyü,tarihsel,wikidata-6360
birim,9150018,Demirçay Köyü,tarihsel,wikidata-6360
birim,9150019,Doğanbey Köyü,tarihsel,wikidata-6360
birim,9150021,Gölbent Köyü,tarihsel,wikidata-6360
birim,9150023,Güneyyaka Köyü,tarihsel,wikidata-6360
birim,9150024,Güzeltepe Köyü,tarihsel,wikidata-6360
birim,9150025,Karaatlı Köyü,tarihsel,wikidata-6360
birim,9150026,Karacahayıt Köyü,tarihsel,wikidata-6360
birim,9150027,Karakaya Köyü,tarihsel,wikidata-6360
birim,9150028,Kaygıllı Köyü,tarihsel,wikidata-6360
birim,9150030,Kisir Köyü,tarihsel,wikidata-6360
birim,9150032,Köprüalan Köyü,tarihsel,wikidata-6360
birim,9150033,Nalbantlar Köyü,tarihsel,wikidata-6360
birim,9150034,Özbaşı Köyü,tarihsel,wikidata-6360
birim,9150035,Pamukçular Köyü,tarihsel,wikidata-6360
birim,9150038,Sayrakçı Köyü,tarihsel,wikidata-6360
birim,9150040,Serçin Köyü,tarihsel,wikidata-6360
birim,9150041,Sofular Köyü,tarihsel,wikidata-6360
birim,9150042,Tuzburgazı Köyü,tarihsel,wikidata-6360
birim,9150043,Yamaç Köyü,tarihsel,wikidata-6360
birim,9150047,Yeniköy Köyü,tarihsel,wikidata-6360
birim,9150048,Yeşilköy Köyü,tarihsel,wikidata-6360
birim,9150049,Yuvaca Köyü,tarihsel,wikidata-6360
birim,9160003,Demirhan Köyü,tarihsel,wikidata-6360
birim,9160004,Eskihisar Köyü,tarihsel,wikidata-6360
birim,9160005,Güvendik Köyü,tarihsel,wikidata-6360
birim,9160007,İncealan Köyü,tarihsel,wikidata-6360
birim,9160008,Kabaca Köyü,tarihsel,wikidata-6360
birim,9160009,Kavaklı Köyü,tarihsel,wikidata-6360
birim,9160010,Kılavuzlar Köyü,tarihsel,wikidata-6360
birim,9160012,Malgaçemir Köyü,tarihsel,wikidata-6360
birim,9160013,Malgaçmustafa Köyü,tarihsel,wikidata-6360
birim,9160016,Uzunlar Köyü,tarihsel,wikidata-6360
birim,9160017,Yağdere Köyü,tarihsel,wikidata-6360
birim,9170001,Alhan Köyü,tarihsel,wikidata-6360
birim,9170002,Alioğullar Köyü,tarihsel,wikidata-6360
birim,9170004,Çavdar Köyü,tarihsel,wikidata-6360
birim,9170005,Çulhan Köyü,tarihsel,wikidata-6360
birim,9170006,Dereköy Köyü,tarihsel,wikidata-6360
birim,9170007,Direcik Köyü,tarihsel,wikidata-6360
birim,9170009,Donduran Köyü,tarihsel,wikidata-6360
birim,9170010,Eğridere Köyü,tarihsel,wikidata-6360
birim,9170011,Hacıköseler Köyü,tarihsel,wikidata-6360
birim,9170012,Hamzabali Köyü,tarihsel,wikidata-6360
birim,9170014,Karaçakal Köyü,tarihsel,wikidata-6360
birim,9170015,Karacaören Köyü,tarihsel,wikidata-6360
birim,9170016,Koyunlar Köyü,tarihsel,wikidata-6360
birim,9170017,Paşaköy Köyü,tarihsel,wikidata-6360
birim,10010001,Gündoğan,semt,ptt-semt
birim,10010002,Gündoğan,semt,ptt-semt
birim,10010003,Akarsu Köyü,tarihsel,wikidata-6360
birim,10010004,Akçaköy Köyü,tarihsel,wikidata-6360
birim,10010005,Aliağa Köyü,tarihsel,wikidata-6360
birim,10010007,Aslıhan Köyü,tarihsel,wikidata-6360
birim,10010008,Aslıhantepeciği Köyü,tarihsel,wikidata-6360
birim,10010009,Ataköy Köyü,tarihsel,wikidata-6360
birim,10010010,Atköy Köyü,tarihsel,wikidata-6360
birim,10010011,Aynaoğlu Köyü,tarihsel,wikidata-6360
birim,10010012,Ayşebacı Köyü,tarihsel,wikidata-6360
birim,10010013,Ayvacık Köyü,tarihsel,wikidata-6360
birim,10010014,Ayvatlar Köyü,tarihsel,wikidata-6360
birim,10010015,Bağalan Köyü,tarihsel,wikidata-6360
birim,10010016,Bahçedere Köyü,tarihsel,wikidata-6360
birim,10010018,Balıklı Köyü,tarihsel,wikidata-6360
birim,10010019,Bayat Köyü,tarihsel,wikidata-6360
birim,10010020,Bereketli Köyü,tarihsel,wikidata-6360
birim,10010021,Beşpınar Köyü,tarihsel,wikidata-6360
birim,10010022,Boğatepe Köyü,tarihsel,wikidata-6360
birim,10010023,Bozen Köyü,tarihsel,wikidata-6360
birim,10010024,Büyükbostancı Köyü,tarihsel,wikidata-6360
birim,10010025,Çakıllık Köyü,tarihsel,wikidata-6360
birim,10010026,Çamköy Köyü,tarihsel,wikidata-6360
birim,10010027,Çandır Köyü,tarihsel,wikidata-6360
birim,10010028,Çayırhisar Köyü,tarihsel,wikidata-6360
birim,10010029,Çiftçidere Köyü,tarihsel,wikidata-6360
birim,10010030,Çiftlikköy Köyü,tarihsel,wikidata-6360
birim,10010031,Çınarlıdere Köyü,tarihsel,wikidata-6360
birim,10010032,Cinge Köyü,tarihsel,wikidata-6360
birim,10010033,Çukurhüseyin Köyü,tarihsel,wikidata-6360
birim,10010034,Dallımandıra Köyü,tarihsel,wikidata-6360
birim,10010035,Dedeburnu Köyü,tarihsel,wikidata-6360
birim,10010036,Dereçiftlik Köyü,tarihsel,wikidata-6360
birim,10010037,Dereköy Köyü,tarihsel,wikidata-6360
birim,10010039,Dişbudak Köyü,tarihsel,wikidata-6360
birim,10010040,Ertuğrul Köyü,tarihsel,wikidata-6360
birim,10010042,Gökçeören Köyü,tarihsel,wikidata-6360
birim,10010043,Gökköy Köyü,tarihsel,wikidata-6360
birim,10010044,Gündoğan,semt,ptt-semt
birim,10010046,Halalca Köyü,tarihsel,wikidata-6360
birim,10010048,İnkaya Köyü,tarihsel,wikidata-6360
birim,10010049,Kabaklı Köyü,tarihsel,wikidata-6360
birim,10010050,Karabeyler Köyü,tarihsel,wikidata-6360
birim,10010051,Karakavak Köyü,tarihsel,wikidata-6360
birim,10010052,Karakaya Köyü,tarihsel,wikidata-6360
birim,10010053,Karaman Köyü,tarihsel,wikidata-6360
birim,10010054,Karamanlar Köyü,tarihsel,wikidata-6360
birim,10010056,Kesirven Köyü,tarihsel,wikidata-6360
birim,10010057,Kılcılar Köyü,tarihsel,wikidata-6360
birim,10010058,Kirazköy Köyü,tarihsel,wikidata-6360
birim,10010059,Kirazpınar Köyü,tarihsel,wikidata-6360
birim,10010060,Konakpınar Köyü,tarihsel,wikidata-6360
birim,10010061,Köseler Köyü,tarihsel,wikidata-6360
birim,10010062,Köylü Köyü Köyü,tarihsel,wikidata-6360
birim,10010063,Kozderegüvem Köyü,tarihsel,wikidata-6360
birim,10010064,Kozören Köyü,tarihsel,wikidata-6360
birim,10010065,Küçükbostancı Köyü,tarihsel,wikidata-6360
birim,10010066,Küpeler Köyü,tarihsel,wikidata-6360
birim,10010067,Kürse Köyü,tarihsel,wikidata-6360
birim,10010068,Kuşkaya Köyü,tarihsel,wikidata-6360
birim,10010069,Kutludüğün Köyü,tarihsel,wikidata-6360
birim,10010070,Kuyualan Köyü,tarihsel,wikidata-6360
birim,10010071,Macarlar Köyü,tarihsel,wikidata-6360
birim,10010072,Meryemdere Köyü,tarihsel,wikidata-6360
birim,10010073,Nergiz Köyü,tarihsel,wikidata-6360
birim,10010074,Orhanlı Köyü,tarihsel,wikidata-6360
birim,10010075,Ortamandıra Köyü,tarihsel,wikidata-6360
birim,10010076,Ovabayındır Köyü,tarihsel,wikidata-6360
birim,10010077,Ovaköy Köyü,tarihsel,wikidata-6360
birim,10010079,Paşaköy Köyü,tarihsel,wikidata-6360
birim,10010081,Sarıalan Köyü,tarihsel,wikidata-6360
birim,10010082,Selimiye Köyü,tarihsel,wikidata-6360
birim,10010083,Sıvatpınar Köyü,tarihsel,wikidata-6360
birim,10010085,Taşköy Köyü,tarihsel,wikidata-6360
birim,10010086,Taşpınar Köyü,tarihsel,wikidata-6360
birim,10010087,Tayyipler Köyü,tarihsel,wikidata-6360
birim,10010088,Türkali Köyü,tarihsel,wikidata-6360
birim,10010089,Turnalar Köyü,tarihsel,wikidata-6360
birim,10010090,Yakupköy Köyü,tarihsel,wikidata-6360
birim,10010091,Yenice Köyü,tarihsel,wikidata-6360
birim,10010092,Yeşiller Köyü,tarihsel,wikidata-6360
birim,10010093,Yeşilyurt Köyü,tarihsel,wikidata-6360
birim,10020002,Akçapınar Köyü,tarihsel,wikidata-6360
birim,10020005,Bağyüzü Köyü,tarihsel,wikidata-6360
birim,10020006,Beşiktepe Köyü,tarihsel,wikidata-6360
birim,10020007,Bulutçeşme Köyü,tarihsel,wikidata-6360
birim,10020008,Çakmak Köyü,tarihsel,wikidata-6360
birim,10020009,Çamoba Köyü,tarihsel,wikidata-6360
birim,10020013,Hacıveliler Köyü,tarihsel,wikidata-6360
birim,10020017,Karaayıt Köyü,tarihsel,wikidata-6360
birim,10020019,Kırcalar Köyü,tarihsel,wikidata-6360
birim,10020021,Alibeyadası,semt,ptt-semt
birim,10020022,Murateli Köyü,tarihsel,wikidata-6360
birim,10020023,Mutlu Köyü,tarihsel,wikidata-6360
birim,10020024,Alibeyadası,semt,ptt-semt
birim,10020025,Odaburnu Köyü,tarihsel,wikidata-6360
birim,10020029,Tıfıllar Köyü,tarihsel,wikidata-6360
birim,10020030,Türközü Köyü,tarihsel,wikidata-6360
birim,10020031,Üçkabaağaç Köyü,tarihsel,wikidata-6360
birim,10020033,Yeniköy Köyü,tarihsel,wikidata-6360
birim,10030001,Akbaş Köyü,tarihsel,wikidata-6360
birim,10030002,Alidemirci Köyü,tarihsel,wikidata-6360
birim,10030003,Bengiler Köyü,tarihsel,wikidata-6360
birim,10030004,Çakallar Köyü,tarihsel,wikidata-6360
birim,10030005,Çalova Köyü,tarihsel,wikidata-6360
birim,10030006,Çamavşar Köyü,tarihsel,wikidata-6360
birim,10030007,Çamucu Köyü,tarihsel,wikidata-6360
birim,10030008,Çarmık Köyü,tarihsel,wikidata-6360
birim,10030009,Çiğdem Köyü,tarihsel,wikidata-6360
birim,10030010,Çukurcak Köyü,tarihsel,wikidata-6360
birim,10030011,Danişment Köyü,tarihsel,wikidata-6360
birim,10030012,Değirmendere Köyü,tarihsel,wikidata-6360
birim,10030013,Dereköy Köyü,tarihsel,wikidata-6360
birim,10030014,Doğanlar Köyü,tarihsel,wikidata-6360
birim,10030016,Farsak Köyü,tarihsel,wikidata-6360
birim,10030017,Gökmusa Köyü,tarihsel,wikidata-6360
birim,10030018,Göktepe Köyü,tarihsel,wikidata-6360
birim,10030019,Göloba Köyü,tarihsel,wikidata-6360
birim,10030020,Habipler Köyü,tarihsel,wikidata-6360
birim,10030021,Hacıhüseyin Köyü,tarihsel,wikidata-6360
birim,10030022,Havutbaşı Köyü,tarihsel,wikidata-6360
birim,10030024,Kadıköy Köyü,tarihsel,wikidata-6360
birim,10030025,Karacahisar Köyü,tarihsel,wikidata-6360
birim,10030026,Karlık Köyü,tarihsel,wikidata-6360
birim,10030027,Kaşıkçı Köyü,tarihsel,wikidata-6360
birim,10030028,Kavakalanı Köyü,tarihsel,wikidata-6360
birim,10030029,Kayalar Köyü,tarihsel,wikidata-6360
birim,10030030,Kayapınar Köyü,tarihsel,wikidata-6360
birim,10030032,Kocabük Köyü,tarihsel,wikidata-6360
birim,10030033,Koyuneri Köyü,tarihsel,wikidata-6360
birim,10030034,Mancılık Köyü,tarihsel,wikidata-6360
birim,10030035,Medrese Köyü,tarihsel,wikidata-6360
birim,10030036,Müstecap Köyü,tarihsel,wikidata-6360
birim,10030037,Narlı Köyü,tarihsel,wikidata-6360
birim,10030038,Örenköy Köyü,tarihsel,wikidata-6360
birim,10030039,Orhanlar Köyü,tarihsel,wikidata-6360
birim,10030040,Patlak Köyü,tarihsel,wikidata-6360
birim,10030041,Semizköy Köyü,tarihsel,wikidata-6360
birim,10030042,Söbücealan Köyü,tarihsel,wikidata-6360
birim,10030043,Yarışalanı Köyü,tarihsel,wikidata-6360
birim,10030044,Yaylacık Köyü,tarihsel,wikidata-6360
birim,10030045,Yazlık Köyü,tarihsel,wikidata-6360
birim,10030046,Yenikavak Köyü,tarihsel,wikidata-6360
birim,10040004,Akçapınar Köyü,tarihsel,wikidata-6360
birim,10040008,Bereketli Köyü,tarihsel,wikidata-6360
birim,10040009,Beyköy Köyü,tarihsel,wikidata-6360
birim,10040009,Edincik,semt,ptt-semt
birim,10040010,Bezirci Köyü,tarihsel,wikidata-6360
birim,10040010,Edincik,semt,ptt-semt
birim,10040011,Çakılköy Köyü,tarihsel,wikidata-6360
birim,10040012,Çalışkanlar Köyü,tarihsel,wikidata-6360
birim,10040013,Edincik,semt,ptt-semt
birim,10040013,Çarıkköy Köyü,tarihsel,wikidata-6360
birim,10040014,Edincik,semt,ptt-semt
birim,10040014,Çepni Köyü,tarihsel,wikidata-6360
birim,10040016,Edincik,semt,ptt-semt
birim,10040016,Çinge Köyü,tarihsel,wikidata-6360
birim,10040017,Dedeoba Köyü,tarihsel,wikidata-6360
birim,10040019,Aksakal,semt,ptt-semt
birim,10040019,Doğa Köyü,tarihsel,wikidata-6360
birim,10040020,Doğanpınar Köyü,tarihsel,wikidata-6360
birim,10040020,Edincik,semt,ptt-semt
birim,10040021,Doğruca Köyü,tarihsel,wikidata-6360
birim,10040022,Dutliman Köyü,tarihsel,wikidata-6360
birim,10040024,Emre Köyü,tarihsel,wikidata-6360
birim,10040025,Aksakal,semt,ptt-semt
birim,10040025,Ergili Köyü,tarihsel,wikidata-6360
birim,10040026,Erikli Köyü,tarihsel,wikidata-6360
birim,10040027,Eskiziraatli Köyü,tarihsel,wikidata-6360
birim,10040028,Edincik,semt,ptt-semt
birim,10040028,Gölyaka Köyü,tarihsel,wikidata-6360
birim,10040032,Edincik,semt,ptt-semt
birim,10040032,Hıdırköy Köyü,tarihsel,wikidata-6360
birim,10040034,Karaçalılık Köyü,tarihsel,wikidata-6360
birim,10040036,Aksakal,semt,ptt-semt
birim,10040036,Kirazlı Köyü,tarihsel,wikidata-6360
birim,10040037,Edincik,semt,ptt-semt
birim,10040037,Külefli Köyü,tarihsel,wikidata-6360
birim,10040038,Aksakal,semt,ptt-semt
birim,10040038,Kuşcenneti Köyü,tarihsel,wikidata-6360
birim,10040040,Mahbubeler Köyü,tarihsel,wikidata-6360
birim,10040041,Edincik,semt,ptt-semt
birim,10040041,Misakça Köyü,tarihsel,wikidata-6360
birim,10040042,Ömerli Köyü,tarihsel,wikidata-6360
birim,10040043,Edincik,semt,ptt-semt
birim,10040043,Orhaniye Köyü,tarihsel,wikidata-6360
birim,10040048,Edincik,semt,ptt-semt
birim,10040048,Şirinçavuş Köyü,tarihsel,wikidata-6360
birim,10040051,Yenice Köyü,tarihsel,wikidata-6360
birim,10040052,Yenisığırcı Köyü,tarihsel,wikidata-6360
birim,10040053,Yeniyenice Köyü,tarihsel,wikidata-6360
birim,10040054,Yeniziraatli Köyü,tarihsel,wikidata-6360
birim,10040055,Aksakal,semt,ptt-semt
birim,10040055,Yeşilçomlu Köyü,tarihsel,wikidata-6360
birim,10050003,Adalı Köyü,tarihsel,wikidata-6360
birim,10050004,Akyar Köyü,tarihsel,wikidata-6360
birim,10050005,Alanköy Köyü,tarihsel,wikidata-6360
birim,10050006,Altınlar Köyü,tarihsel,wikidata-6360
birim,10050007,Aşağıçamlı Köyü,tarihsel,wikidata-6360
birim,10050008,Aşağıgöcek Köyü,tarihsel,wikidata-6360
birim,10050009,Babaköy Köyü,tarihsel,wikidata-6360
birim,10050010,Bademli Köyü,tarihsel,wikidata-6360
birim,10050011,Balatlı Köyü,tarihsel,wikidata-6360
birim,10050012,Başçeşme Köyü,tarihsel,wikidata-6360
birim,10050013,Beğendikler Köyü,tarihsel,wikidata-6360
birim,10050014,Bekirler Köyü,tarihsel,wikidata-6360
birim,10050015,Bozbük Köyü,tarihsel,wikidata-6360
birim,10050016,Çağış Köyü,tarihsel,wikidata-6360
birim,10050018,Çamköy Köyü,tarihsel,wikidata-6360
birim,10050020,Çayüstü Köyü,tarihsel,wikidata-6360
birim,10050021,Çekirdekli Köyü,tarihsel,wikidata-6360
birim,10050022,Çeribaşı Köyü,tarihsel,wikidata-6360
birim,10050023,Çıtak Köyü,tarihsel,wikidata-6360
birim,10050024,Çömlekçi Köyü,tarihsel,wikidata-6360
birim,10050025,Davutça Köyü,tarihsel,wikidata-6360
birim,10050026,Davutlar Köyü,tarihsel,wikidata-6360
birim,10050027,Dedeçınar Köyü,tarihsel,wikidata-6360
birim,10050028,Değirmenli Köyü,tarihsel,wikidata-6360
birim,10050029,Dere Çerkes Köyü,tarihsel,wikidata-6360
birim,10050031,Doğançam Köyü,tarihsel,wikidata-6360
birim,10050032,Dündarcık Köyü,tarihsel,wikidata-6360
birim,10050033,Durasılar Köyü,tarihsel,wikidata-6360
birim,10050034,Elyapan Köyü,tarihsel,wikidata-6360
birim,10050036,Emirler Köyü,tarihsel,wikidata-6360
birim,10050037,Esenli Köyü,tarihsel,wikidata-6360
birim,10050039,Güvemçetmi Köyü,tarihsel,wikidata-6360
birim,10050040,Hacıömerderesi Köyü,tarihsel,wikidata-6360
birim,10050041,Hamidiye Köyü,tarihsel,wikidata-6360
birim,10050042,Hisarköy Köyü,tarihsel,wikidata-6360
birim,10050043,İğciler Köyü,tarihsel,wikidata-6360
birim,10050044,İlyaslar Köyü,tarihsel,wikidata-6360
birim,10050045,Işıklar Köyü,tarihsel,wikidata-6360
birim,10050047,Kadıköy Köyü,tarihsel,wikidata-6360
birim,10050048,Kalafat Köyü,tarihsel,wikidata-6360
birim,10050049,Karabahçe Köyü,tarihsel,wikidata-6360
birim,10050050,Kargın Köyü,tarihsel,wikidata-6360
birim,10050051,Kayalıdere Köyü,tarihsel,wikidata-6360
birim,10050052,Kayırlar Köyü,tarihsel,wikidata-6360
birim,10050053,Kırca Köyü,tarihsel,wikidata-6360
birim,10050054,Kızılçukur Köyü,tarihsel,wikidata-6360
birim,10050055,Köseler Köyü,tarihsel,wikidata-6360
birim,10050056,Kozpınar Köyü,tarihsel,wikidata-6360
birim,10050057,Küçükyeniköy Köyü,tarihsel,wikidata-6360
birim,10050058,Kürsü Köyü,tarihsel,wikidata-6360
birim,10050060,Mecidiye Köyü,tarihsel,wikidata-6360
birim,10050061,Meyvalı Köyü,tarihsel,wikidata-6360
birim,10050062,Okçular Köyü,tarihsel,wikidata-6360
birim,10050063,Okçularyeri Köyü,tarihsel,wikidata-6360
birim,10050065,Osmanca Köyü,tarihsel,wikidata-6360
birim,10050066,Özgören Köyü,tarihsel,wikidata-6360
birim,10050067,Panayır Köyü,tarihsel,wikidata-6360
birim,10050068,Salmanlı Köyü,tarihsel,wikidata-6360
birim,10050070,Topalak Köyü,tarihsel,wikidata-6360
birim,10050071,Tozağan Köyü,tarihsel,wikidata-6360
birim,10050072,Turfullar Köyü,tarihsel,wikidata-6360
birim,10050073,Yağcıbedir Köyü,tarihsel,wikidata-6360
birim,10050074,Yağcılar Köyü,tarihsel,wikidata-6360
birim,10050075,Yeniköy Köyü,tarihsel,wikidata-6360
birim,10050076,Yeşildere Köyü,tarihsel,wikidata-6360
birim,10050077,Yolbaşı Köyü,tarihsel,wikidata-6360
birim,10050078,Yukarıçamlı Köyü,tarihsel,wikidata-6360
birim,10050079,Yukarıgöçek Köyü,tarihsel,wikidata-6360
birim,10050080,Yürücekler Köyü,tarihsel,wikidata-6360
birim,10060001,Ağacık Köyü,tarihsel,wikidata-6360
birim,10060003,Avunduk Köyü,tarihsel,wikidata-6360
birim,10060004,Bahadınlı Köyü,tarihsel,wikidata-6360
birim,10060006,Börezli Köyü,tarihsel,wikidata-6360
birim,10060007,Çallı Köyü,tarihsel,wikidata-6360
birim,10060008,Çamtepe Köyü,tarihsel,wikidata-6360
birim,10060009,Çoruk Köyü,tarihsel,wikidata-6360
birim,10060010,Pelitköy,semt,ptt-semt
birim,10060011,Damlalı Köyü,tarihsel,wikidata-6360
birim,10060012,Dutluca Köyü,tarihsel,wikidata-6360
birim,10060015,Hacıbozlar Köyü,tarihsel,wikidata-6360
birim,10060016,Hisarköy Köyü,tarihsel,wikidata-6360
birim,10060017,Pelitköy,semt,ptt-semt
birim,10060019,Karadere Köyü,tarihsel,wikidata-6360
birim,10060020,Kırtık Köyü,tarihsel,wikidata-6360
birim,10060021,Kızıklı Köyü,tarihsel,wikidata-6360
birim,10060023,Kurucaoluk Köyü,tarihsel,wikidata-6360
birim,10060024,Kuyucak Köyü,tarihsel,wikidata-6360
birim,10060025,Kuyumcu Köyü,tarihsel,wikidata-6360
birim,10060031,Şahinler Köyü,tarihsel,wikidata-6360
birim,10060032,Şarköy Köyü,tarihsel,wikidata-6360
birim,10060033,Sübeylidere Köyü,tarihsel,wikidata-6360
birim,10060034,Tahtacı Köyü,tarihsel,wikidata-6360
birim,10060035,Taylıeli Köyü,tarihsel,wikidata-6360
birim,10060036,Yabancılar Köyü,tarihsel,wikidata-6360
birim,10060037,Yaylacık Köyü,tarihsel,wikidata-6360
birim,10060039,Yunuslar Köyü,tarihsel,wikidata-6360
birim,10070001,Adaören Köyü,tarihsel,wikidata-6360
birim,10070002,Akbaşlar Köyü,tarihsel,wikidata-6360
birim,10070003,Akçagüney Köyü,tarihsel,wikidata-6360
birim,10070004,Akyayla Köyü,tarihsel,wikidata-6360
birim,10070005,Alaçam Köyü,tarihsel,wikidata-6360
birim,10070006,Alagüney Köyü,tarihsel,wikidata-6360
birim,10070007,Arıklar Köyü,tarihsel,wikidata-6360
birim,10070008,Aşağımusalar Köyü,tarihsel,wikidata-6360
birim,10070009,Aşağıyağcılar Köyü,tarihsel,wikidata-6360
birim,10070010,Ayvacık Köyü,tarihsel,wikidata-6360
birim,10070011,Aziziye Köyü,tarihsel,wikidata-6360
birim,10070012,Bayıryüzügüney Köyü,tarihsel,wikidata-6360
birim,10070013,Beyce Köyü,tarihsel,wikidata-6360
birim,10070014,Beyel Köyü,tarihsel,wikidata-6360
birim,10070015,Boyalıca Köyü,tarihsel,wikidata-6360
birim,10070017,Büyükakçaalan Köyü,tarihsel,wikidata-6360
birim,10070018,Çakırca Köyü,tarihsel,wikidata-6360
birim,10070020,Çaltıcak Köyü,tarihsel,wikidata-6360
birim,10070021,Çamharman Köyü,tarihsel,wikidata-6360
birim,10070022,Çamköy Köyü,tarihsel,wikidata-6360
birim,10070023,Çanakçı Köyü,tarihsel,wikidata-6360
birim,10070024,Çatalçam Köyü,tarihsel,wikidata-6360
birim,10070026,Çelikler Köyü,tarihsel,wikidata-6360
birim,10070028,Çınarköy Köyü,tarihsel,wikidata-6360
birim,10070029,Dada Köyü,tarihsel,wikidata-6360
birim,10070030,Değirmenciler Köyü,tarihsel,wikidata-6360
birim,10070031,Delice Köyü,tarihsel,wikidata-6360
birim,10070032,Demirciler Köyü,tarihsel,wikidata-6360
birim,10070033,Dereköy Köyü,tarihsel,wikidata-6360
birim,10070034,Doğancılar Köyü,tarihsel,wikidata-6360
birim,10070035,Durabeyler Köyü,tarihsel,wikidata-6360
birim,10070036,Ericek Köyü,tarihsel,wikidata-6360
birim,10070038,Gazellidere Köyü,tarihsel,wikidata-6360
birim,10070039,Göbül Köyü,tarihsel,wikidata-6360
birim,10070040,Gökçedağ Köyü,tarihsel,wikidata-6360
birim,10070041,Gökçepınar Köyü,tarihsel,wikidata-6360
birim,10070042,Gölcük Köyü,tarihsel,wikidata-6360
birim,10070043,Güğü Köyü,tarihsel,wikidata-6360
birim,10070044,Gürleyen Köyü,tarihsel,wikidata-6360
birim,10070045,Hacıahmetpınarı Köyü,tarihsel,wikidata-6360
birim,10070046,Hacılar Köyü,tarihsel,wikidata-6360
birim,10070047,Hacıömerler Köyü,tarihsel,wikidata-6360
birim,10070048,Hamzacık Köyü,tarihsel,wikidata-6360
birim,10070049,Hasanlar Köyü,tarihsel,wikidata-6360
birim,10070050,Hindikler Köyü,tarihsel,wikidata-6360
birim,10070051,Hondular Köyü,tarihsel,wikidata-6360
birim,10070052,Hopanlar Köyü,tarihsel,wikidata-6360
birim,10070053,İrfaniye Köyü,tarihsel,wikidata-6360
birim,10070054,Işıklar Köyü,tarihsel,wikidata-6360
birim,10070055,İsmailler Köyü,tarihsel,wikidata-6360
birim,10070057,Karagöz Köyü,tarihsel,wikidata-6360
birim,10070058,Karakaya Köyü,tarihsel,wikidata-6360
birim,10070059,Karamanlar Köyü,tarihsel,wikidata-6360
birim,10070060,Karapınar Köyü,tarihsel,wikidata-6360
birim,10070061,Kardeşler Köyü,tarihsel,wikidata-6360
birim,10070062,Karyağmaz Köyü,tarihsel,wikidata-6360
birim,10070063,Kavacık Köyü,tarihsel,wikidata-6360
birim,10070064,Kavakköy Köyü,tarihsel,wikidata-6360
birim,10070065,Kazimiye Köyü,tarihsel,wikidata-6360
birim,10070066,Kireç Köyü,tarihsel,wikidata-6360
birim,10070067,Kızılcadere Köyü,tarihsel,wikidata-6360
birim,10070068,Kızılöz Köyü,tarihsel,wikidata-6360
birim,10070069,Küçükakçaalan Köyü,tarihsel,wikidata-6360
birim,10070070,Küçükler Köyü,tarihsel,wikidata-6360
birim,10070071,Kumlu Köyü,tarihsel,wikidata-6360
birim,10070072,Kurtlar Köyü,tarihsel,wikidata-6360
birim,10070073,Kuzköy Köyü,tarihsel,wikidata-6360
birim,10070074,Mahmudiye Köyü,tarihsel,wikidata-6360
birim,10070075,Mahmutça Köyü,tarihsel,wikidata-6360
birim,10070076,Meydançayırı Köyü,tarihsel,wikidata-6360
birim,10070077,Mıcırlar Köyü,tarihsel,wikidata-6360
birim,10070079,Naipler Köyü,tarihsel,wikidata-6360
birim,10070080,Odaköy Köyü,tarihsel,wikidata-6360
birim,10070081,Örenköy Köyü,tarihsel,wikidata-6360
birim,10070082,Osmaniye Köyü,tarihsel,wikidata-6360
birim,10070083,Poyracık Köyü,tarihsel,wikidata-6360
birim,10070084,Ramazanlar Köyü,tarihsel,wikidata-6360
birim,10070085,Reşadiye Köyü,tarihsel,wikidata-6360
birim,10070086,Resüller Köyü,tarihsel,wikidata-6360
birim,10070087,Şabanlar Köyü,tarihsel,wikidata-6360
birim,10070088,Saçayak Köyü,tarihsel,wikidata-6360
birim,10070089,Sağırlar Köyü,tarihsel,wikidata-6360
birim,10070090,Sakızköy Köyü,tarihsel,wikidata-6360
birim,10070091,Sarısipahiler Köyü,tarihsel,wikidata-6360
birim,10070092,Sarnıçköy Köyü,tarihsel,wikidata-6360
birim,10070093,Sebiller Köyü,tarihsel,wikidata-6360
birim,10070094,Selimağa Köyü,tarihsel,wikidata-6360
birim,10070095,Şenköy Köyü,tarihsel,wikidata-6360
birim,10070096,Sinderler Köyü,tarihsel,wikidata-6360
birim,10070097,Süleler Köyü,tarihsel,wikidata-6360
birim,10070098,Tafak Köyü,tarihsel,wikidata-6360
birim,10070099,Taşkesiği Köyü,tarihsel,wikidata-6360
birim,10070100,Taşpınar Köyü,tarihsel,wikidata-6360
birim,10070101,Tepeköy Köyü,tarihsel,wikidata-6360
birim,10070102,Tezlik Köyü,tarihsel,wikidata-6360
birim,10070103,Turnacık Köyü,tarihsel,wikidata-6360
birim,10070105,Umurlar Köyü,tarihsel,wikidata-6360
birim,10070107,Veliler Köyü,tarihsel,wikidata-6360
birim,10070108,Yassıören Köyü,tarihsel,wikidata-6360
birim,10070109,Yukarımusalar Köyü,tarihsel,wikidata-6360
birim,10070110,Yukarıyağcılar Köyü,tarihsel,wikidata-6360
birim,10070111,Yunuslar Köyü,tarihsel,wikidata-6360
birim,10090002,Aşağıyapıcı Köyü,tarihsel,wikidata-6360
birim,10090004,Balıklı Köyü,tarihsel,wikidata-6360
birim,10090005,Ballıpınar Köyü,tarihsel,wikidata-6360
birim,10090006,Belkıs Köyü,tarihsel,wikidata-6360
birim,10090007,Çakıl Köyü,tarihsel,wikidata-6360
birim,10090008,Çeltikçi Köyü,tarihsel,wikidata-6360
birim,10090009,Doğanlar Köyü,tarihsel,wikidata-6360
birim,10090011,Hamamlı Köyü,tarihsel,wikidata-6360
birim,10090012,Harmanlı Köyü,tarihsel,wikidata-6360
birim,10090013,İlhan Köyü,tarihsel,wikidata-6360
birim,10090015,Kestanelik Köyü,tarihsel,wikidata-6360
birim,10090016,Narlı Köyü,tarihsel,wikidata-6360
birim,10090018,Ormanlı Köyü,tarihsel,wikidata-6360
birim,10090019,Paşalimanı Köyü,tarihsel,wikidata-6360
birim,10090020,Poyrazlı Köyü,tarihsel,wikidata-6360
birim,10090022,Şahinburgaz Köyü,tarihsel,wikidata-6360
birim,10090023,Tatlısu Köyü,tarihsel,wikidata-6360
birim,10090024,Turan Köyü,tarihsel,wikidata-6360
birim,10090025,Tuzla Köyü,tarihsel,wikidata-6360
birim,10090027,Yukarıyapıcı Köyü,tarihsel,wikidata-6360
birim,10100001,Dursunlu Köyü,tarihsel,wikidata-6360
birim,10100002,Hacıhüseyinler Köyü,tarihsel,wikidata-6360
birim,10100003,Hacıoğlu Köyü,tarihsel,wikidata-6360
birim,10100004,Hacıosman Köyü,tarihsel,wikidata-6360
birim,10100007,Keremköy Köyü,tarihsel,wikidata-6360
birim,10100008,Kobaşlar Köyü,tarihsel,wikidata-6360
birim,10100009,Kumgedik Köyü,tarihsel,wikidata-6360
birim,10100010,Kuyualan Köyü,tarihsel,wikidata-6360
birim,10100012,Ulubeyler Köyü,tarihsel,wikidata-6360
birim,10110003,Akçapınar Köyü,tarihsel,wikidata-6360
birim,10110005,Alaettin Köyü,tarihsel,wikidata-6360
birim,10110006,Alaşar Köyü,tarihsel,wikidata-6360
birim,10110008,Sarıköy,semt,ptt-semt
birim,10110009,Asmalıdere Köyü,tarihsel,wikidata-6360
birim,10110010,Atıcıoba Köyü,tarihsel,wikidata-6360
birim,10110011,Ayvalıdere Köyü,tarihsel,wikidata-6360
birim,10110011,Sarıköy,semt,ptt-semt
birim,10110012,Babayaka Köyü,tarihsel,wikidata-6360
birim,10110013,Bakırlı Köyü,tarihsel,wikidata-6360
birim,10110014,Balcı Köyü,tarihsel,wikidata-6360
birim,10110015,Balcıdede Köyü,tarihsel,wikidata-6360
birim,10110016,Bayramiç Köyü,tarihsel,wikidata-6360
birim,10110017,Beyoluk Köyü,tarihsel,wikidata-6360
birim,10110018,Bostancı Köyü,tarihsel,wikidata-6360
birim,10110019,Buğdaylı Köyü,tarihsel,wikidata-6360
birim,10110020,Büyüksoğuklar Köyü,tarihsel,wikidata-6360
birim,10110021,Çakmak Köyü,tarihsel,wikidata-6360
birim,10110022,Çalıca Köyü,tarihsel,wikidata-6360
birim,10110023,Çalıoba Köyü,tarihsel,wikidata-6360
birim,10110024,Canbaz Köyü,tarihsel,wikidata-6360
birim,10110025,Çatak Köyü,tarihsel,wikidata-6360
birim,10110026,Sarıköy,semt,ptt-semt
birim,10110026,Çifteçeşmeler Köyü,tarihsel,wikidata-6360
birim,10110027,Çiftlikalan Köyü,tarihsel,wikidata-6360
birim,10110028,Sarıköy,semt,ptt-semt
birim,10110028,Çığmış Köyü,tarihsel,wikidata-6360
birim,10110029,Çınarlı Köyü,tarihsel,wikidata-6360
birim,10110030,Çınarpınar Köyü,tarihsel,wikidata-6360
birim,10110031,Çobanhamidiye Köyü,tarihsel,wikidata-6360
birim,10110032,Dereköy Köyü,tarihsel,wikidata-6360
birim,10110032,Sarıköy,semt,ptt-semt
birim,10110033,Dışbudak Köyü,tarihsel,wikidata-6360
birim,10110033,Sarıköy,semt,ptt-semt
birim,10110034,Dumanalan Köyü,tarihsel,wikidata-6360
birim,10110035,Ekşidere Köyü,tarihsel,wikidata-6360
birim,10110036,Fındıklı Köyü,tarihsel,wikidata-6360
birim,10110037,Gaybular Köyü,tarihsel,wikidata-6360
birim,10110038,Gebeçınar Köyü,tarihsel,wikidata-6360
birim,10110038,Sarıköy,semt,ptt-semt
birim,10110039,Gelgeç Köyü,tarihsel,wikidata-6360
birim,10110039,Sarıköy,semt,ptt-semt
birim,10110040,Geyikli Köyü,tarihsel,wikidata-6360
birim,10110040,Sarıköy,semt,ptt-semt
birim,10110041,Gökçesu Köyü,tarihsel,wikidata-6360
birim,10110042,Gündoğan Köyü,tarihsel,wikidata-6360
birim,10110042,Sarıköy,semt,ptt-semt
birim,10110044,Güneşli Köyü,tarihsel,wikidata-6360
birim,10110045,Hacımenteş Köyü,tarihsel,wikidata-6360
birim,10110046,Hacıvelioba Köyü,tarihsel,wikidata-6360
birim,10110047,Hafızhüseyinbey Köyü,tarihsel,wikidata-6360
birim,10110047,Sarıköy,semt,ptt-semt
birim,10110048,Hasanbey Köyü,tarihsel,wikidata-6360
birim,10110049,Havutça Köyü,tarihsel,wikidata-6360
birim,10110049,Sarıköy,semt,ptt-semt
birim,10110050,Hodul Köyü,tarihsel,wikidata-6360
birim,10110050,Sarıköy,semt,ptt-semt
birim,10110051,Ilıcak Köyü,tarihsel,wikidata-6360
birim,10110052,Ilıcaoba Köyü,tarihsel,wikidata-6360
birim,10110053,İncirli Köyü,tarihsel,wikidata-6360
birim,10110054,Kalburcu Köyü,tarihsel,wikidata-6360
birim,10110055,Kalfaköy Köyü,tarihsel,wikidata-6360
birim,10110056,Kaplanoba Köyü,tarihsel,wikidata-6360
birim,10110057,Karaağaçalan Köyü,tarihsel,wikidata-6360
birim,10110058,Karalarçiftliği Köyü,tarihsel,wikidata-6360
birim,10110059,Karasukabaklar Köyü,tarihsel,wikidata-6360
birim,10110061,Kavakalan Köyü,tarihsel,wikidata-6360
birim,10110061,Sarıköy,semt,ptt-semt
birim,10110062,Kavakoba Köyü,tarihsel,wikidata-6360
birim,10110063,Keçeler Köyü,tarihsel,wikidata-6360
birim,10110064,Killik Köyü,tarihsel,wikidata-6360
birim,10110065,Kınalar Köyü,tarihsel,wikidata-6360
birim,10110065,Sarıköy,semt,ptt-semt
birim,10110067,Koçbayır Köyü,tarihsel,wikidata-6360
birim,10110068,Körpeağaç Köyü,tarihsel,wikidata-6360
birim,10110069,Korudeğirmen Köyü,tarihsel,wikidata-6360
birim,10110070,Köteyli Köyü,tarihsel,wikidata-6360
birim,10110071,Küçüksoğuklar Köyü,tarihsel,wikidata-6360
birim,10110072,Kumköy Köyü,tarihsel,wikidata-6360
birim,10110073,Küpçıktı Köyü,tarihsel,wikidata-6360
birim,10110076,Muratlar Köyü,tarihsel,wikidata-6360
birim,10110077,Ömerler Köyü,tarihsel,wikidata-6360
birim,10110078,Ortaoba Köyü,tarihsel,wikidata-6360
birim,10110079,Osmanpazar Köyü,tarihsel,wikidata-6360
birim,10110080,Paşaçiftlik Köyü,tarihsel,wikidata-6360
birim,10110081,Pehlivanhoca Köyü,tarihsel,wikidata-6360
birim,10110085,Saraçlar Köyü,tarihsel,wikidata-6360
birim,10110087,Şaroluk Köyü,tarihsel,wikidata-6360
birim,10110088,Sebepli Köyü,tarihsel,wikidata-6360
birim,10110089,Söğüt Köyü,tarihsel,wikidata-6360
birim,10110090,Suçıktı Köyü,tarihsel,wikidata-6360
birim,10110091,Sarıköy,semt,ptt-semt
birim,10110091,Tahtalı Köyü,tarihsel,wikidata-6360
birim,10110092,Taştepe Köyü,tarihsel,wikidata-6360
birim,10110094,Sarıköy,semt,ptt-semt
birim,10110094,Turplu Köyü,tarihsel,wikidata-6360
birim,10110095,Tütüncü Köyü,tarihsel,wikidata-6360
birim,10110096,Tuzakçı Köyü,tarihsel,wikidata-6360
birim,10110097,Üçpınar Köyü,tarihsel,wikidata-6360
birim,10110098,Sarıköy,semt,ptt-semt
birim,10110098,Ulukır Köyü,tarihsel,wikidata-6360
birim,10110099,Üzümlü Köyü,tarihsel,wikidata-6360
birim,10110100,Yeniakçapınar Köyü,tarihsel,wikidata-6360
birim,10110101,Yürükkeçidere Köyü,tarihsel,wikidata-6360
birim,10120002,Büyükşapçı Köyü,tarihsel,wikidata-6360
birim,10120003,Çakırdere Köyü,tarihsel,wikidata-6360
birim,10120005,Çamdibi Köyü,tarihsel,wikidata-6360
birim,10120008,Dereören Köyü,tarihsel,wikidata-6360
birim,10120010,Eğmir Köyü,tarihsel,wikidata-6360
birim,10120011,Eseler Köyü,tarihsel,wikidata-6360
birim,10120012,Fazlıca Köyü,tarihsel,wikidata-6360
birim,10120013,Halılar Köyü,tarihsel,wikidata-6360
birim,10120014,Hallaçlar Köyü,tarihsel,wikidata-6360
birim,10120016,Hüseyinbeşeler Köyü,tarihsel,wikidata-6360
birim,10120017,İnönü Köyü,tarihsel,wikidata-6360
birim,10120018,Kalabak Köyü,tarihsel,wikidata-6360
birim,10120019,Karalar Köyü,tarihsel,wikidata-6360
birim,10120020,Karaoğlanlar Köyü,tarihsel,wikidata-6360
birim,10120021,Kobaklar Köyü,tarihsel,wikidata-6360
birim,10120022,Kocadağ Köyü,tarihsel,wikidata-6360
birim,10120023,Kocaseyit Köyü,tarihsel,wikidata-6360
birim,10120024,Köylüce Köyü,tarihsel,wikidata-6360
birim,10120025,Küçükdere Köyü,tarihsel,wikidata-6360
birim,10120026,Küçükşapçı Köyü,tarihsel,wikidata-6360
birim,10120028,Sarnıç Köyü,tarihsel,wikidata-6360
birim,10120029,Tarlabaşı Köyü,tarihsel,wikidata-6360
birim,10120030,Taşarası Köyü,tarihsel,wikidata-6360
birim,10120032,Temaşalık Köyü,tarihsel,wikidata-6360
birim,10120033,Tepeoba Köyü,tarihsel,wikidata-6360
birim,10130002,Akçal Köyü,tarihsel,wikidata-6360
birim,10130003,Aşağıkaleoba Köyü,tarihsel,wikidata-6360
birim,10130004,Ayaklı Köyü,tarihsel,wikidata-6360
birim,10130006,Bozören Köyü,tarihsel,wikidata-6360
birim,10130007,Büyükfındık Köyü,tarihsel,wikidata-6360
birim,10130008,Büyükılıca Köyü,tarihsel,wikidata-6360
birim,10130010,Çarkacı Köyü,tarihsel,wikidata-6360
birim,10130011,Çatalan Köyü,tarihsel,wikidata-6360
birim,10130012,Çelimler Köyü,tarihsel,wikidata-6360
birim,10130013,Çiçekli Köyü,tarihsel,wikidata-6360
birim,10130014,Çobanlar Köyü,tarihsel,wikidata-6360
birim,10130015,Çukurlar Köyü,tarihsel,wikidata-6360
birim,10130016,Çukuroba Köyü,tarihsel,wikidata-6360
birim,10130017,Değirmenbaşı Köyü,tarihsel,wikidata-6360
birim,10130018,Demirciler Köyü,tarihsel,wikidata-6360
birim,10130019,Döşeme Köyü,tarihsel,wikidata-6360
birim,10130020,Erdel Köyü,tarihsel,wikidata-6360
birim,10130021,Eriklikömürcü Köyü,tarihsel,wikidata-6360
birim,10130022,Evciler Köyü,tarihsel,wikidata-6360
birim,10130023,Gebeçınar Köyü,tarihsel,wikidata-6360
birim,10130024,Geçmiş Köyü,tarihsel,wikidata-6360
birim,10130025,Gökçeler Köyü,tarihsel,wikidata-6360
birim,10130027,Gömeniç Köyü,tarihsel,wikidata-6360
birim,10130028,Gözlüçayır Köyü,tarihsel,wikidata-6360
birim,10130029,Gümeli Köyü,tarihsel,wikidata-6360
birim,10130030,Hacıahmetler Köyü,tarihsel,wikidata-6360
birim,10130031,Haydar Köyü,tarihsel,wikidata-6360
birim,10130032,Hüseyinbeyobası Köyü,tarihsel,wikidata-6360
birim,10130033,İkizce Köyü,tarihsel,wikidata-6360
birim,10130034,Ilıcakpınar Köyü,tarihsel,wikidata-6360
birim,10130035,Karaçepiş Köyü,tarihsel,wikidata-6360
birim,10130036,Kaşağıl Köyü,tarihsel,wikidata-6360
birim,10130038,Kılcılar Köyü,tarihsel,wikidata-6360
birim,10130039,Kına Köyü,tarihsel,wikidata-6360
birim,10130040,Kınık Köyü,tarihsel,wikidata-6360
birim,10130041,Kıpıklar Köyü,tarihsel,wikidata-6360
birim,10130042,Kiraz Ören Köyü,tarihsel,wikidata-6360
birim,10130043,Kışladere Köyü,tarihsel,wikidata-6360
birim,10130044,Kocaeli Köyü,tarihsel,wikidata-6360
birim,10130045,Kocaoba Köyü,tarihsel,wikidata-6360
birim,10130047,Küçükfındık Köyü,tarihsel,wikidata-6360
birim,10130048,Küçükılıca Köyü,tarihsel,wikidata-6360
birim,10130049,Küçükyenice Köyü,tarihsel,wikidata-6360
birim,10130051,Kuşdere Köyü,tarihsel,wikidata-6360
birim,10130052,Mallıca Köyü,tarihsel,wikidata-6360
birim,10130053,Okçular Köyü,tarihsel,wikidata-6360
birim,10130054,Osmanköy Köyü,tarihsel,wikidata-6360
birim,10130055,Osmanlar Köyü,tarihsel,wikidata-6360
birim,10130056,Pelitören Köyü,tarihsel,wikidata-6360
birim,10130058,Sarıca Köyü,tarihsel,wikidata-6360
birim,10130059,Sarıpınar Köyü,tarihsel,wikidata-6360
birim,10130060,Sofular Köyü,tarihsel,wikidata-6360
birim,10130061,Soğanbükü Köyü,tarihsel,wikidata-6360
birim,10130062,Susuzyayla Köyü,tarihsel,wikidata-6360
birim,10130063,Taşdibi Köyü,tarihsel,wikidata-6360
birim,10130064,Topuzlar Köyü,tarihsel,wikidata-6360
birim,10130065,Yağlılar Köyü,tarihsel,wikidata-6360
birim,10130066,Yaren Köyü,tarihsel,wikidata-6360
birim,10130067,Yeşilköy Köyü,tarihsel,wikidata-6360
birim,10130068,Yukarıkaleoba Köyü,tarihsel,wikidata-6360
birim,10130069,Yürekli Köyü,tarihsel,wikidata-6360
birim,10140002,Sakarya,semt,ptt-semt
birim,10140004,Sakarya,semt,ptt-semt
birim,10140007,Aktarma Köyü,tarihsel,wikidata-6360
birim,10140008,Alacabayır Köyü,tarihsel,wikidata-6360
birim,10140010,Armutalan Köyü,tarihsel,wikidata-6360
birim,10140013,Bakacak Köyü,tarihsel,wikidata-6360
birim,10140014,Beyköy Köyü,tarihsel,wikidata-6360
birim,10140015,Boğazköy Köyü,tarihsel,wikidata-6360
birim,10140016,Büyükpınar Köyü,tarihsel,wikidata-6360
birim,10140017,Çanacık Köyü,tarihsel,wikidata-6360
birim,10140018,Sakarya,semt,ptt-semt
birim,10140019,Çaypınar Köyü,tarihsel,wikidata-6360
birim,10140020,Davutlar Köyü,tarihsel,wikidata-6360
birim,10140021,Deliklitaş Köyü,tarihsel,wikidata-6360
birim,10140023,Düzoba Köyü,tarihsel,wikidata-6360
birim,10140026,Fethiye Köyü,tarihsel,wikidata-6360
birim,10140028,Halkapınar Köyü,tarihsel,wikidata-6360
birim,10140029,Hisaralan Köyü,tarihsel,wikidata-6360
birim,10140031,İbirler Köyü,tarihsel,wikidata-6360
birim,10140032,Kabakdere Köyü,tarihsel,wikidata-6360
birim,10140033,Kalaycılar Köyü,tarihsel,wikidata-6360
birim,10140034,Kamçıllı Köyü,tarihsel,wikidata-6360
birim,10140035,Karabeyler Köyü,tarihsel,wikidata-6360
birim,10140036,Karakol Köyü,tarihsel,wikidata-6360
birim,10140039,Kavaklı Köyü,tarihsel,wikidata-6360
birim,10140040,Sakarya,semt,ptt-semt
birim,10140041,Kırmızılar Köyü,tarihsel,wikidata-6360
birim,10140044,Köteyli Köyü,tarihsel,wikidata-6360
birim,10140045,Kurtdere Köyü,tarihsel,wikidata-6360
birim,10140046,Sakarya,semt,ptt-semt
birim,10140049,Naipli Köyü,tarihsel,wikidata-6360
birim,10140050,Ortaca Köyü,tarihsel,wikidata-6360
birim,10140051,Ovacık Köyü,tarihsel,wikidata-6360
birim,10140054,Taşkesiği Köyü,tarihsel,wikidata-6360
birim,10140055,Tatlıpınar Köyü,tarihsel,wikidata-6360
birim,10140056,Toybelen Köyü,tarihsel,wikidata-6360
birim,10140058,Turplu Köyü,tarihsel,wikidata-6360
birim,10140059,Üçpınar Köyü,tarihsel,wikidata-6360
birim,10140060,Sakarya,semt,ptt-semt
birim,10140061,Yağcılar Köyü,tarihsel,wikidata-6360
birim,10140062,Yaylabayır Köyü,tarihsel,wikidata-6360
birim,10140063,Yaylacık Köyü,tarihsel,wikidata-6360
birim,10140065,Yeniiskender Köyü,tarihsel,wikidata-6360
birim,10140066,Yeniköy Köyü,tarihsel,wikidata-6360
birim,10140067,Yeroluk Köyü,tarihsel,wikidata-6360
birim,10140068,Yeşilova Köyü,tarihsel,wikidata-6360
birim,10140070,Ziyaretli Köyü,tarihsel,wikidata-6360
birim,10150001,Ahmetölen Köyü,tarihsel,wikidata-6360
birim,10150002,Akçakertil Köyü,tarihsel,wikidata-6360
birim,10150003,Akçaköy Köyü,tarihsel,wikidata-6360
birim,10150004,Alagüney Köyü,tarihsel,wikidata-6360
birim,10150005,Armutlu Köyü,tarihsel,wikidata-6360
birim,10150006,Bağtepe Köyü,tarihsel,wikidata-6360
birim,10150007,Bektaşlar Köyü,tarihsel,wikidata-6360
birim,10150008,Beyköy Köyü,tarihsel,wikidata-6360
birim,10150009,Bükdere Köyü,tarihsel,wikidata-6360
birim,10150010,Büyükkatrancı Köyü,tarihsel,wikidata-6360
birim,10150011,Çalkandil Köyü,tarihsel,wikidata-6360
birim,10150014,Dalköy Köyü,tarihsel,wikidata-6360
birim,10150015,Danahisar Köyü,tarihsel,wikidata-6360
birim,10150016,Darıçukuru Köyü,tarihsel,wikidata-6360
birim,10150017,Dedekaşı Köyü,tarihsel,wikidata-6360
birim,10150018,Dereli Köyü,tarihsel,wikidata-6360
birim,10150019,Dombaydere Köyü,tarihsel,wikidata-6360
birim,10150020,Durak Köyü,tarihsel,wikidata-6360
birim,10150021,Eşeler Köyü,tarihsel,wikidata-6360
birim,10150022,Eyüpbükü Köyü,tarihsel,wikidata-6360
birim,10150023,Göbel Köyü,tarihsel,wikidata-6360
birim,10150024,Gökköy Köyü,tarihsel,wikidata-6360
birim,10150025,Hotaşlar Köyü,tarihsel,wikidata-6360
birim,10150027,İsaalan Köyü,tarihsel,wikidata-6360
birim,10150028,Işıklar Köyü,tarihsel,wikidata-6360
birim,10150029,Kalburcu Köyü,tarihsel,wikidata-6360
birim,10150030,Karacaağaç Köyü,tarihsel,wikidata-6360
birim,10150031,Karaçaltı Köyü,tarihsel,wikidata-6360
birim,10150032,Karacaören Köyü,tarihsel,wikidata-6360
birim,10150033,Karagöz Köyü,tarihsel,wikidata-6360
birim,10150034,Karahaliller Köyü,tarihsel,wikidata-6360
birim,10150036,Kayacıklar Köyü,tarihsel,wikidata-6360
birim,10150037,Kayaeli Köyü,tarihsel,wikidata-6360
birim,10150038,Keçidere Köyü,tarihsel,wikidata-6360
birim,10150039,Kepekler Köyü,tarihsel,wikidata-6360
birim,10150040,Kızıloluk Köyü,tarihsel,wikidata-6360
birim,10150041,Küçükkatrancı Köyü,tarihsel,wikidata-6360
birim,10150043,Mahmudiye Köyü,tarihsel,wikidata-6360
birim,10150044,Mehmetler Köyü,tarihsel,wikidata-6360
birim,10150045,Mestanlar Köyü,tarihsel,wikidata-6360
birim,10150046,Mezitler Köyü,tarihsel,wikidata-6360
birim,10150047,Nusret Köyü,tarihsel,wikidata-6360
birim,10150048,Örencik Köyü,tarihsel,wikidata-6360
birim,10150049,Örenharman Köyü,tarihsel,wikidata-6360
birim,10150050,Örenli Köyü,tarihsel,wikidata-6360
birim,10150051,Osmaniye Köyü,tarihsel,wikidata-6360
birim,10150052,Ovacık Köyü,tarihsel,wikidata-6360
birim,10150053,Piyade Köyü,tarihsel,wikidata-6360
birim,10150054,Recep Köyü,tarihsel,wikidata-6360
birim,10150055,Saraç Köyü,tarihsel,wikidata-6360
birim,10150056,Sarıçayır Köyü,tarihsel,wikidata-6360
birim,10150057,Sarıfakılar Köyü,tarihsel,wikidata-6360
birim,10150058,Sayacık Köyü,tarihsel,wikidata-6360
birim,10150059,Seçdere Köyü,tarihsel,wikidata-6360
birim,10150060,Serçeören Köyü,tarihsel,wikidata-6360
birim,10150061,Şeremetler Köyü,tarihsel,wikidata-6360
birim,10150062,Servet Köyü,tarihsel,wikidata-6360
birim,10150063,Tekkeışıklar Köyü,tarihsel,wikidata-6360
birim,10150064,Tilkicik Köyü,tarihsel,wikidata-6360
birim,10150065,Tuzak Köyü,tarihsel,wikidata-6360
birim,10150066,Yaylabaşı Köyü,tarihsel,wikidata-6360
birim,10150068,Yeşildağ Köyü,tarihsel,wikidata-6360
birim,10150069,Yoğunoluk Köyü,tarihsel,wikidata-6360
birim,10160001,Akçaova Köyü,tarihsel,wikidata-6360
birim,10160003,Boğazpınar Köyü,tarihsel,wikidata-6360
birim,10160004,Bölceağaç Köyü,tarihsel,wikidata-6360
birim,10160005,Çakırca Köyü,tarihsel,wikidata-6360
birim,10160006,Çal Köyü,tarihsel,wikidata-6360
birim,10160007,Çamlı Köyü,tarihsel,wikidata-6360
birim,10160009,Çataltepe Köyü,tarihsel,wikidata-6360
birim,10160010,Çavuşköy Köyü,tarihsel,wikidata-6360
birim,10160011,Cumhuriyet Köyü,tarihsel,wikidata-6360
birim,10160012,Darıca Köyü,tarihsel,wikidata-6360
birim,10160013,Değirmenboğazı Köyü,tarihsel,wikidata-6360
birim,10160014,Dereköy Köyü,tarihsel,wikidata-6360
birim,10160015,Doğancı Köyü,tarihsel,wikidata-6360
birim,10160016,Dura Köyü,tarihsel,wikidata-6360
birim,10160017,Erecek Köyü,tarihsel,wikidata-6360
birim,10160018,Eşen Köyü,tarihsel,wikidata-6360
birim,10160019,Eskiçatal Köyü,tarihsel,wikidata-6360
birim,10160020,Eskimanyas Köyü,tarihsel,wikidata-6360
birim,10160021,Hacıibrahimpınarı Köyü,tarihsel,wikidata-6360
birim,10160022,Hacıosman Köyü,tarihsel,wikidata-6360
birim,10160023,Hacıyakup Köyü,tarihsel,wikidata-6360
birim,10160024,Hamamlı Köyü,tarihsel,wikidata-6360
birim,10160025,Haydar Köyü,tarihsel,wikidata-6360
birim,10160026,Hekim Köyü,tarihsel,wikidata-6360
birim,10160027,İrşadiye Köyü,tarihsel,wikidata-6360
birim,10160028,Işıklar Köyü,tarihsel,wikidata-6360
birim,10160029,Kalebayır Köyü,tarihsel,wikidata-6360
birim,10160030,Kalfa Köyü,tarihsel,wikidata-6360
birim,10160031,Kapaklı Köyü,tarihsel,wikidata-6360
birim,10160032,Karakabaağaç Köyü,tarihsel,wikidata-6360
birim,10160033,Kayaca Köyü,tarihsel,wikidata-6360
birim,10160034,Kızık Köyü,tarihsel,wikidata-6360
birim,10160036,Kocagöl Köyü,tarihsel,wikidata-6360
birim,10160037,Koçoğlu Köyü,tarihsel,wikidata-6360
birim,10160038,Kubaş Köyü,tarihsel,wikidata-6360
birim,10160039,Kulak Köyü,tarihsel,wikidata-6360
birim,10160041,Necip Köyü,tarihsel,wikidata-6360
birim,10160042,Ören Köyü,tarihsel,wikidata-6360
birim,10160043,Peynirkuyu Köyü,tarihsel,wikidata-6360
birim,10160045,Şevketiye Köyü,tarihsel,wikidata-6360
birim,10160046,Süleymanlı Köyü,tarihsel,wikidata-6360
birim,10160047,Tepecik Köyü,tarihsel,wikidata-6360
birim,10160048,Yayla Köyü,tarihsel,wikidata-6360
birim,10160050,Yeniköy Köyü,tarihsel,wikidata-6360
birim,10170002,Asmalı Köyü,tarihsel,wikidata-6360
birim,10170007,Avşa,semt,ptt-semt
birim,10170008,Gündoğdu Köyü,tarihsel,wikidata-6360
birim,10170012,Topağaç Köyü,tarihsel,wikidata-6360
birim,10180001,Akpınar Köyü,tarihsel,wikidata-6360
birim,10180002,Ardıçlı Köyü,tarihsel,wikidata-6360
birim,10180003,Aşağıdanişment Köyü,tarihsel,wikidata-6360
birim,10180004,Beyköy Köyü,tarihsel,wikidata-6360
birim,10180005,Bozalan Köyü,tarihsel,wikidata-6360
birim,10180006,Çaltılı Köyü,tarihsel,wikidata-6360
birim,10180007,Çamurlu Köyü,tarihsel,wikidata-6360
birim,10180008,Çavlı Köyü,tarihsel,wikidata-6360
birim,10180009,Çiftlikdere Köyü,tarihsel,wikidata-6360
birim,10180010,Çukurçayır Köyü,tarihsel,wikidata-6360
birim,10180012,Deveören Köyü,tarihsel,wikidata-6360
birim,10180013,Dikmeler Köyü,tarihsel,wikidata-6360
birim,10180014,Eğerci Köyü,tarihsel,wikidata-6360
birim,10180015,Esenköy Köyü,tarihsel,wikidata-6360
birim,10180015,Sarıbeyler,semt,ptt-semt
birim,10180017,Güvem Köyü,tarihsel,wikidata-6360
birim,10180018,Güvemküçüktarla Köyü,tarihsel,wikidata-6360
birim,10180019,Hıdırbalı Köyü,tarihsel,wikidata-6360
birim,10180021,İsadere Köyü,tarihsel,wikidata-6360
birim,10180023,Kalemköy Köyü,tarihsel,wikidata-6360
birim,10180024,Karacalar Köyü,tarihsel,wikidata-6360
birim,10180025,Karaçam Köyü,tarihsel,wikidata-6360
birim,10180026,Karapınar Köyü,tarihsel,wikidata-6360
birim,10180027,Kocabıyıklar Köyü,tarihsel,wikidata-6360
birim,10180028,Kocaören Köyü,tarihsel,wikidata-6360
birim,10180029,Koğukyurt Köyü,tarihsel,wikidata-6360
birim,10180030,Kongurca Köyü,tarihsel,wikidata-6360
birim,10180031,Kurudere Köyü,tarihsel,wikidata-6360
birim,10180032,Madenmezarı Köyü,tarihsel,wikidata-6360
birim,10180032,Sarıbeyler,semt,ptt-semt
birim,10180033,Mecidiye Köyü,tarihsel,wikidata-6360
birim,10180034,Minnetler Köyü,tarihsel,wikidata-6360
birim,10180035,Pelitcik Köyü,tarihsel,wikidata-6360
birim,10180037,Sarısüleymanlar Köyü,tarihsel,wikidata-6360
birim,10180038,Sıtmapınar Köyü,tarihsel,wikidata-6360
birim,10180039,Soğucak Köyü,tarihsel,wikidata-6360
birim,10180040,Söğütçük Köyü,tarihsel,wikidata-6360
birim,10180041,Söğütlügözle Köyü,tarihsel,wikidata-6360
birim,10180042,Tavşancık Köyü,tarihsel,wikidata-6360
birim,10180043,Türediler Köyü,tarihsel,wikidata-6360
birim,10180044,Yazören Köyü,tarihsel,wikidata-6360
birim,10180045,Yeşilhisar Köyü,tarihsel,wikidata-6360
birim,10180046,Yolcupınarı Köyü,tarihsel,wikidata-6360
birim,10180047,Yukarıdanişment Köyü,tarihsel,wikidata-6360
birim,10180048,Yukarıkaraçam Köyü,tarihsel,wikidata-6360
birim,10180049,Yunakdere Köyü,tarihsel,wikidata-6360
birim,10190001,Akçakısrak Köyü,tarihsel,wikidata-6360
birim,10190002,Aktaş Köyü,tarihsel,wikidata-6360
birim,10190003,Alacaatlı Köyü,tarihsel,wikidata-6360
birim,10190004,Alakır Köyü,tarihsel,wikidata-6360
birim,10190005,Alayaka Köyü,tarihsel,wikidata-6360
birim,10190006,Armutlu Köyü,tarihsel,wikidata-6360
birim,10190007,Aslandede Köyü,tarihsel,wikidata-6360
birim,10190008,Bayraklı Köyü,tarihsel,wikidata-6360
birim,10190009,Bükrecik Köyü,tarihsel,wikidata-6360
birim,10190010,Bulak Köyü,tarihsel,wikidata-6360
birim,10190011,Büyükdağdere Köyü,tarihsel,wikidata-6360
birim,10190012,Çakıllı Köyü,tarihsel,wikidata-6360
birim,10190013,Çaltılı Köyü,tarihsel,wikidata-6360
birim,10190014,Çamalanı Köyü,tarihsel,wikidata-6360
birim,10190018,Çaygören Köyü,tarihsel,wikidata-6360
birim,10190019,Çayır Köyü,tarihsel,wikidata-6360
birim,10190020,Çelebiler Köyü,tarihsel,wikidata-6360
birim,10190021,Çıkrıkçı Köyü,tarihsel,wikidata-6360
birim,10190022,Çılbırcı Köyü,tarihsel,wikidata-6360
birim,10190023,Çoturtepe Köyü,tarihsel,wikidata-6360
birim,10190024,Cüneyt Köyü,tarihsel,wikidata-6360
birim,10190025,Danaçayır Köyü,tarihsel,wikidata-6360
birim,10190026,Dedeler Köyü,tarihsel,wikidata-6360
birim,10190027,Derecikören Köyü,tarihsel,wikidata-6360
birim,10190028,Devletlibaba Köyü,tarihsel,wikidata-6360
birim,10190029,Düğüncüler Köyü,tarihsel,wikidata-6360
birim,10190030,Düvertepe Köyü,tarihsel,wikidata-6360
birim,10190031,Eğridere Köyü,tarihsel,wikidata-6360
birim,10190032,Emendere Köyü,tarihsel,wikidata-6360
birim,10190033,Eşmedere Köyü,tarihsel,wikidata-6360
birim,10190035,Gözören Köyü,tarihsel,wikidata-6360
birim,10190036,Hisaralan Köyü,tarihsel,wikidata-6360
birim,10190037,İbiller Köyü,tarihsel,wikidata-6360
birim,10190038,Işıklar Köyü,tarihsel,wikidata-6360
birim,10190039,İzzettin Köyü,tarihsel,wikidata-6360
birim,10190040,Karaağaç Köyü,tarihsel,wikidata-6360
birim,10190041,Karacalar Köyü,tarihsel,wikidata-6360
birim,10190042,Karagür Köyü,tarihsel,wikidata-6360
birim,10190043,Karakaya Köyü,tarihsel,wikidata-6360
birim,10190044,Kepez Köyü,tarihsel,wikidata-6360
birim,10190045,Kertil Köyü,tarihsel,wikidata-6360
birim,10190046,Kınık Köyü,tarihsel,wikidata-6360
birim,10190047,Kıranköy Köyü,tarihsel,wikidata-6360
birim,10190048,Kızılgür Köyü,tarihsel,wikidata-6360
birim,10190049,Kocabey Köyü,tarihsel,wikidata-6360
birim,10190050,Kocakonak Köyü,tarihsel,wikidata-6360
birim,10190051,Kocasinan Köyü,tarihsel,wikidata-6360
birim,10190052,Kozlu Köyü,tarihsel,wikidata-6360
birim,10190053,Küçükbükü Köyü,tarihsel,wikidata-6360
birim,10190054,Küçükdağdere Köyü,tarihsel,wikidata-6360
birim,10190055,Kürendere Köyü,tarihsel,wikidata-6360
birim,10190057,Mandıra Köyü,tarihsel,wikidata-6360
birim,10190058,Mumcuköy Köyü,tarihsel,wikidata-6360
birim,10190059,Ormaniçi Köyü,tarihsel,wikidata-6360
birim,10190060,Osmanlar Köyü,tarihsel,wikidata-6360
birim,10190061,Pelitören Köyü,tarihsel,wikidata-6360
birim,10190062,Pürsünler Köyü,tarihsel,wikidata-6360
birim,10190064,Şahinkaya Köyü,tarihsel,wikidata-6360
birim,10190065,Şapçı Köyü,tarihsel,wikidata-6360
birim,10190066,Sinandede Köyü,tarihsel,wikidata-6360
birim,10190067,Süller Köyü,tarihsel,wikidata-6360
birim,10190068,Taşköy Köyü,tarihsel,wikidata-6360
birim,10190069,Umurlar Köyü,tarihsel,wikidata-6360
birim,10190072,Yaylacık Köyü,tarihsel,wikidata-6360
birim,10190075,Yusufçamı Köyü,tarihsel,wikidata-6360
birim,10200001,Alibey Köyü,tarihsel,wikidata-6360
birim,10200002,Asmalıdere Köyü,tarihsel,wikidata-6360
birim,10200003,Aziziye Köyü,tarihsel,wikidata-6360
birim,10200004,Babaköy Köyü,tarihsel,wikidata-6360
birim,10200005,Balıklıdere Köyü,tarihsel,wikidata-6360
birim,10200006,Beyköy Köyü,tarihsel,wikidata-6360
birim,10200006,Göbel,semt,ptt-semt
birim,10200007,Bozen Köyü,tarihsel,wikidata-6360
birim,10200009,Buzağılık Köyü,tarihsel,wikidata-6360
birim,10200010,Danaveli Köyü,tarihsel,wikidata-6360
birim,10200011,Demirkapı Köyü,tarihsel,wikidata-6360
birim,10200012,Dereköy Köyü,tarihsel,wikidata-6360
birim,10200013,Duman Köyü,tarihsel,wikidata-6360
birim,10200014,Ekinlik Köyü,tarihsel,wikidata-6360
birim,10200015,Eminpınarı Köyü,tarihsel,wikidata-6360
birim,10200017,Gökçeağaç Köyü,tarihsel,wikidata-6360
birim,10200018,Gökçedere Köyü,tarihsel,wikidata-6360
birim,10200019,Günaydın Köyü,tarihsel,wikidata-6360
birim,10200020,Gürece Köyü,tarihsel,wikidata-6360
birim,10200022,İclaliye Köyü,tarihsel,wikidata-6360
birim,10200023,Göbel,semt,ptt-semt
birim,10200023,Ilıcaboğazı Köyü,tarihsel,wikidata-6360
birim,10200024,Kalfaköy Köyü,tarihsel,wikidata-6360
birim,10200025,Karaköy Köyü,tarihsel,wikidata-6360
birim,10200028,Kayalıdere Köyü,tarihsel,wikidata-6360
birim,10200029,Kayıkçı Köyü,tarihsel,wikidata-6360
birim,10200030,Göbel,semt,ptt-semt
birim,10200030,Kepekler Köyü,tarihsel,wikidata-6360
birim,10200031,Kiraz Köyü,tarihsel,wikidata-6360
birim,10200034,Kulat Köyü,tarihsel,wikidata-6360
birim,10200035,Kurucaoluk Köyü,tarihsel,wikidata-6360
birim,10200036,Göbel,semt,ptt-semt
birim,10200036,Muradiye Köyü,tarihsel,wikidata-6360
birim,10200037,Odalıdam Köyü,tarihsel,wikidata-6360
birim,10200038,Göbel,semt,ptt-semt
birim,10200038,Okçugöl Köyü,tarihsel,wikidata-6360
birim,10200039,Ömerköy Köyü,tarihsel,wikidata-6360
birim,10200041,Paşaköy Köyü,tarihsel,wikidata-6360
birim,10200042,Reşadiye Köyü,tarihsel,wikidata-6360
birim,10200044,Söğütçayır Köyü,tarihsel,wikidata-6360
birim,10200045,Göbel,semt,ptt-semt
birim,10200045,Söve Köyü,tarihsel,wikidata-6360
birim,10200046,Sülecek Köyü,tarihsel,wikidata-6360
birim,10200047,Sultançayır Köyü,tarihsel,wikidata-6360
birim,10200049,Göbel,semt,ptt-semt
birim,10200049,Ümiteli Köyü,tarihsel,wikidata-6360
birim,10200050,Yağcı Köyü,tarihsel,wikidata-6360
birim,10200051,Yahyaköy Köyü,tarihsel,wikidata-6360
birim,10200052,Yaylaçayır Köyü,tarihsel,wikidata-6360
birim,10200054,Yıldız Köyü,tarihsel,wikidata-6360
birim,11040001,Bilecik,semt,ptt-semt
birim,11040002,Bilecik,semt,ptt-semt
birim,11040003,Bilecik,semt,ptt-semt
birim,11040004,Bilecik,semt,ptt-semt
birim,11040008,Bilecik,semt,ptt-semt
birim,11040009,Bilecik,semt,ptt-semt
birim,11040010,Bilecik,semt,ptt-semt
birim,11040011,Bilecik,semt,ptt-semt
birim,11040013,Bilecik,semt,ptt-semt
birim,11040016,Bilecik,semt,ptt-semt
birim,11040017,Bilecik,semt,ptt-semt
birim,11040018,Bilecik,semt,ptt-semt
birim,11040082,Bilecik,semt,ptt-semt
birim,11040083,Bilecik,semt,ptt-semt
birim,12050002,Bingöl,semt,ptt-semt
birim,12050007,Bingöl,semt,ptt-semt
birim,12050010,Bingöl,semt,ptt-semt
birim,12050011,Bingöl,semt,ptt-semt
birim,12050014,Bingöl,semt,ptt-semt
birim,12050017,Bingöl,semt,ptt-semt
birim,12050018,Bingöl,semt,ptt-semt
birim,12050019,Bingöl,semt,ptt-semt
birim,12050020,Bingöl,semt,ptt-semt
birim,12050022,Bingöl,semt,ptt-semt
birim,12050023,Bingöl,semt,ptt-semt
birim,12050024,Bingöl,semt,ptt-semt
birim,12050026,Bingöl,semt,ptt-semt
birim,12050027,Bingöl,semt,ptt-semt
birim,12050029,Bingöl,semt,ptt-semt
birim,13050001,Bitlis,semt,ptt-semt
birim,13050002,Bitlis,semt,ptt-semt
birim,13050006,Bitlis,semt,ptt-semt
birim,13050007,Bitlis,semt,ptt-semt
birim,13050008,Bitlis,semt,ptt-semt
birim,13050009,Bitlis,semt,ptt-semt
birim,13050012,Bitlis,semt,ptt-semt
birim,13050014,Bitlis,semt,ptt-semt
birim,13050015,Bitlis,semt,ptt-semt
birim,13050016,Bitlis,semt,ptt-semt
birim,13050017,Bitlis,semt,ptt-semt
birim,13050021,Bitlis,semt,ptt-semt
birim,13050022,Bitlis,semt,ptt-semt
birim,14010001,Adakınık Köyü,tarihsel,wikidata-6360
birim,14010002,Bayramlar Köyü,tarihsel,wikidata-6360
birim,14010004,Çitler Köyü,tarihsel,wikidata-6360
birim,14010005,Deveciler Köyü,tarihsel,wikidata-6360
birim,14010006,Hacetler Köyü,tarihsel,wikidata-6360
birim,14010008,Kargıbayramlar Köyü,tarihsel,wikidata-6360
birim,14060003,Alpağut Köyü,tarihsel,wikidata-6360
birim,14060010,Çakmaklar Köyü,tarihsel,wikidata-6360
birim,14060012,Çivril Köyü,tarihsel,wikidata-6360
birim,14060014,Dodurga Köyü,tarihsel,wikidata-6360
birim,14060018,Karacaağaç Köyü,tarihsel,wikidata-6360
birim,14060021,Karaköy Köyü,tarihsel,wikidata-6360
birim,14060023,Kasaplar Köyü,tarihsel,wikidata-6360
birim,14060024,Kılıçarslan Köyü,tarihsel,wikidata-6360
birim,14060026,Küçükberk Köyü,tarihsel,wikidata-6360
birim,14060028,Kürkçüler Köyü,tarihsel,wikidata-6360
birim,14060030,Ovadüzü Köyü,tarihsel,wikidata-6360
birim,14060031,Paşaköy Köyü,tarihsel,wikidata-6360
birim,14060033,Salıbeyler Köyü,tarihsel,wikidata-6360
birim,14060034,Sandallar Köyü,tarihsel,wikidata-6360
birim,14060035,Sarıcalar Köyü,tarihsel,wikidata-6360
birim,14060037,Seyit Köyü,tarihsel,wikidata-6360
birim,14060044,Yukarısoku Köyü,tarihsel,wikidata-6360
birim,14070004,Karacasumandıra Köyü,tarihsel,wikidata-6360
birim,14070010,Tosunlar Köyü,tarihsel,wikidata-6360
birim,14070011,Yeğenderesi Köyü,tarihsel,wikidata-6360
birim,15020001,Dirmil,semt,ptt-semt
birim,15020002,Dirmil,semt,ptt-semt
birim,15020003,Dirmil,semt,ptt-semt
birim,15020004,Dirmil,semt,ptt-semt
birim,15090004,Sanayi,semt,ptt-semt
birim,15090018,Sanayi,semt,ptt-semt
birim,15090030,Sanayi,semt,ptt-semt
birim,15090121,Sanayi,semt,ptt-semt
birim,16010001,Akçasaz Köyü,tarihsel,wikidata-6360
birim,16010002,Aktaş Köyü,tarihsel,wikidata-6360
birim,16010003,Armutçuk Köyü,tarihsel,wikidata-6360
birim,16010004,Bademlik Köyü,tarihsel,wikidata-6360
birim,16010005,Balaban Köyü,tarihsel,wikidata-6360
birim,16010006,Bayındır Köyü,tarihsel,wikidata-6360
birim,16010007,Burunca Köyü,tarihsel,wikidata-6360
birim,16010008,Çakıryenice Köyü,tarihsel,wikidata-6360
birim,16010009,Çeribaşı Köyü,tarihsel,wikidata-6360
birim,16010011,Danaçalı Köyü,tarihsel,wikidata-6360
birim,16010012,Danacılar Köyü,tarihsel,wikidata-6360
birim,16010013,Demirler Köyü,tarihsel,wikidata-6360
birim,16010014,Derecik Köyü,tarihsel,wikidata-6360
birim,16010015,Düğüncüler Köyü,tarihsel,wikidata-6360
birim,16010016,Durhasan Köyü,tarihsel,wikidata-6360
birim,16010017,Elekçalı Köyü,tarihsel,wikidata-6360
birim,16010018,Ericek Köyü,tarihsel,wikidata-6360
birim,16010019,Gedikler Köyü,tarihsel,wikidata-6360
birim,16010020,Geynik Köyü,tarihsel,wikidata-6360
birim,16010021,Hacıahmetler Köyü,tarihsel,wikidata-6360
birim,16010022,Hacılar Köyü,tarihsel,wikidata-6360
birim,16010023,Hemşeriler Köyü,tarihsel,wikidata-6360
birim,16010025,İsmetiye Köyü,tarihsel,wikidata-6360
birim,16010026,Karaağız Köyü,tarihsel,wikidata-6360
birim,16010027,Karaçukur Köyü,tarihsel,wikidata-6360
birim,16010028,Karalar Köyü,tarihsel,wikidata-6360
birim,16010029,Kayapa Köyü,tarihsel,wikidata-6360
birim,16010031,Kuşlar Köyü,tarihsel,wikidata-6360
birim,16010032,Mazlumlar Köyü,tarihsel,wikidata-6360
birim,16010033,Örencik Köyü,tarihsel,wikidata-6360
birim,16010035,Osmanlar Köyü,tarihsel,wikidata-6360
birim,16010036,Özlüce Köyü,tarihsel,wikidata-6360
birim,16010037,Perçin Köyü,tarihsel,wikidata-6360
birim,16010038,Pınarköy Köyü,tarihsel,wikidata-6360
birim,16010039,Pirebeyler Köyü,tarihsel,wikidata-6360
birim,16010040,Sarnıç Köyü,tarihsel,wikidata-6360
birim,16010042,Yenice Köyü,tarihsel,wikidata-6360
birim,16010043,Zaferiye Köyü,tarihsel,wikidata-6360
birim,16020001,Adliye Köyü,tarihsel,wikidata-6360
birim,16020005,Büyükkumla Köyü,tarihsel,wikidata-6360
birim,16020006,Cihatlı Köyü,tarihsel,wikidata-6360
birim,16020010,Engürücük Köyü,tarihsel,wikidata-6360
birim,16020012,Feyziye Köyü,tarihsel,wikidata-6360
birim,16020013,Fındıcak Köyü,tarihsel,wikidata-6360
birim,16020015,Güvenli Köyü,tarihsel,wikidata-6360
birim,16020017,Hamidiye Köyü,tarihsel,wikidata-6360
birim,16020021,Karacaali Köyü,tarihsel,wikidata-6360
birim,16020022,Katırlı Köyü,tarihsel,wikidata-6360
birim,16020027,Kurtul Köyü,tarihsel,wikidata-6360
birim,16020028,Muratoba Köyü,tarihsel,wikidata-6360
birim,16020029,Narlı Köyü,tarihsel,wikidata-6360
birim,16020032,Şahinyurdu Köyü,tarihsel,wikidata-6360
birim,16020033,Şükriye Köyü,tarihsel,wikidata-6360
birim,16020036,Yeniköy Köyü,tarihsel,wikidata-6360
birim,16030001,Adaköy Köyü,tarihsel,wikidata-6360
birim,16030002,Ağaköy Köyü,tarihsel,wikidata-6360
birim,16030004,Dışkayaköyü Köyü,tarihsel,wikidata-6360
birim,16030005,Ericekköyü Köyü,tarihsel,wikidata-6360
birim,16030006,Hasanköy Köyü,tarihsel,wikidata-6360
birim,16030007,İğdirköyü Köyü,tarihsel,wikidata-6360
birim,16030010,Karahıdırköyü Köyü,tarihsel,wikidata-6360
birim,16030011,Kazıklıköyü Köyü,tarihsel,wikidata-6360
birim,16030012,Kumlukalan Köyü,tarihsel,wikidata-6360
birim,16040001,Akpınar Köyü,tarihsel,wikidata-6360
birim,16040002,Alutca Köyü,tarihsel,wikidata-6360
birim,16040003,Balatdanişment Köyü,tarihsel,wikidata-6360
birim,16040005,Bekdemirler Köyü,tarihsel,wikidata-6360
birim,16040006,Çakmak Köyü,tarihsel,wikidata-6360
birim,16040008,Çatalsöğüt Köyü,tarihsel,wikidata-6360
birim,16040009,Dedebali Köyü,tarihsel,wikidata-6360
birim,16040010,Delicegüney Köyü,tarihsel,wikidata-6360
birim,16040011,Dutluca Köyü,tarihsel,wikidata-6360
birim,16040013,Gedikören Köyü,tarihsel,wikidata-6360
birim,16040014,Gökçeler Köyü,tarihsel,wikidata-6360
birim,16040015,Gülözü Köyü,tarihsel,wikidata-6360
birim,16040016,Harmancık Akalan Köyü,tarihsel,wikidata-6360
birim,16040017,Hopandanişment Köyü,tarihsel,wikidata-6360
birim,16040018,Ilıcaksu Köyü,tarihsel,wikidata-6360
birim,16040019,İshaklar Köyü,tarihsel,wikidata-6360
birim,16040023,Kışmanlar Köyü,tarihsel,wikidata-6360
birim,16040024,Kocapınar Köyü,tarihsel,wikidata-6360
birim,16040025,Kozluca Köyü,tarihsel,wikidata-6360
birim,16040027,Nalbant Köyü,tarihsel,wikidata-6360
birim,16040028,Okçular Köyü,tarihsel,wikidata-6360
birim,16040031,Yeşilyurt Köyü,tarihsel,wikidata-6360
birim,16050001,Akbaşlar Köyü,tarihsel,wikidata-6360
birim,16050002,Akhisar Köyü,tarihsel,wikidata-6360
birim,16050003,Akıncılar Köyü,tarihsel,wikidata-6360
birim,16050004,Alibey Köyü,tarihsel,wikidata-6360
birim,16050005,Aşağıballık Köyü,tarihsel,wikidata-6360
birim,16050006,Babaoğlu Köyü,tarihsel,wikidata-6360
birim,16050007,Bahariye Köyü,tarihsel,wikidata-6360
birim,16050008,Bahçekaya Köyü,tarihsel,wikidata-6360
birim,16050010,Bayramşah Köyü,tarihsel,wikidata-6360
birim,16050011,Bilalköy Köyü,tarihsel,wikidata-6360
birim,16050012,Boğazköy Köyü,tarihsel,wikidata-6360
birim,16050014,Çavuşköy Köyü,tarihsel,wikidata-6360
birim,16050015,Çaylıca Köyü,tarihsel,wikidata-6360
birim,16050016,Çayyaka Köyü,tarihsel,wikidata-6360
birim,16050017,Çeltikçi Köyü,tarihsel,wikidata-6360
birim,16050018,Cemiyet Köyü,tarihsel,wikidata-6360
birim,16050020,Çiftlikköy Köyü,tarihsel,wikidata-6360
birim,16050021,Çitli Köyü,tarihsel,wikidata-6360
birim,16050024,Deydinler Köyü,tarihsel,wikidata-6360
birim,16050025,Dipsizgöl Köyü,tarihsel,wikidata-6360
birim,16050026,Doğanyurdu Köyü,tarihsel,wikidata-6360
birim,16050027,Dömez Köyü,tarihsel,wikidata-6360
birim,16050028,Edebey Köyü,tarihsel,wikidata-6360
birim,16050029,Elmaçayır Köyü,tarihsel,wikidata-6360
birim,16050031,Esenköy Köyü,tarihsel,wikidata-6360
birim,16050033,Eski Bahçekaya Köyü,tarihsel,wikidata-6360
birim,16050034,Eskikaracakaya Köyü,tarihsel,wikidata-6360
birim,16050035,Eskiköy Köyü,tarihsel,wikidata-6360
birim,16050036,Eymir Köyü,tarihsel,wikidata-6360
birim,16050038,Fevziye Köyü,tarihsel,wikidata-6360
birim,16050039,Fındıklı Köyü,tarihsel,wikidata-6360
birim,16050040,Gazelli Köyü,tarihsel,wikidata-6360
birim,16050041,Gedikpınar Köyü,tarihsel,wikidata-6360
birim,16050042,Gülbahçe Köyü,tarihsel,wikidata-6360
birim,16050043,Gündüzlü Köyü,tarihsel,wikidata-6360
birim,16050044,Güneykestane Köyü,tarihsel,wikidata-6360
birim,16050045,Güzelyurt Köyü,tarihsel,wikidata-6360
birim,16050046,Hacıkara Köyü,tarihsel,wikidata-6360
birim,16050047,Halhalca Köyü,tarihsel,wikidata-6360
birim,16050048,Hamamlı Köyü,tarihsel,wikidata-6360
birim,16050050,Hamitabat Köyü,tarihsel,wikidata-6360
birim,16050051,Hamzabey Köyü,tarihsel,wikidata-6360
birim,16050052,Hasanpaşa Köyü,tarihsel,wikidata-6360
birim,16050053,Hayriye Köyü,tarihsel,wikidata-6360
birim,16050054,Hilmiye Köyü,tarihsel,wikidata-6360
birim,16050055,Hocaköy Köyü,tarihsel,wikidata-6360
birim,16050056,Huzur Köyü,tarihsel,wikidata-6360
birim,16050057,İclaliye Köyü,tarihsel,wikidata-6360
birim,16050058,İhsaniye Köyü,tarihsel,wikidata-6360
birim,16050059,İsaören Köyü,tarihsel,wikidata-6360
birim,16050060,Karagölet Köyü,tarihsel,wikidata-6360
birim,16050061,Karahasanlar Köyü,tarihsel,wikidata-6360
birim,16050062,Karakadı Köyü,tarihsel,wikidata-6360
birim,16050063,Karalar Köyü,tarihsel,wikidata-6360
birim,16050064,Kayapınar Köyü,tarihsel,wikidata-6360
birim,16050066,Kestanealanı Köyü,tarihsel,wikidata-6360
birim,16050067,Kınık Köyü,tarihsel,wikidata-6360
birim,16050068,Kıran Köyü,tarihsel,wikidata-6360
birim,16050069,Kocakonak Köyü,tarihsel,wikidata-6360
birim,16050070,Konurlar Köyü,tarihsel,wikidata-6360
birim,16050071,Kozluca Köyü,tarihsel,wikidata-6360
birim,16050072,Küçükyenice Köyü,tarihsel,wikidata-6360
birim,16050073,Kulaca Köyü,tarihsel,wikidata-6360
birim,16050075,Lütfiye Köyü,tarihsel,wikidata-6360
birim,16050076,Madenköy Köyü,tarihsel,wikidata-6360
birim,16050079,Mezit Köyü,tarihsel,wikidata-6360
birim,16050080,Muratbey Köyü,tarihsel,wikidata-6360
birim,16050081,Olukman Köyü,tarihsel,wikidata-6360
birim,16050083,Ortaköy Köyü,tarihsel,wikidata-6360
birim,16050084,Osmaniye Köyü,tarihsel,wikidata-6360
birim,16050086,Özlüce Köyü,tarihsel,wikidata-6360
birim,16050087,Paşaören Köyü,tarihsel,wikidata-6360
birim,16050088,Rüştiye Köyü,tarihsel,wikidata-6360
birim,16050089,Saadet Köyü,tarihsel,wikidata-6360
birim,16050090,Sarıpınar Köyü,tarihsel,wikidata-6360
birim,16050091,Şehitler Köyü,tarihsel,wikidata-6360
birim,16050093,Şipali Köyü,tarihsel,wikidata-6360
birim,16050094,Soğukdere Köyü,tarihsel,wikidata-6360
birim,16050095,Süle Köyü,tarihsel,wikidata-6360
birim,16050097,Sulhiye Köyü,tarihsel,wikidata-6360
birim,16050098,Sultaniye Köyü,tarihsel,wikidata-6360
birim,16050099,Sülüklügöl Köyü,tarihsel,wikidata-6360
birim,16050100,Sungurpaşa Köyü,tarihsel,wikidata-6360
birim,16050101,Süpürtü Köyü,tarihsel,wikidata-6360
birim,16050103,Tekkeköy Köyü,tarihsel,wikidata-6360
birim,16050104,Tokuş Köyü,tarihsel,wikidata-6360
birim,16050105,Tüfekçikonak Köyü,tarihsel,wikidata-6360
birim,16050107,Turgutalpköy Köyü,tarihsel,wikidata-6360
birim,16050108,Tuzla Köyü,tarihsel,wikidata-6360
birim,16050112,Yeniköy Köyü,tarihsel,wikidata-6360
birim,16050113,Yeniyörük Köyü,tarihsel,wikidata-6360
birim,16050114,Yiğit Köyü,tarihsel,wikidata-6360
birim,16050115,Yukarıballık Köyü,tarihsel,wikidata-6360
birim,16060001,Aydınlar Köyü,tarihsel,wikidata-6360
birim,16060002,Bayındır Köyü,tarihsel,wikidata-6360
birim,16060005,Çakırca Köyü,tarihsel,wikidata-6360
birim,16060006,Çamdibi Köyü,tarihsel,wikidata-6360
birim,16060007,Çamoluk Köyü,tarihsel,wikidata-6360
birim,16060009,Candarlı Köyü,tarihsel,wikidata-6360
birim,16060010,Çiçekli Köyü,tarihsel,wikidata-6360
birim,16060011,Derbent Köyü,tarihsel,wikidata-6360
birim,16060012,Dereköy Köyü,tarihsel,wikidata-6360
birim,16060013,Dırazali Köyü,tarihsel,wikidata-6360
birim,16060015,Elmalı Köyü,tarihsel,wikidata-6360
birim,16060017,Göllüce Köyü,tarihsel,wikidata-6360
birim,16060018,Gürmüzlü Köyü,tarihsel,wikidata-6360
birim,16060019,Hacıosman Köyü,tarihsel,wikidata-6360
birim,16060020,Hisardere Köyü,tarihsel,wikidata-6360
birim,16060021,Hocaköy Köyü,tarihsel,wikidata-6360
birim,16060022,İhsaniye Köyü,tarihsel,wikidata-6360
birim,16060023,İnikli Köyü,tarihsel,wikidata-6360
birim,16060024,Karatekin Köyü,tarihsel,wikidata-6360
birim,16060025,Kaynarca Köyü,tarihsel,wikidata-6360
birim,16060026,Kırıntı Köyü,tarihsel,wikidata-6360
birim,16060027,Kutluca Köyü,tarihsel,wikidata-6360
birim,16060028,Mahmudiye Köyü,tarihsel,wikidata-6360
birim,16060030,Mecidiye Köyü,tarihsel,wikidata-6360
birim,16060031,Müşküle Köyü,tarihsel,wikidata-6360
birim,16060033,Mustafalı Köyü,tarihsel,wikidata-6360
birim,16060034,Ömerli Köyü,tarihsel,wikidata-6360
birim,16060035,Orhaniye Köyü,tarihsel,wikidata-6360
birim,16060036,Osmaniye Köyü,tarihsel,wikidata-6360
birim,16060037,Sansarak Köyü,tarihsel,wikidata-6360
birim,16060038,Sarıağıl Köyü,tarihsel,wikidata-6360
birim,16060040,Şerefiye Köyü,tarihsel,wikidata-6360
birim,16060041,Süleymaniye Köyü,tarihsel,wikidata-6360
birim,16060042,Tacir Köyü,tarihsel,wikidata-6360
birim,16060044,Yenişerefiye Köyü,tarihsel,wikidata-6360
birim,16060046,Yürükler Köyü,tarihsel,wikidata-6360
birim,16070002,Akçakoyun Köyü,tarihsel,wikidata-6360
birim,16070003,Akçasusurluk Köyü,tarihsel,wikidata-6360
birim,16070004,Akhisar Köyü,tarihsel,wikidata-6360
birim,16070005,Arız Köyü,tarihsel,wikidata-6360
birim,16070006,Bakırköy Köyü,tarihsel,wikidata-6360
birim,16070007,Ballıkaya Köyü,tarihsel,wikidata-6360
birim,16070008,Bayramdere Köyü,tarihsel,wikidata-6360
birim,16070009,Beylik Köyü,tarihsel,wikidata-6360
birim,16070010,Boğazköy Köyü,tarihsel,wikidata-6360
birim,16070011,Çamlıca Köyü,tarihsel,wikidata-6360
birim,16070013,Canbaz Köyü,tarihsel,wikidata-6360
birim,16070014,Çarıkköy Köyü,tarihsel,wikidata-6360
birim,16070015,Çavuş Köyü,tarihsel,wikidata-6360
birim,16070016,Çeşnigir Köyü,tarihsel,wikidata-6360
birim,16070017,Dağesemen Köyü,tarihsel,wikidata-6360
birim,16070018,Dağkadı Köyü,tarihsel,wikidata-6360
birim,16070019,Danişment Köyü,tarihsel,wikidata-6360
birim,16070020,Doğla Köyü,tarihsel,wikidata-6360
birim,16070022,Ekinli Köyü,tarihsel,wikidata-6360
birim,16070023,Ekmekçi Köyü,tarihsel,wikidata-6360
birim,16070026,Eskikaraağaç Köyü,tarihsel,wikidata-6360
birim,16070027,Eskisarıbey Köyü,tarihsel,wikidata-6360
birim,16070028,Fevzipaşa Köyü,tarihsel,wikidata-6360
birim,16070031,Gölecik Köyü,tarihsel,wikidata-6360
birim,16070032,Gölkıyı Köyü,tarihsel,wikidata-6360
birim,16070033,Gönü Köyü,tarihsel,wikidata-6360
birim,16070034,Güngörmez Köyü,tarihsel,wikidata-6360
birim,16070036,Harmanlı Köyü,tarihsel,wikidata-6360
birim,16070037,Hayırlar Köyü,tarihsel,wikidata-6360
birim,16070038,Hotanlı Köyü,tarihsel,wikidata-6360
birim,16070040,Hürriyet Köyü,tarihsel,wikidata-6360
birim,16070041,İkizce Köyü,tarihsel,wikidata-6360
birim,16070042,İnkaya Köyü,tarihsel,wikidata-6360
birim,16070043,İsmetpaşa Köyü,tarihsel,wikidata-6360
birim,16070045,Karakoca Köyü,tarihsel,wikidata-6360
birim,16070046,Karasu Köyü,tarihsel,wikidata-6360
birim,16070047,Kedikaya Köyü,tarihsel,wikidata-6360
birim,16070048,Keşlik Köyü,tarihsel,wikidata-6360
birim,16070049,Kıranlar Köyü,tarihsel,wikidata-6360
birim,16070050,Küçükkaraağaç Köyü,tarihsel,wikidata-6360
birim,16070051,Kulakpınar Köyü,tarihsel,wikidata-6360
birim,16070052,Kurşunlu Köyü,tarihsel,wikidata-6360
birim,16070055,Muratlı Köyü,tarihsel,wikidata-6360
birim,16070057,Okçular Köyü,tarihsel,wikidata-6360
birim,16070058,Örencik Köyü,tarihsel,wikidata-6360
birim,16070059,Orhaniye Köyü,tarihsel,wikidata-6360
birim,16070060,Ortasarıbey Köyü,tarihsel,wikidata-6360
birim,16070061,Ova Hamidiye Köyü,tarihsel,wikidata-6360
birim,16070062,Ovaesemen Köyü,tarihsel,wikidata-6360
birim,16070065,Şahinköy Köyü,tarihsel,wikidata-6360
birim,16070066,Şahmelek Köyü,tarihsel,wikidata-6360
birim,16070067,Sazlıca Köyü,tarihsel,wikidata-6360
birim,16070069,Seyran Köyü,tarihsel,wikidata-6360
birim,16070071,Subaşı Köyü,tarihsel,wikidata-6360
birim,16070072,Sultaniye Köyü,tarihsel,wikidata-6360
birim,16070074,Taşlık Köyü,tarihsel,wikidata-6360
birim,16070075,Taşpınar Köyü,tarihsel,wikidata-6360
birim,16070077,Tophisar Köyü,tarihsel,wikidata-6360
birim,16070078,Uluabat Köyü,tarihsel,wikidata-6360
birim,16070079,Yarış Köyü,tarihsel,wikidata-6360
birim,16070082,Yenikaraağaç Köyü,tarihsel,wikidata-6360
birim,16070083,Yenisarıbey Köyü,tarihsel,wikidata-6360
birim,16070084,Yeşildere Köyü,tarihsel,wikidata-6360
birim,16070085,Yolağzı Köyü,tarihsel,wikidata-6360
birim,16080001,Akçapınar Köyü,tarihsel,wikidata-6360
birim,16080002,Alpağut Köyü,tarihsel,wikidata-6360
birim,16080003,Avdan Köyü,tarihsel,wikidata-6360
birim,16080004,Baraklı Köyü,tarihsel,wikidata-6360
birim,16080005,Basak Köyü,tarihsel,wikidata-6360
birim,16080006,Belenören Köyü,tarihsel,wikidata-6360
birim,16080007,Bıyıklıalanı Köyü,tarihsel,wikidata-6360
birim,16080010,Dağ Demirciler Köyü,tarihsel,wikidata-6360
birim,16080011,Dağdibi Köyü,tarihsel,wikidata-6360
birim,16080012,Davutlar Köyü,tarihsel,wikidata-6360
birim,16080013,Dedeler Köyü,tarihsel,wikidata-6360
birim,16080014,Delice Köyü,tarihsel,wikidata-6360
birim,16080015,Denizler Köyü,tarihsel,wikidata-6360
birim,16080016,Durak Köyü,tarihsel,wikidata-6360
birim,16080017,Düvenli Köyü,tarihsel,wikidata-6360
birim,16080018,Epçeler Köyü,tarihsel,wikidata-6360
birim,16080020,Gelemiç Köyü,tarihsel,wikidata-6360
birim,16080021,Gököz Köyü,tarihsel,wikidata-6360
birim,16080022,Harmanalanı Köyü,tarihsel,wikidata-6360
birim,16080023,Harmancık Demirci Köyü,tarihsel,wikidata-6360
birim,16080024,Haydar Köyü,tarihsel,wikidata-6360
birim,16080025,Hereke Köyü,tarihsel,wikidata-6360
birim,16080026,Issızören Köyü,tarihsel,wikidata-6360
birim,16080027,Karaardıç Köyü,tarihsel,wikidata-6360
birim,16080028,Kemaliye Köyü,tarihsel,wikidata-6360
birim,16080029,Kıran Işıklar Köyü,tarihsel,wikidata-6360
birim,16080030,Kirazlı Köyü,tarihsel,wikidata-6360
birim,16080031,Koca Kovacık Köyü,tarihsel,wikidata-6360
birim,16080032,Kozbudaklar Köyü,tarihsel,wikidata-6360
birim,16080034,Menteşe Köyü,tarihsel,wikidata-6360
birim,16080035,Pınarcık Köyü,tarihsel,wikidata-6360
birim,16080037,Sorgun Köyü,tarihsel,wikidata-6360
birim,16080038,Uzunöz Köyü,tarihsel,wikidata-6360
birim,16080039,Yağcılar Köyü,tarihsel,wikidata-6360
birim,16080040,Yazıbaşı Köyü,tarihsel,wikidata-6360
birim,16080042,Yunuslar Köyü,tarihsel,wikidata-6360
birim,16090001,Ağlaşan Köyü,tarihsel,wikidata-6360
birim,16090003,Aksu Köyü,tarihsel,wikidata-6360
birim,16090004,Alaçam Köyü,tarihsel,wikidata-6360
birim,16090005,Babasultan Köyü,tarihsel,wikidata-6360
birim,16090007,Burhaniye Köyü,tarihsel,wikidata-6360
birim,16090008,Çataltepe Köyü,tarihsel,wikidata-6360
birim,16090009,Derekızık Köyü,tarihsel,wikidata-6360
birim,16090010,Dudaklı Köyü,tarihsel,wikidata-6360
birim,16090011,Erdoğan Köyü,tarihsel,wikidata-6360
birim,16090013,Gölbaşı Köyü,tarihsel,wikidata-6360
birim,16090014,Gölcük Köyü,tarihsel,wikidata-6360
birim,16090015,Gözede Köyü,tarihsel,wikidata-6360
birim,16090017,Kayacık Köyü,tarihsel,wikidata-6360
birim,16090018,Kazancı Köyü,tarihsel,wikidata-6360
birim,16090019,Kozluören Köyü,tarihsel,wikidata-6360
birim,16090020,Lütfiye Köyü,tarihsel,wikidata-6360
birim,16090021,Narlıdere Köyü,tarihsel,wikidata-6360
birim,16090022,Nüzhetiye Köyü,tarihsel,wikidata-6360
birim,16090023,Orhaniye Köyü,tarihsel,wikidata-6360
birim,16090024,Osmaniye Köyü,tarihsel,wikidata-6360
birim,16090025,Saitabat Köyü,tarihsel,wikidata-6360
birim,16090026,Sayfiye Köyü,tarihsel,wikidata-6360
birim,16090027,Serme Köyü,tarihsel,wikidata-6360
birim,16090028,Şevketiye Köyü,tarihsel,wikidata-6360
birim,16090029,Seymen Köyü,tarihsel,wikidata-6360
birim,16090030,Soğuksu Köyü,tarihsel,wikidata-6360
birim,16090031,Turanköy Köyü,tarihsel,wikidata-6360
birim,16090032,Ümitalan Köyü,tarihsel,wikidata-6360
birim,16090034,Yağmurlu Köyü,tarihsel,wikidata-6360
birim,16100001,Akköy Köyü,tarihsel,wikidata-6360
birim,16100002,Altıntaş Köyü,tarihsel,wikidata-6360
birim,16100003,Aydınpınar Köyü,tarihsel,wikidata-6360
birim,16100005,Balabancık Köyü,tarihsel,wikidata-6360
birim,16100006,Çağrışan Köyü,tarihsel,wikidata-6360
birim,16100007,Çamlık Köyü,tarihsel,wikidata-6360
birim,16100008,Çayönü Köyü,tarihsel,wikidata-6360
birim,16100009,Çekrice Köyü,tarihsel,wikidata-6360
birim,16100010,Çepni Köyü,tarihsel,wikidata-6360
birim,16100011,Çınarlı Köyü,tarihsel,wikidata-6360
birim,16100012,Dedeköy Köyü,tarihsel,wikidata-6360
birim,16100013,Dereköy Köyü,tarihsel,wikidata-6360
birim,16100014,Eğerce Köyü,tarihsel,wikidata-6360
birim,16100015,Emirleryenicesi Köyü,tarihsel,wikidata-6360
birim,16100016,Esence Köyü,tarihsel,wikidata-6360
birim,16100017,Evciler Köyü,tarihsel,wikidata-6360
birim,16100018,Göynüklü Köyü,tarihsel,wikidata-6360
birim,16100024,Hançerli Köyü,tarihsel,wikidata-6360
birim,16100027,İpekyayla Köyü,tarihsel,wikidata-6360
birim,16100028,Işıklı Köyü,tarihsel,wikidata-6360
birim,16100029,Kaymakoba Köyü,tarihsel,wikidata-6360
birim,16100030,Küçükyenice Köyü,tarihsel,wikidata-6360
birim,16100031,Kumyaka Köyü,tarihsel,wikidata-6360
birim,16100032,Mesudiye Köyü,tarihsel,wikidata-6360
birim,16100033,Mirzaoba Köyü,tarihsel,wikidata-6360
birim,16100034,Mürsel Köyü,tarihsel,wikidata-6360
birim,16100037,Orhaniye Köyü,tarihsel,wikidata-6360
birim,16100038,Söğütpınar Köyü,tarihsel,wikidata-6360
birim,16100042,Yalıçiftlik Köyü,tarihsel,wikidata-6360
birim,16100043,Yaman Köyü,tarihsel,wikidata-6360
birim,16100044,Yaylacık Köyü,tarihsel,wikidata-6360
birim,16100046,Yörükali Köyü,tarihsel,wikidata-6360
birim,16100047,Yörükyenicesi Köyü,tarihsel,wikidata-6360
birim,16110001,Adaköy Köyü,tarihsel,wikidata-6360
birim,16110003,Ağaçlı Köyü,tarihsel,wikidata-6360
birim,16110004,Akarca Köyü,tarihsel,wikidata-6360
birim,16110005,Akçapınar Köyü,tarihsel,wikidata-6360
birim,16110006,Alacaat Köyü,tarihsel,wikidata-6360
birim,16110007,Aliseydi Köyü,tarihsel,wikidata-6360
birim,16110008,Alpağut Köyü,tarihsel,wikidata-6360
birim,16110009,Aralık Köyü,tarihsel,wikidata-6360
birim,16110010,Aşağıbalı Köyü,tarihsel,wikidata-6360
birim,16110013,Ayaz Köyü,tarihsel,wikidata-6360
birim,16110014,Bahariye Köyü,tarihsel,wikidata-6360
birim,16110016,Behram Köyü,tarihsel,wikidata-6360
birim,16110017,Boğaz Köyü,tarihsel,wikidata-6360
birim,16110018,Bostandere Köyü,tarihsel,wikidata-6360
birim,16110019,Bük Köyü,tarihsel,wikidata-6360
birim,16110020,Çakallar Köyü,tarihsel,wikidata-6360
birim,16110021,Çaltılıbük Köyü,tarihsel,wikidata-6360
birim,16110022,Camandar Köyü,tarihsel,wikidata-6360
birim,16110023,Çamlıca Köyü,tarihsel,wikidata-6360
birim,16110024,Çardakbelen Köyü,tarihsel,wikidata-6360
birim,16110025,Çavuş Köyü,tarihsel,wikidata-6360
birim,16110028,Çiviliçam Köyü,tarihsel,wikidata-6360
birim,16110029,Çömlekçi Köyü,tarihsel,wikidata-6360
birim,16110030,Çördük Köyü,tarihsel,wikidata-6360
birim,16110032,Dallıca Köyü,tarihsel,wikidata-6360
birim,16110033,Demirdere Köyü,tarihsel,wikidata-6360
birim,16110034,Demireli Köyü,tarihsel,wikidata-6360
birim,16110036,Derecik Köyü,tarihsel,wikidata-6360
birim,16110037,Derekadı Köyü,tarihsel,wikidata-6360
birim,16110038,Devecikonağı Köyü,tarihsel,wikidata-6360
birim,16110039,Doğanalan Köyü,tarihsel,wikidata-6360
birim,16110040,Doğancı Köyü,tarihsel,wikidata-6360
birim,16110041,Döllük Köyü,tarihsel,wikidata-6360
birim,16110042,Dorak Köyü,tarihsel,wikidata-6360
birim,16110043,Durumtay Köyü,tarihsel,wikidata-6360
birim,16110044,Eskibalçık Köyü,tarihsel,wikidata-6360
birim,16110045,Eskikızılelma Köyü,tarihsel,wikidata-6360
birim,16110047,Fındıcak Köyü,tarihsel,wikidata-6360
birim,16110048,Garipçetekke Köyü,tarihsel,wikidata-6360
birim,16110049,Güller Köyü,tarihsel,wikidata-6360
birim,16110050,Güllüce Köyü,tarihsel,wikidata-6360
birim,16110051,Gündoğdu Köyü,tarihsel,wikidata-6360
birim,16110052,Güveçdere Köyü,tarihsel,wikidata-6360
birim,16110053,Güvem Köyü,tarihsel,wikidata-6360
birim,16110054,Hacıahmet Köyü,tarihsel,wikidata-6360
birim,16110055,Hacıali Köyü,tarihsel,wikidata-6360
birim,16110056,Hamidiye Köyü,tarihsel,wikidata-6360
birim,16110059,Hisaraltı Köyü,tarihsel,wikidata-6360
birim,16110060,İlyasçılar Köyü,tarihsel,wikidata-6360
birim,16110061,İncealipınar Köyü,tarihsel,wikidata-6360
birim,16110062,Işıklar Köyü,tarihsel,wikidata-6360
birim,16110063,Kabulbaba Köyü,tarihsel,wikidata-6360
birim,16110064,Kadirçeşme Köyü,tarihsel,wikidata-6360
birim,16110065,Kapaklıoluk Köyü,tarihsel,wikidata-6360
birim,16110066,Karacalar Köyü,tarihsel,wikidata-6360
birim,16110067,Karaköy Köyü,tarihsel,wikidata-6360
birim,16110068,Karaoğlan Köyü,tarihsel,wikidata-6360
birim,16110069,Karaorman Köyü,tarihsel,wikidata-6360
birim,16110070,Karapınar Köyü,tarihsel,wikidata-6360
birim,16110071,Kayabaşı Köyü,tarihsel,wikidata-6360
birim,16110072,Kazanpınar Köyü,tarihsel,wikidata-6360
birim,16110073,Keltaş Köyü,tarihsel,wikidata-6360
birim,16110074,Kestelek Köyü,tarihsel,wikidata-6360
birim,16110075,Killik Köyü,tarihsel,wikidata-6360
birim,16110076,Kocakoru Köyü,tarihsel,wikidata-6360
birim,16110077,Kömürcükadı Köyü,tarihsel,wikidata-6360
birim,16110078,Körekem Köyü,tarihsel,wikidata-6360
birim,16110079,Kösehoroz Köyü,tarihsel,wikidata-6360
birim,16110080,Kosova Köyü,tarihsel,wikidata-6360
birim,16110081,Koşuboğazı Köyü,tarihsel,wikidata-6360
birim,16110082,Kumkadı Köyü,tarihsel,wikidata-6360
birim,16110083,Kurşunlu Köyü,tarihsel,wikidata-6360
birim,16110085,Lütfiye Köyü,tarihsel,wikidata-6360
birim,16110086,Melik Köyü,tarihsel,wikidata-6360
birim,16110087,Muradiyesarnıç Köyü,tarihsel,wikidata-6360
birim,16110088,Ocaklı Köyü,tarihsel,wikidata-6360
birim,16110089,Ömeraltı Köyü,tarihsel,wikidata-6360
birim,16110090,Onaç Köyü,tarihsel,wikidata-6360
birim,16110091,Orhaniye Köyü,tarihsel,wikidata-6360
birim,16110092,Ormankadı Köyü,tarihsel,wikidata-6360
birim,16110096,Paşalar Köyü,tarihsel,wikidata-6360
birim,16110097,Şapçı Köyü,tarihsel,wikidata-6360
birim,16110098,Sarımustafalar Köyü,tarihsel,wikidata-6360
birim,16110099,Şehriman Köyü,tarihsel,wikidata-6360
birim,16110104,Sincansarnıç Köyü,tarihsel,wikidata-6360
birim,16110105,Soğucak Köyü,tarihsel,wikidata-6360
birim,16110106,Soğukpınar Köyü,tarihsel,wikidata-6360
birim,16110107,Söğütalan Köyü,tarihsel,wikidata-6360
birim,16110108,Sünlük Köyü,tarihsel,wikidata-6360
birim,16110109,Taşköprü Köyü,tarihsel,wikidata-6360
birim,16110110,Taşpınar Köyü,tarihsel,wikidata-6360
birim,16110113,Tırnova Köyü,tarihsel,wikidata-6360
birim,16110114,Üçbeyli Köyü,tarihsel,wikidata-6360
birim,16110115,Uğurlupınar Köyü,tarihsel,wikidata-6360
birim,16110118,Yamanlı Köyü,tarihsel,wikidata-6360
birim,16110119,Yavelli Köyü,tarihsel,wikidata-6360
birim,16110120,Yaylaçayır Köyü,tarihsel,wikidata-6360
birim,16110121,Yenibalçık Köyü,tarihsel,wikidata-6360
birim,16110122,Yenice Köyü,tarihsel,wikidata-6360
birim,16110124,Yenikızılelma Köyü,tarihsel,wikidata-6360
birim,16110126,Yoncaağaç Köyü,tarihsel,wikidata-6360
birim,16110127,Yukarıbalı Köyü,tarihsel,wikidata-6360
birim,16110128,Yumurcaklı Köyü,tarihsel,wikidata-6360
birim,16120006,İzmiryolboyu,semt,ptt-semt
birim,16120007,Alaattinbey,semt,ptt-semt
birim,16120010,Atlas Köyü,tarihsel,wikidata-6360
birim,16120010,Nilüferköy,semt,ptt-semt
birim,16120011,Ayvaköy Köyü,tarihsel,wikidata-6360
birim,16120011,Nilüferköy,semt,ptt-semt
birim,16120012,Badırga Köyü,tarihsel,wikidata-6360
birim,16120012,Nilüferköy,semt,ptt-semt
birim,16120016,Başköy Köyü,tarihsel,wikidata-6360
birim,16120016,Nilüferköy,semt,ptt-semt
birim,16120018,Büyükbalıklı Köyü,tarihsel,wikidata-6360
birim,16120018,İzmiryolboyu,semt,ptt-semt
birim,16120021,Nilüferköy,semt,ptt-semt
birim,16120021,Çatalağıl Köyü,tarihsel,wikidata-6360
birim,16120022,Nilüferköy,semt,ptt-semt
birim,16120022,Çaylı Köyü,tarihsel,wikidata-6360
birim,16120024,Dağyenice Köyü,tarihsel,wikidata-6360
birim,16120024,Nilüferköy,semt,ptt-semt
birim,16120026,Doğanköy Köyü,tarihsel,wikidata-6360
birim,16120026,İzmiryolboyu,semt,ptt-semt
birim,16120030,Fadıllı Köyü,tarihsel,wikidata-6360
birim,16120030,Nilüferköy,semt,ptt-semt
birim,16120032,Gökçe Köyü,tarihsel,wikidata-6360
birim,16120032,İzmiryolboyu,semt,ptt-semt
birim,16120033,İzmiryolboyu,semt,ptt-semt
birim,16120036,Güngören Köyü,tarihsel,wikidata-6360
birim,16120036,Nilüferköy,semt,ptt-semt
birim,16120039,Nilüferköy,semt,ptt-semt
birim,16120039,İnegazi Köyü,tarihsel,wikidata-6360
birim,16120040,İrfaniye Köyü,tarihsel,wikidata-6360
birim,16120040,İzmiryolboyu,semt,ptt-semt
birim,16120041,Organizesanayi,semt,ptt-semt
birim,16120042,Kadriye Köyü,tarihsel,wikidata-6360
birim,16120042,Nilüferköy,semt,ptt-semt
birim,16120043,Karacaoba Köyü,tarihsel,wikidata-6360
birim,16120043,Nilüferköy,semt,ptt-semt
birim,16120048,Konaklı Köyü,tarihsel,wikidata-6360
birim,16120048,İzmiryolboyu,semt,ptt-semt
birim,16120049,Korubaşı Köyü,tarihsel,wikidata-6360
birim,16120049,Nilüferköy,semt,ptt-semt
birim,16120052,Kuruçeşme Köyü,tarihsel,wikidata-6360
birim,16120052,Nilüferköy,semt,ptt-semt
birim,16120053,Makşempınarı Köyü,tarihsel,wikidata-6360
birim,16120053,Nilüferköy,semt,ptt-semt
birim,16120054,Nosab,semt,ptt-semt
birim,16120057,Tahtalı Köyü,tarihsel,wikidata-6360
birim,16120059,Nilüferköy,semt,ptt-semt
birim,16120059,Üçpınar Köyü,tarihsel,wikidata-6360
birim,16120060,Nilüferköy,semt,ptt-semt
birim,16120060,Unçukuru Köyü,tarihsel,wikidata-6360
birim,16120061,Alaattinbey,semt,ptt-semt
birim,16120062,Yaylacık Köyü,tarihsel,wikidata-6360
birim,16120063,Yolçatı Köyü,tarihsel,wikidata-6360
birim,16120063,İzmiryolboyu,semt,ptt-semt
birim,16120066,Organizesanayi,semt,ptt-semt
birim,16120068,Organizesanayi,semt,ptt-semt
birim,16120069,Nosab,semt,ptt-semt
birim,16120070,Nosab,semt,ptt-semt
birim,16130002,Ağaçhisar Köyü,tarihsel,wikidata-6360
birim,16130003,Akalan Köyü,tarihsel,wikidata-6360
birim,16130004,Akçabük Köyü,tarihsel,wikidata-6360
birim,16130005,Altıntaş Köyü,tarihsel,wikidata-6360
birim,16130006,Argın Köyü,tarihsel,wikidata-6360
birim,16130007,Balıoğlu Köyü,tarihsel,wikidata-6360
birim,16130008,Başköy Köyü,tarihsel,wikidata-6360
birim,16130009,Belenoluk Köyü,tarihsel,wikidata-6360
birim,16130010,Çeki Köyü,tarihsel,wikidata-6360
birim,16130011,Celepler Köyü,tarihsel,wikidata-6360
birim,16130012,Çınarcık Köyü,tarihsel,wikidata-6360
birim,16130013,Çivili Köyü,tarihsel,wikidata-6360
birim,16130014,Çöreler Köyü,tarihsel,wikidata-6360
birim,16130015,Dağgüney Köyü,tarihsel,wikidata-6360
birim,16130016,Deliballılar Köyü,tarihsel,wikidata-6360
birim,16130017,Demirci Köyü,tarihsel,wikidata-6360
birim,16130018,Dere Köyü,tarihsel,wikidata-6360
birim,16130019,Dündar Köyü,tarihsel,wikidata-6360
birim,16130020,Emir Köyü,tarihsel,wikidata-6360
birim,16130021,Erenler Köyü,tarihsel,wikidata-6360
birim,16130023,Eskidanişment Köyü,tarihsel,wikidata-6360
birim,16130024,Fadıl Köyü,tarihsel,wikidata-6360
birim,16130026,Firoz Köyü,tarihsel,wikidata-6360
birim,16130027,Gazioluk Köyü,tarihsel,wikidata-6360
birim,16130029,Girencik Köyü,tarihsel,wikidata-6360
birim,16130030,Göktepe Köyü,tarihsel,wikidata-6360
birim,16130032,Gümüşpınar Köyü,tarihsel,wikidata-6360
birim,16130033,İkizoluk Köyü,tarihsel,wikidata-6360
birim,16130035,Kabaklar Köyü,tarihsel,wikidata-6360
birim,16130036,Kadı Köyü,tarihsel,wikidata-6360
birim,16130038,Karaoğlanlar Köyü,tarihsel,wikidata-6360
birim,16130039,Karasi Köyü,tarihsel,wikidata-6360
birim,16130041,Koçu Köyü,tarihsel,wikidata-6360
birim,16130042,Küçükorhan Köyü,tarihsel,wikidata-6360
birim,16130043,Kusumlar Köyü,tarihsel,wikidata-6360
birim,16130044,Letafet Köyü,tarihsel,wikidata-6360
birim,16130045,Mahaller Köyü,tarihsel,wikidata-6360
birim,16130046,Nalınlar Köyü,tarihsel,wikidata-6360
birim,16130047,Orta Köyü,tarihsel,wikidata-6360
birim,16130048,Osmaniyeçatak Köyü,tarihsel,wikidata-6360
birim,16130049,Sadağı Köyü,tarihsel,wikidata-6360
birim,16130050,Semerci Köyü,tarihsel,wikidata-6360
birim,16130051,Serçeler Köyü,tarihsel,wikidata-6360
birim,16130052,Sırıl Köyü,tarihsel,wikidata-6360
birim,16130053,Söğüt Köyü,tarihsel,wikidata-6360
birim,16130054,Şükriye Köyü,tarihsel,wikidata-6360
birim,16130055,Süleymanbey Köyü,tarihsel,wikidata-6360
birim,16130056,Tepecik Köyü,tarihsel,wikidata-6360
birim,16130057,Topuk Köyü,tarihsel,wikidata-6360
birim,16130058,Yakuplar Köyü,tarihsel,wikidata-6360
birim,16130059,Yenidanişment Köyü,tarihsel,wikidata-6360
birim,16130060,Yeşiller Köyü,tarihsel,wikidata-6360
birim,16130061,Yörükler Köyü,tarihsel,wikidata-6360
birim,16140001,Akharem Köyü,tarihsel,wikidata-6360
birim,16140003,Bayırköy Köyü,tarihsel,wikidata-6360
birim,16140006,Çeltikçi Köyü,tarihsel,wikidata-6360
birim,16140007,Cihanköy Köyü,tarihsel,wikidata-6360
birim,16140008,Dutluca Köyü,tarihsel,wikidata-6360
birim,16140010,Fındıklı Köyü,tarihsel,wikidata-6360
birim,16140011,Gedelek Köyü,tarihsel,wikidata-6360
birim,16140012,Gemiç Köyü,tarihsel,wikidata-6360
birim,16140013,Gölyaka Köyü,tarihsel,wikidata-6360
birim,16140014,Gürle Köyü,tarihsel,wikidata-6360
birim,16140015,Hamzalı Köyü,tarihsel,wikidata-6360
birim,16140016,Heceler Köyü,tarihsel,wikidata-6360
birim,16140018,Karsak Köyü,tarihsel,wikidata-6360
birim,16140019,Keramet Köyü,tarihsel,wikidata-6360
birim,16140020,Mahmudiye Köyü,tarihsel,wikidata-6360
birim,16140023,Örnekköy Köyü,tarihsel,wikidata-6360
birim,16140024,Ortaköy Köyü,tarihsel,wikidata-6360
birim,16140025,Paşapınar Köyü,tarihsel,wikidata-6360
birim,16140028,Üreğil Köyü,tarihsel,wikidata-6360
birim,16140029,Yenigürle Köyü,tarihsel,wikidata-6360
birim,16150002,Osmangaziköy,semt,ptt-semt
birim,16150004,Emek,semt,ptt-semt
birim,16150005,Osmangaziköy,semt,ptt-semt
birim,16150007,Hisar,semt,ptt-semt
birim,16150008,Hisar,semt,ptt-semt
birim,16150009,Çarşı,semt,ptt-semt
birim,16150012,Hisar,semt,ptt-semt
birim,16150013,Balıklı,semt,ptt-semt
birim,16150017,Osmangaziköy,semt,ptt-semt
birim,16150019,Osmangaziköy,semt,ptt-semt
birim,16150021,Balıklı,semt,ptt-semt
birim,16150022,Osmangaziköy,semt,ptt-semt
birim,16150023,Osmangaziköy,semt,ptt-semt
birim,16150024,Osmangaziköy,semt,ptt-semt
birim,16150031,Osmangaziköy,semt,ptt-semt
birim,16150032,Hisar,semt,ptt-semt
birim,16150033,Demirtaş,semt,ptt-semt
birim,16150034,Demirtaş,semt,ptt-semt
birim,16150035,Demirtaş,semt,ptt-semt
birim,16150036,Demirtaş,semt,ptt-semt
birim,16150037,Ulumahalle,semt,ptt-semt
birim,16150041,Ulumahalle,semt,ptt-semt
birim,16150042,Osmangaziköy,semt,ptt-semt
birim,16150044,Osmangaziköy,semt,ptt-semt
birim,16150045,Çarşı,semt,ptt-semt
birim,16150046,Ulumahalle,semt,ptt-semt
birim,16150047,Emek,semt,ptt-semt
birim,16150048,Emek,semt,ptt-semt
birim,16150049,Emek,semt,ptt-semt
birim,16150052,Emek,semt,ptt-semt
birim,16150053,Osmangaziköy,semt,ptt-semt
birim,16150055,Osmangaziköy,semt,ptt-semt
birim,16150057,Osmangaziköy,semt,ptt-semt
birim,16150058,Osmangaziköy,semt,ptt-semt
birim,16150059,Ulumahalle,semt,ptt-semt
birim,16150061,Hisar,semt,ptt-semt
birim,16150066,Osmangaziköy,semt,ptt-semt
birim,16150068,Osmangaziköy,semt,ptt-semt
birim,16150072,Hisar,semt,ptt-semt
birim,16150073,Osmangaziköy,semt,ptt-semt
birim,16150074,Osmangaziköy,semt,ptt-semt
birim,16150075,Hisar,semt,ptt-semt
birim,16150078,Osmangaziköy,semt,ptt-semt
birim,16150079,Ulumahalle,semt,ptt-semt
birim,16150080,Ulumahalle,semt,ptt-semt
birim,16150081,Hisar,semt,ptt-semt
birim,16150083,Balıklı,semt,ptt-semt
birim,16150084,Osmangaziköy,semt,ptt-semt
birim,16150090,Hisar,semt,ptt-semt
birim,16150091,Hisar,semt,ptt-semt
birim,16150092,Hisar,semt,ptt-semt
birim,16150093,Osmangaziköy,semt,ptt-semt
birim,16150096,Emek,semt,ptt-semt
birim,16150098,Hisar,semt,ptt-semt
birim,16150099,Ovaakça,semt,ptt-semt
birim,16150100,Ovaakça,semt,ptt-semt
birim,16150101,Ovaakça,semt,ptt-semt
birim,16150102,Ovaakça,semt,ptt-semt
birim,16150104,Hisar,semt,ptt-semt
birim,16150105,Çarşı,semt,ptt-semt
birim,16150106,Ulumahalle,semt,ptt-semt
birim,16150108,Osmangaziköy,semt,ptt-semt
birim,16150109,Osmangaziköy,semt,ptt-semt
birim,16150111,Çarşı,semt,ptt-semt
birim,16150113,Osmangaziköy,semt,ptt-semt
birim,16150118,Osmangaziköy,semt,ptt-semt
birim,16150119,Osmangaziköy,semt,ptt-semt
birim,16150120,Hisar,semt,ptt-semt
birim,16150121,Ulumahalle,semt,ptt-semt
birim,16150123,Osmangaziköy,semt,ptt-semt
birim,16150124,Çarşı,semt,ptt-semt
birim,16150125,Ulumahalle,semt,ptt-semt
birim,16150126,Osmangaziköy,semt,ptt-semt
birim,16150127,Balıklı,semt,ptt-semt
birim,16150133,Balıklı,semt,ptt-semt
birim,16150134,Osmangaziköy,semt,ptt-semt
birim,16150137,Dosab,semt,ptt-semt
birim,16160001,Afşar Köyü,tarihsel,wikidata-6360
birim,16160002,Akbıyık Köyü,tarihsel,wikidata-6360
birim,16160003,Akçapınar Köyü,tarihsel,wikidata-6360
birim,16160004,Akdere Köyü,tarihsel,wikidata-6360
birim,16160005,Alaylı Köyü,tarihsel,wikidata-6360
birim,16160006,Ayaz Köyü,tarihsel,wikidata-6360
birim,16160007,Aydoğdu Köyü,tarihsel,wikidata-6360
birim,16160008,Barcın Köyü,tarihsel,wikidata-6360
birim,16160009,Beypınar Köyü,tarihsel,wikidata-6360
birim,16160010,Burcun Köyü,tarihsel,wikidata-6360
birim,16160011,Çamönü Köyü,tarihsel,wikidata-6360
birim,16160012,Çardak Köyü,tarihsel,wikidata-6360
birim,16160014,Çayırlı Köyü,tarihsel,wikidata-6360
birim,16160015,Çelebi Köyü,tarihsel,wikidata-6360
birim,16160016,Çeltikçi Köyü,tarihsel,wikidata-6360
birim,16160017,Çiçeközü Köyü,tarihsel,wikidata-6360
birim,16160018,Cihadiye Köyü,tarihsel,wikidata-6360
birim,16160019,Demirboğa Köyü,tarihsel,wikidata-6360
birim,16160020,Dereköy Köyü,tarihsel,wikidata-6360
birim,16160021,Ebeköy Köyü,tarihsel,wikidata-6360
birim,16160022,Eğerce Köyü,tarihsel,wikidata-6360
birim,16160023,Fethiye Köyü,tarihsel,wikidata-6360
birim,16160024,Gökçesu Köyü,tarihsel,wikidata-6360
birim,16160026,Günece Köyü,tarihsel,wikidata-6360
birim,16160027,Hayriye Köyü,tarihsel,wikidata-6360
birim,16160029,İncirli Köyü,tarihsel,wikidata-6360
birim,16160030,Karaamca Köyü,tarihsel,wikidata-6360
birim,16160031,Karabahadır Köyü,tarihsel,wikidata-6360
birim,16160032,Karacaahmet Köyü,tarihsel,wikidata-6360
birim,16160033,Karacaali Köyü,tarihsel,wikidata-6360
birim,16160034,Karaköy Köyü,tarihsel,wikidata-6360
birim,16160035,Karasıl Köyü,tarihsel,wikidata-6360
birim,16160036,Kavaklı Köyü,tarihsel,wikidata-6360
birim,16160037,Kıblepınar Köyü,tarihsel,wikidata-6360
birim,16160038,Kirazlıyayla Köyü,tarihsel,wikidata-6360
birim,16160039,Kızılhisar Köyü,tarihsel,wikidata-6360
birim,16160040,Kızılköy Köyü,tarihsel,wikidata-6360
birim,16160041,Köprühisar Köyü,tarihsel,wikidata-6360
birim,16160042,Koyunhisar Köyü,tarihsel,wikidata-6360
birim,16160043,Kozdere Köyü,tarihsel,wikidata-6360
birim,16160045,Mahmudiye Köyü,tarihsel,wikidata-6360
birim,16160046,Marmaracık Köyü,tarihsel,wikidata-6360
birim,16160047,Mecidiye Köyü,tarihsel,wikidata-6360
birim,16160048,Menteşe Köyü,tarihsel,wikidata-6360
birim,16160049,Orhaniye Köyü,tarihsel,wikidata-6360
birim,16160050,Osmaniye Köyü,tarihsel,wikidata-6360
birim,16160051,Papatya Köyü,tarihsel,wikidata-6360
birim,16160052,Paşayayla Köyü,tarihsel,wikidata-6360
birim,16160053,Reşadiye Köyü,tarihsel,wikidata-6360
birim,16160054,Selimiye Köyü,tarihsel,wikidata-6360
birim,16160055,Söylemiş Köyü,tarihsel,wikidata-6360
birim,16160056,Subaşı Köyü,tarihsel,wikidata-6360
birim,16160057,Süleymaniye Köyü,tarihsel,wikidata-6360
birim,16160059,Terziler Köyü,tarihsel,wikidata-6360
birim,16160060,Toprakdere Köyü,tarihsel,wikidata-6360
birim,16160061,Toprakocak Köyü,tarihsel,wikidata-6360
birim,16160063,Yarhisar Köyü,tarihsel,wikidata-6360
birim,16160064,Yazılı Köyü,tarihsel,wikidata-6360
birim,16160067,Yeniköy Köyü,tarihsel,wikidata-6360
birim,16160068,Yıldırım Köyü,tarihsel,wikidata-6360
birim,16160070,Yolören Köyü,tarihsel,wikidata-6360
birim,16170004,Duaçınar,semt,ptt-semt
birim,16170007,Balaban Köyü,tarihsel,wikidata-6360
birim,16170011,Cumalıkızık Köyü,tarihsel,wikidata-6360
birim,16170017,Duaçınar,semt,ptt-semt
birim,16170019,Setbaşı,semt,ptt-semt
birim,16170027,Hamamlıkızık Köyü,tarihsel,wikidata-6360
birim,16170028,Setbaşı,semt,ptt-semt
birim,16170031,Setbaşı,semt,ptt-semt
birim,16170032,Setbaşı,semt,ptt-semt
birim,16170034,Duaçınar,semt,ptt-semt
birim,16170035,Setbaşı,semt,ptt-semt
birim,16170039,Setbaşı,semt,ptt-semt
birim,16170040,Duaçınar,semt,ptt-semt
birim,16170042,Setbaşı,semt,ptt-semt
birim,16170044,Setbaşı,semt,ptt-semt
birim,16170047,Duaçınar,semt,ptt-semt
birim,16170055,Setbaşı,semt,ptt-semt
birim,16170057,Setbaşı,semt,ptt-semt
birim,16170059,Duaçınar,semt,ptt-semt
birim,16170062,Setbaşı,semt,ptt-semt
birim,16170063,Setbaşı,semt,ptt-semt
birim,16170067,Duaçınar,semt,ptt-semt
birim,16170068,Zeyniler Köyü,tarihsel,wikidata-6360
birim,17020010,Yiğitler,semt,ptt-semt
birim,17020011,Yiğitler,semt,ptt-semt
birim,17020012,Yiğitler,semt,ptt-semt
birim,17020014,Yiğitler,semt,ptt-semt
birim,17020017,Yiğitler,semt,ptt-semt
birim,17020020,Yiğitler,semt,ptt-semt
birim,17020021,Yiğitler,semt,ptt-semt
birim,17020028,Yiğitler,semt,ptt-semt
birim,17020030,Yiğitler,semt,ptt-semt
birim,17020031,Yiğitler,semt,ptt-semt
birim,17020032,Yiğitler,semt,ptt-semt
birim,17020033,Yiğitler,semt,ptt-semt
birim,17020034,Yiğitler,semt,ptt-semt
birim,17020036,Yiğitler,semt,ptt-semt
birim,17020038,Yiğitler,semt,ptt-semt
birim,17020041,Yiğitler,semt,ptt-semt
birim,17020044,Yiğitler,semt,ptt-semt
birim,17020047,Yiğitler,semt,ptt-semt
birim,17020050,Yiğitler,semt,ptt-semt
birim,17020059,Yiğitler,semt,ptt-semt
birim,17020064,Yiğitler,semt,ptt-semt
birim,17020067,Yiğitler,semt,ptt-semt
birim,17020069,Yiğitler,semt,ptt-semt
birim,17020070,Yiğitler,semt,ptt-semt
birim,17020071,Yiğitler,semt,ptt-semt
birim,17020073,Yiğitler,semt,ptt-semt
birim,17020074,Yiğitler,semt,ptt-semt
birim,17020075,Yiğitler,semt,ptt-semt
birim,17020091,Yiğitler,semt,ptt-semt
birim,17020093,Yiğitler,semt,ptt-semt
birim,17090001,İmroz,semt,ptt-semt
birim,17090002,İmroz,semt,ptt-semt
birim,17090003,İmroz,semt,ptt-semt
birim,17090005,İmroz,semt,ptt-semt
birim,18090001,Taşmescit,semt,ptt-semt
birim,18090002,Taşmescit,semt,ptt-semt
birim,18090003,Çarşı,semt,ptt-semt
birim,18090004,Çarşı,semt,ptt-semt
birim,18090005,Çarşı,semt,ptt-semt
birim,18090006,Çarşı,semt,ptt-semt
birim,18090007,Çarşı,semt,ptt-semt
birim,18090008,Çarşı,semt,ptt-semt
birim,18090009,Çarşı,semt,ptt-semt
birim,18090010,Çarşı,semt,ptt-semt
birim,18090011,Çarşı,semt,ptt-semt
birim,18090012,Çarşı,semt,ptt-semt
birim,18090013,Çarşı,semt,ptt-semt
birim,18090014,Taşmescit,semt,ptt-semt
birim,19100001,Karaören,semt,ptt-semt
birim,19100002,Karaören,semt,ptt-semt
birim,19100003,Karaören,semt,ptt-semt
birim,19100004,Karaören,semt,ptt-semt
birim,19100005,Karaören,semt,ptt-semt
birim,19100006,Karaören,semt,ptt-semt
birim,19100007,Karaören,semt,ptt-semt
birim,20010002,Akşar Köyü,tarihsel,wikidata-6360
birim,20010004,Alcı Köyü,tarihsel,wikidata-6360
birim,20010005,Aliveren Köyü,tarihsel,wikidata-6360
birim,20010006,Apa Köyü,tarihsel,wikidata-6360
birim,20010008,Avşar Köyü,tarihsel,wikidata-6360
birim,20010009,Bademli Köyü,tarihsel,wikidata-6360
birim,20010010,Bedirbey Köyü,tarihsel,wikidata-6360
birim,20010011,Benlik Köyü,tarihsel,wikidata-6360
birim,20010012,Boğazdere Köyü,tarihsel,wikidata-6360
birim,20010013,Çakır Köyü,tarihsel,wikidata-6360
birim,20010015,Çiftlik Köyü,tarihsel,wikidata-6360
birim,20010016,Corum Köyü,tarihsel,wikidata-6360
birim,20010017,Çubukçular Köyü,tarihsel,wikidata-6360
birim,20010021,Eskiköy Köyü,tarihsel,wikidata-6360
birim,20010024,Gümüş Köyü,tarihsel,wikidata-6360
birim,20010025,Güney Köyü,tarihsel,wikidata-6360
birim,20010026,Hacıkurtlar Köyü,tarihsel,wikidata-6360
birim,20010027,Hisar Köyü,tarihsel,wikidata-6360
birim,20010028,Karahüyük Köyü,tarihsel,wikidata-6360
birim,20010029,Karaismailler Köyü,tarihsel,wikidata-6360
birim,20010031,Kırca Köyü,tarihsel,wikidata-6360
birim,20010032,Köke Köyü,tarihsel,wikidata-6360
birim,20010034,Kurtlar Köyü,tarihsel,wikidata-6360
birim,20010035,Kuyucak Köyü,tarihsel,wikidata-6360
birim,20010036,Kuzören Köyü,tarihsel,wikidata-6360
birim,20010037,Mevlütler Köyü,tarihsel,wikidata-6360
birim,20010038,Oğuz Köyü,tarihsel,wikidata-6360
birim,20010039,Olukbaşı Köyü,tarihsel,wikidata-6360
birim,20010040,Ören Köyü,tarihsel,wikidata-6360
birim,20010041,Ovayurt Köyü,tarihsel,wikidata-6360
birim,20010042,Pınarbaşı Köyü,tarihsel,wikidata-6360
birim,20010043,Pınaryazı Köyü,tarihsel,wikidata-6360
birim,20010044,Sandalcık Köyü,tarihsel,wikidata-6360
birim,20010045,Sırçalık Köyü,tarihsel,wikidata-6360
birim,20010046,Suçatı Köyü,tarihsel,wikidata-6360
birim,20010047,Ucarı Köyü,tarihsel,wikidata-6360
birim,20010051,Yeniköy Köyü,tarihsel,wikidata-6360
birim,20010054,Yolçatı Köyü,tarihsel,wikidata-6360
birim,20020001,Ahıllı Köyü,tarihsel,wikidata-6360
birim,20020002,Bekirler Köyü,tarihsel,wikidata-6360
birim,20020004,Demirli Köyü,tarihsel,wikidata-6360
birim,20020007,İncilipınar Köyü,tarihsel,wikidata-6360
birim,20020008,Kelleci Köyü,tarihsel,wikidata-6360
birim,20020009,Kıranyer Köyü,tarihsel,wikidata-6360
birim,20020010,Mollaahmet Köyü,tarihsel,wikidata-6360
birim,20020011,Oğuzlar Köyü,tarihsel,wikidata-6360
birim,20020012,Yeniköy Köyü,tarihsel,wikidata-6360
birim,20030002,Beyelli Köyü,tarihsel,wikidata-6360
birim,20030004,Çataloba Köyü,tarihsel,wikidata-6360
birim,20030008,Hadim Köyü,tarihsel,wikidata-6360
birim,20030010,İcikli Köyü,tarihsel,wikidata-6360
birim,20030011,Kavaklar Köyü,tarihsel,wikidata-6360
birim,20030013,Konak Köyü,tarihsel,wikidata-6360
birim,20030014,Şenyayla Köyü,tarihsel,wikidata-6360
birim,20040002,Bükrüce Köyü,tarihsel,wikidata-6360
birim,20040003,Çamköy Köyü,tarihsel,wikidata-6360
birim,20040004,Çoğaşlı Köyü,tarihsel,wikidata-6360
birim,20040005,Deşdemir Köyü,tarihsel,wikidata-6360
birim,20040006,Ekizbaba Köyü,tarihsel,wikidata-6360
birim,20040007,Gömce Köyü,tarihsel,wikidata-6360
birim,20040008,Köselli Köyü,tarihsel,wikidata-6360
birim,20040010,Poyrazlı Köyü,tarihsel,wikidata-6360
birim,20040011,Sırıklı Köyü,tarihsel,wikidata-6360
birim,20040012,Üçkuyu Köyü,tarihsel,wikidata-6360
birim,20040015,Yeşiloba Köyü,tarihsel,wikidata-6360
birim,20050003,Eşenler Köyü,tarihsel,wikidata-6360
birim,20050005,Geriçam Köyü,tarihsel,wikidata-6360
birim,20050007,Kapuz Köyü,tarihsel,wikidata-6360
birim,20050008,Kızılcaağaç Köyü,tarihsel,wikidata-6360
birim,20050009,Pınarönü Köyü,tarihsel,wikidata-6360
birim,20050010,Sazak Köyü,tarihsel,wikidata-6360
birim,20050012,Uzunoluk Köyü,tarihsel,wikidata-6360
birim,20050014,Yeniçeşme Köyü,tarihsel,wikidata-6360
birim,20060001,Alikurt Köyü,tarihsel,wikidata-6360
birim,20060002,Armutalanı Köyü,tarihsel,wikidata-6360
birim,20060003,Avdan Köyü,tarihsel,wikidata-6360
birim,20060004,Baklankuyucak Köyü,tarihsel,wikidata-6360
birim,20060006,Başçeşme Köyü,tarihsel,wikidata-6360
birim,20060007,Çambaşı Köyü,tarihsel,wikidata-6360
birim,20060008,Cumalı Köyü,tarihsel,wikidata-6360
birim,20060011,Hayrettinköy Köyü,tarihsel,wikidata-6360
birim,20060013,İncelertekkesi Köyü,tarihsel,wikidata-6360
birim,20060015,Mecidiye Köyü,tarihsel,wikidata-6360
birim,20060018,Sazköy Köyü,tarihsel,wikidata-6360
birim,20060019,Tutluca Köyü,tarihsel,wikidata-6360
birim,20060020,Yenibağlar Köyü,tarihsel,wikidata-6360
birim,20070001,Aktaş Köyü,tarihsel,wikidata-6360
birim,20070002,Alacaoğlu Köyü,tarihsel,wikidata-6360
birim,20070003,Alandız Köyü,tarihsel,wikidata-6360
birim,20070004,Beyler Köyü,tarihsel,wikidata-6360
birim,20070005,Boğazçiftlik Köyü,tarihsel,wikidata-6360
birim,20070006,Bölmekaya Köyü,tarihsel,wikidata-6360
birim,20070007,Bostanyeri Köyü,tarihsel,wikidata-6360
birim,20070008,Bozalan Köyü,tarihsel,wikidata-6360
birim,20070010,Çamköy Köyü,tarihsel,wikidata-6360
birim,20070012,Çatak Köyü,tarihsel,wikidata-6360
birim,20070015,Derbent Köyü,tarihsel,wikidata-6360
birim,20070016,Dımbazlar Köyü,tarihsel,wikidata-6360
birim,20070017,Doğan Köyü,tarihsel,wikidata-6360
birim,20070022,Gülalan Köyü,tarihsel,wikidata-6360
birim,20070024,Hasanbeyler Köyü,tarihsel,wikidata-6360
birim,20070026,Kadıköy Köyü,tarihsel,wikidata-6360
birim,20070027,Karaköy Köyü,tarihsel,wikidata-6360
birim,20070029,Kaşıkcı Köyü,tarihsel,wikidata-6360
birim,20070030,Kırandamı Köyü,tarihsel,wikidata-6360
birim,20070031,Kovanoluk Köyü,tarihsel,wikidata-6360
birim,20070033,Kurudere Köyü,tarihsel,wikidata-6360
birim,20070034,Mahmutlu Köyü,tarihsel,wikidata-6360
birim,20070035,Oğuz Köyü,tarihsel,wikidata-6360
birim,20070036,Sarımahmutlu Köyü,tarihsel,wikidata-6360
birim,20070037,Süleymanlı Köyü,tarihsel,wikidata-6360
birim,20070039,Türlübey Köyü,tarihsel,wikidata-6360
birim,20070041,Yayla Köyü,tarihsel,wikidata-6360
birim,20070043,Yeniçam Köyü,tarihsel,wikidata-6360
birim,20080002,Alfaklar Köyü,tarihsel,wikidata-6360
birim,20080003,Aşağıseyit Köyü,tarihsel,wikidata-6360
birim,20080004,Bahadınlar Köyü,tarihsel,wikidata-6360
birim,20080005,Baklançakırlar Köyü,tarihsel,wikidata-6360
birim,20080006,Bayıralan Köyü,tarihsel,wikidata-6360
birim,20080008,Çalçakırlar Köyü,tarihsel,wikidata-6360
birim,20080009,Çalkuyucak Köyü,tarihsel,wikidata-6360
birim,20080010,Dağmarmara Köyü,tarihsel,wikidata-6360
birim,20080011,Dayılar Köyü,tarihsel,wikidata-6360
birim,20080013,Develler Köyü,tarihsel,wikidata-6360
birim,20080014,Gelinören Köyü,tarihsel,wikidata-6360
birim,20080019,Kabalar Köyü,tarihsel,wikidata-6360
birim,20080020,Kaplanlar Köyü,tarihsel,wikidata-6360
birim,20080021,Karakaya Köyü,tarihsel,wikidata-6360
birim,20080022,Karapınar Köyü,tarihsel,wikidata-6360
birim,20080023,Kocaköy Köyü,tarihsel,wikidata-6360
birim,20080024,Mahmutgazi Köyü,tarihsel,wikidata-6360
birim,20080026,Peynirciler Köyü,tarihsel,wikidata-6360
birim,20080027,Sakızcılar Köyü,tarihsel,wikidata-6360
birim,20080028,Şapcılar Köyü,tarihsel,wikidata-6360
birim,20080029,Sazak Köyü,tarihsel,wikidata-6360
birim,20080032,Yazır Köyü,tarihsel,wikidata-6360
birim,20080034,Yukarıseyit Köyü,tarihsel,wikidata-6360
birim,20090001,Akpınar Köyü,tarihsel,wikidata-6360
birim,20090002,Arıkaya Köyü,tarihsel,wikidata-6360
birim,20090003,Ayvacık Köyü,tarihsel,wikidata-6360
birim,20090004,Belevi Köyü,tarihsel,wikidata-6360
birim,20090005,Bıçakçı Köyü,tarihsel,wikidata-6360
birim,20090006,Çamlıbel Köyü,tarihsel,wikidata-6360
birim,20090007,Cevizli Köyü,tarihsel,wikidata-6360
birim,20090008,Çiğdemli Köyü,tarihsel,wikidata-6360
birim,20090009,Cumaalanı Köyü,tarihsel,wikidata-6360
birim,20090010,Elmalı Köyü,tarihsel,wikidata-6360
birim,20090011,Emecik Köyü,tarihsel,wikidata-6360
birim,20090012,Ericek Köyü,tarihsel,wikidata-6360
birim,20090013,Gökçeyaka Köyü,tarihsel,wikidata-6360
birim,20090014,Gürsu Köyü,tarihsel,wikidata-6360
birim,20090015,Güzelyurt Köyü,tarihsel,wikidata-6360
birim,20090016,İmamlar Köyü,tarihsel,wikidata-6360
birim,20090017,Kalınkoz Köyü,tarihsel,wikidata-6360
birim,20090018,Karabayır Köyü,tarihsel,wikidata-6360
birim,20090019,Kınıkyeri Köyü,tarihsel,wikidata-6360
birim,20090020,Kirazlıyayla Köyü,tarihsel,wikidata-6360
birim,20090021,Kızılyaka Köyü,tarihsel,wikidata-6360
birim,20090022,Kocaova Köyü,tarihsel,wikidata-6360
birim,20090023,Kolak Köyü,tarihsel,wikidata-6360
birim,20090024,Sarıkavak Köyü,tarihsel,wikidata-6360
birim,20090025,Sofular Köyü,tarihsel,wikidata-6360
birim,20090026,Taşçılar Köyü,tarihsel,wikidata-6360
birim,20090027,Yaylapınar Köyü,tarihsel,wikidata-6360
birim,20090029,Yeşilyayla Köyü,tarihsel,wikidata-6360
birim,20100001,Ayvaz Köyü,tarihsel,wikidata-6360
birim,20100004,Çaltı Köyü,tarihsel,wikidata-6360
birim,20100010,Gölcük Köyü,tarihsel,wikidata-6360
birim,20100011,Hayriye Köyü,tarihsel,wikidata-6360
birim,20110001,Akçaköy Köyü,tarihsel,wikidata-6360
birim,20110003,Aktaş Köyü,tarihsel,wikidata-6360
birim,20110006,Bayat Köyü,tarihsel,wikidata-6360
birim,20110007,Bekirli Köyü,tarihsel,wikidata-6360
birim,20110008,Belence Köyü,tarihsel,wikidata-6360
birim,20110009,Beydilli Köyü,tarihsel,wikidata-6360
birim,20110010,Beyköy Köyü,tarihsel,wikidata-6360
birim,20110011,Bozdağ Köyü,tarihsel,wikidata-6360
birim,20110012,Bucak Köyü,tarihsel,wikidata-6360
birim,20110013,Bulgurlar Köyü,tarihsel,wikidata-6360
birim,20110014,Cabar Köyü,tarihsel,wikidata-6360
birim,20110015,Çağlayan Köyü,tarihsel,wikidata-6360
birim,20110016,Çakallar Köyü,tarihsel,wikidata-6360
birim,20110017,Çandır Köyü,tarihsel,wikidata-6360
birim,20110018,Çapak Köyü,tarihsel,wikidata-6360
birim,20110022,Çetinler Köyü,tarihsel,wikidata-6360
birim,20110024,Cumalar Köyü,tarihsel,wikidata-6360
birim,20110025,Düzbel Köyü,tarihsel,wikidata-6360
birim,20110027,Gökgöl Köyü,tarihsel,wikidata-6360
birim,20110033,İmrallı Köyü,tarihsel,wikidata-6360
birim,20110034,İnceköy Köyü,tarihsel,wikidata-6360
birim,20110036,İshaklı Köyü,tarihsel,wikidata-6360
birim,20110038,Karabedirler Köyü,tarihsel,wikidata-6360
birim,20110039,Karahacılı Köyü,tarihsel,wikidata-6360
birim,20110040,Karalar Köyü,tarihsel,wikidata-6360
birim,20110041,Karamanlı Köyü,tarihsel,wikidata-6360
birim,20110042,Karayahşiler Köyü,tarihsel,wikidata-6360
birim,20110043,Kavakalanı Köyü,tarihsel,wikidata-6360
birim,20110044,Kavakköy Köyü,tarihsel,wikidata-6360
birim,20110047,Kızılcayer Köyü,tarihsel,wikidata-6360
birim,20110048,Koçak Köyü,tarihsel,wikidata-6360
birim,20110049,Kocayaka Köyü,tarihsel,wikidata-6360
birim,20110050,Menteş Köyü,tarihsel,wikidata-6360
birim,20110051,Ömerli Köyü,tarihsel,wikidata-6360
birim,20110052,Osmanköy Köyü,tarihsel,wikidata-6360
birim,20110054,Reşadiye Köyü,tarihsel,wikidata-6360
birim,20110056,Sarıbeyli Köyü,tarihsel,wikidata-6360
birim,20110057,Sarılar Köyü,tarihsel,wikidata-6360
birim,20110058,Savran Köyü,tarihsel,wikidata-6360
birim,20110060,Şenköy Köyü,tarihsel,wikidata-6360
birim,20110061,Seraserli Köyü,tarihsel,wikidata-6360
birim,20110062,Sökmen Köyü,tarihsel,wikidata-6360
birim,20110063,Somak Köyü,tarihsel,wikidata-6360
birim,20110065,Sundurlu Köyü,tarihsel,wikidata-6360
birim,20110066,Süngüllü Köyü,tarihsel,wikidata-6360
birim,20110067,Tekke Köyü,tarihsel,wikidata-6360
birim,20110068,Tokça Köyü,tarihsel,wikidata-6360
birim,20110069,Tuğlu Köyü,tarihsel,wikidata-6360
birim,20110070,Yahyalı Köyü,tarihsel,wikidata-6360
birim,20110071,Yakacık Köyü,tarihsel,wikidata-6360
birim,20110072,Yalınlı Köyü,tarihsel,wikidata-6360
birim,20110073,Yamanlar Köyü,tarihsel,wikidata-6360
birim,20110074,Yassıhüyük Köyü,tarihsel,wikidata-6360
birim,20110076,Yukarı Çapak Köyü,tarihsel,wikidata-6360
birim,20110077,Yuvaköy Köyü,tarihsel,wikidata-6360
birim,20130002,Akbaş Köyü,tarihsel,wikidata-6360
birim,20130003,Aşağıdağdere Köyü,tarihsel,wikidata-6360
birim,20130004,Aydınlar Köyü,tarihsel,wikidata-6360
birim,20130006,Dereçiftlik Köyü,tarihsel,wikidata-6360
birim,20130007,Emirazizli Köyü,tarihsel,wikidata-6360
birim,20130008,Gürleyik Köyü,tarihsel,wikidata-6360
birim,20130014,Karateke Köyü,tarihsel,wikidata-6360
birim,20130017,Menteşe Köyü,tarihsel,wikidata-6360
birim,20130018,Ovacık Köyü,tarihsel,wikidata-6360
birim,20130019,Sapaca Köyü,tarihsel,wikidata-6360
birim,20130021,Yokuşbaşı Köyü,tarihsel,wikidata-6360
birim,20130022,Yukarıdağdere Köyü,tarihsel,wikidata-6360
birim,20140001,Adamharmanı Köyü,tarihsel,wikidata-6360
birim,20140002,Alanyurt Köyü,tarihsel,wikidata-6360
birim,20140003,Belenköy Köyü,tarihsel,wikidata-6360
birim,20140004,Çakırbağ Köyü,tarihsel,wikidata-6360
birim,20140005,Çamlarca Köyü,tarihsel,wikidata-6360
birim,20140008,Demirciler Köyü,tarihsel,wikidata-6360
birim,20140009,Doğanköy Köyü,tarihsel,wikidata-6360
birim,20140010,Esenkaya Köyü,tarihsel,wikidata-6360
birim,20140011,Gökçeören Köyü,tarihsel,wikidata-6360
birim,20140013,Gülbağlık Köyü,tarihsel,wikidata-6360
birim,20140014,Habipler Köyü,tarihsel,wikidata-6360
birim,20140016,İnceğiz Köyü,tarihsel,wikidata-6360
birim,20140018,Karayayla Köyü,tarihsel,wikidata-6360
birim,20140019,Kayabaşı Köyü,tarihsel,wikidata-6360
birim,20140020,Kırköy Köyü,tarihsel,wikidata-6360
birim,20140021,Koçarboğazı Köyü,tarihsel,wikidata-6360
birim,20140022,Köprübaşı Köyü,tarihsel,wikidata-6360
birim,20140023,Künar Köyü,tarihsel,wikidata-6360
birim,20140024,Muslugüme Köyü,tarihsel,wikidata-6360
birim,20140025,Narlı Köyü,tarihsel,wikidata-6360
birim,20140026,Ortaköy Köyü,tarihsel,wikidata-6360
birim,20140027,Ortatepe Köyü,tarihsel,wikidata-6360
birim,20140028,Özlüce Köyü,tarihsel,wikidata-6360
birim,20140031,Yenidere Köyü,tarihsel,wikidata-6360
birim,20140032,Yeniköy Köyü,tarihsel,wikidata-6360
birim,20150001,Üçler,semt,ptt-semt
birim,20150005,Gümüşler,semt,ptt-semt
birim,20150006,Altındere Köyü,tarihsel,wikidata-6360
birim,20150006,Üçler,semt,ptt-semt
birim,20150010,Üçler,semt,ptt-semt
birim,20150012,Üçler,semt,ptt-semt
birim,20150015,Üçler,semt,ptt-semt
birim,20150016,Çeltikçi Köyü,tarihsel,wikidata-6360
birim,20150018,Eskihisar Köyü,tarihsel,wikidata-6360
birim,20150020,Üçler,semt,ptt-semt
birim,20150021,Gümüşler,semt,ptt-semt
birim,20150022,Gümüşler,semt,ptt-semt
birim,20150023,Üçler,semt,ptt-semt
birim,20150024,Üçler,semt,ptt-semt
birim,20150025,Hisar Köyü,tarihsel,wikidata-6360
birim,20150027,Kadılar Köyü,tarihsel,wikidata-6360
birim,20150028,Üçler,semt,ptt-semt
birim,20150030,Gümüşler,semt,ptt-semt
birim,20150031,Kumkısık Köyü,tarihsel,wikidata-6360
birim,20150032,Gümüşler,semt,ptt-semt
birim,20150035,Salihağa Köyü,tarihsel,wikidata-6360
birim,20150037,Saruhan Köyü,tarihsel,wikidata-6360
birim,20150037,Üçler,semt,ptt-semt
birim,20150038,Gümüşler,semt,ptt-semt
birim,20150039,Gümüşler,semt,ptt-semt
birim,20150043,Şirinköy Köyü,tarihsel,wikidata-6360
birim,20150045,Üzerlik Köyü,tarihsel,wikidata-6360
birim,20150046,Gümüşler,semt,ptt-semt
birim,20150047,Gümüşler,semt,ptt-semt
birim,20150049,Yeşilyayla Köyü,tarihsel,wikidata-6360
birim,20150049,Üçler,semt,ptt-semt
birim,20160002,Akçapınar Köyü,tarihsel,wikidata-6360
birim,20160003,Akdere Köyü,tarihsel,wikidata-6360
birim,20160011,Belenardıç Köyü,tarihsel,wikidata-6360
birim,20160013,Çeşmebaşı Köyü,tarihsel,wikidata-6360
birim,20160018,Eldenizli Köyü,tarihsel,wikidata-6360
birim,20160019,Eymir Köyü,tarihsel,wikidata-6360
birim,20160024,Goncalı Köyü,tarihsel,wikidata-6360
birim,20160026,Güzelköy Köyü,tarihsel,wikidata-6360
birim,20160027,Güzelpınar Köyü,tarihsel,wikidata-6360
birim,20160029,Haytabey Köyü,tarihsel,wikidata-6360
birim,20160036,Karakova Köyü,tarihsel,wikidata-6360
birim,20160037,Karakurt Köyü,tarihsel,wikidata-6360
birim,20160038,Karataş Köyü,tarihsel,wikidata-6360
birim,20160040,Kavakbaşı Köyü,tarihsel,wikidata-6360
birim,20160044,Kocadere Köyü,tarihsel,wikidata-6360
birim,20160046,Küçükdere Köyü,tarihsel,wikidata-6360
birim,20160047,Kurtluca Köyü,tarihsel,wikidata-6360
birim,20160057,Yeniköy Köyü,tarihsel,wikidata-6360
birim,20160058,Yukarışamlı Köyü,tarihsel,wikidata-6360
birim,20170001,Acıdere Köyü,tarihsel,wikidata-6360
birim,20170002,Acısu Köyü,tarihsel,wikidata-6360
birim,20170003,Ada Köyü,tarihsel,wikidata-6360
birim,20170005,Altıntepe Köyü,tarihsel,wikidata-6360
birim,20170009,Beylerbeyi Köyü,tarihsel,wikidata-6360
birim,20170010,Caber Köyü,tarihsel,wikidata-6360
birim,20170013,Gerali Köyü,tarihsel,wikidata-6360
birim,20170014,Hasköy Köyü,tarihsel,wikidata-6360
birim,20170015,Hisar Köyü,tarihsel,wikidata-6360
birim,20170016,Kabaağaç Köyü,tarihsel,wikidata-6360
birim,20170017,Karakıran Köyü,tarihsel,wikidata-6360
birim,20170018,Karataş Köyü,tarihsel,wikidata-6360
birim,20170019,Köprübaşı Köyü,tarihsel,wikidata-6360
birim,20170020,Kumluca Köyü,tarihsel,wikidata-6360
birim,20170022,Sazak Köyü,tarihsel,wikidata-6360
birim,20170024,Tekke Köyü,tarihsel,wikidata-6360
birim,20170025,Tepeköy Köyü,tarihsel,wikidata-6360
birim,20170026,Tırkaz Köyü,tarihsel,wikidata-6360
birim,20170030,Uyanık Köyü,tarihsel,wikidata-6360
birim,20170031,Yakayurt Köyü,tarihsel,wikidata-6360
birim,20170032,Yeşilyurt Köyü,tarihsel,wikidata-6360
birim,20180002,Ayaz Köyü,tarihsel,wikidata-6360
birim,20180005,Kocapınar Köyü,tarihsel,wikidata-6360
birim,20180011,Yüreğil Köyü,tarihsel,wikidata-6360
birim,20190001,Akıncılar Köyü,tarihsel,wikidata-6360
birim,20190002,Akyar Köyü,tarihsel,wikidata-6360
birim,20190003,Alpa Köyü,tarihsel,wikidata-6360
birim,20190004,Altınova Köyü,tarihsel,wikidata-6360
birim,20190005,Avdan Köyü,tarihsel,wikidata-6360
birim,20190006,Aydoğdu Köyü,tarihsel,wikidata-6360
birim,20190008,Bahçeköy Köyü,tarihsel,wikidata-6360
birim,20190009,Balkıca Köyü,tarihsel,wikidata-6360
birim,20190011,Çalıköy Köyü,tarihsel,wikidata-6360
birim,20190012,Çiftlikköy Köyü,tarihsel,wikidata-6360
birim,20190013,Damlacık Köyü,tarihsel,wikidata-6360
birim,20190014,Denizoluğu Köyü,tarihsel,wikidata-6360
birim,20190015,Dereağzı Köyü,tarihsel,wikidata-6360
birim,20190016,Derinkuyu Köyü,tarihsel,wikidata-6360
birim,20190017,Ebecik Köyü,tarihsel,wikidata-6360
birim,20190019,Gökçeler Köyü,tarihsel,wikidata-6360
birim,20190020,Gümüşdere Köyü,tarihsel,wikidata-6360
birim,20190021,Güzelköy Köyü,tarihsel,wikidata-6360
birim,20190022,Hırka Köyü,tarihsel,wikidata-6360
birim,20190023,Horasanlı Köyü,tarihsel,wikidata-6360
birim,20190025,Kayaca Köyü,tarihsel,wikidata-6360
birim,20190026,Kayapınar Köyü,tarihsel,wikidata-6360
birim,20190027,Keçeliler Köyü,tarihsel,wikidata-6360
birim,20190030,Kozlar Köyü,tarihsel,wikidata-6360
birim,20190031,Medet Köyü,tarihsel,wikidata-6360
birim,20190034,Ovacık Köyü,tarihsel,wikidata-6360
birim,20190036,Pınarlık Köyü,tarihsel,wikidata-6360
birim,20190038,Sarabat Köyü,tarihsel,wikidata-6360
birim,20190039,Seki Köyü,tarihsel,wikidata-6360
birim,20190040,Sofular Köyü,tarihsel,wikidata-6360
birim,20190042,Tekkeköy Köyü,tarihsel,wikidata-6360
birim,20190044,Vakıf Köyü,tarihsel,wikidata-6360
birim,20190045,Yahşiler Köyü,tarihsel,wikidata-6360
birim,20190048,Yeşilköy Köyü,tarihsel,wikidata-6360
birim,20190049,Yorga Köyü,tarihsel,wikidata-6360
birim,20190050,Yukarıboğaz Köyü,tarihsel,wikidata-6360
birim,21010002,Ağaçgeçit Köyü,tarihsel,wikidata-6360
birim,21010003,Alankoz Köyü,tarihsel,wikidata-6360
birim,21010006,Batıçanakçı Köyü,tarihsel,wikidata-6360
birim,21010007,Batıkarakoç Köyü,tarihsel,wikidata-6360
birim,21010008,Buçuktepe Köyü,tarihsel,wikidata-6360
birim,21010009,Buyuransu Köyü,tarihsel,wikidata-6360
birim,21010010,Çiçekliyurt Köyü,tarihsel,wikidata-6360
birim,21010011,Çiftlik Köyü,tarihsel,wikidata-6360
birim,21010012,Develi Köyü,tarihsel,wikidata-6360
birim,21010013,Ekince Köyü,tarihsel,wikidata-6360
birim,21010015,Gömmetaş Köyü,tarihsel,wikidata-6360
birim,21010016,Kabahıdır Köyü,tarihsel,wikidata-6360
birim,21010017,Kamışpınar Köyü,tarihsel,wikidata-6360
birim,21010019,Karahanköy Köyü,tarihsel,wikidata-6360
birim,21010022,Kırkkoyun Köyü,tarihsel,wikidata-6360
birim,21010023,Kolludere Köyü,tarihsel,wikidata-6360
birim,21010025,Körtepe Köyü,tarihsel,wikidata-6360
birim,21010028,Oğlaklı Köyü,tarihsel,wikidata-6360
birim,21010029,Ortaören Köyü,tarihsel,wikidata-6360
birim,21010030,Övündüler Köyü,tarihsel,wikidata-6360
birim,21010031,Özdemir Köyü,tarihsel,wikidata-6360
birim,21010032,Pınaroğlu Köyü,tarihsel,wikidata-6360
birim,21010033,Sakallı Köyü,tarihsel,wikidata-6360
birim,21010034,Sarıdallı Köyü,tarihsel,wikidata-6360
birim,21010037,Tavşantepe Köyü,tarihsel,wikidata-6360
birim,21010038,Tellikaya Köyü,tarihsel,wikidata-6360
birim,21010040,Topraktaş Köyü,tarihsel,wikidata-6360
birim,21010041,Topyolu Köyü,tarihsel,wikidata-6360
birim,21010044,Yeşildallı Köyü,tarihsel,wikidata-6360
birim,21010045,Yiğityolu Köyü,tarihsel,wikidata-6360
birim,21010047,Yukarıakdibek Köyü,tarihsel,wikidata-6360
birim,21020001,Ağılköy Köyü,tarihsel,wikidata-6360
birim,21020002,Ağıllı Köyü,tarihsel,wikidata-6360
birim,21020003,Ahmetli Köyü,tarihsel,wikidata-6360
birim,21020004,Akbaş Köyü,tarihsel,wikidata-6360
birim,21020005,Akçay Köyü,tarihsel,wikidata-6360
birim,21020006,Akköy Köyü,tarihsel,wikidata-6360
birim,21020008,Alibey Köyü,tarihsel,wikidata-6360
birim,21020009,Alıncak Köyü,tarihsel,wikidata-6360
birim,21020011,Aluç Köyü,tarihsel,wikidata-6360
birim,21020013,Aralık Köyü,tarihsel,wikidata-6360
birim,21020015,Arıkgöl Köyü,tarihsel,wikidata-6360
birim,21020016,Aşağıdolay Köyü,tarihsel,wikidata-6360
birim,21020018,Aslanoğlu Köyü,tarihsel,wikidata-6360
birim,21020019,Ataköy Köyü,tarihsel,wikidata-6360
birim,21020020,Aygeçti Köyü,tarihsel,wikidata-6360
birim,21020021,Babahaki Köyü,tarihsel,wikidata-6360
birim,21020022,Bademli Köyü,tarihsel,wikidata-6360
birim,21020023,Baharlı Köyü,tarihsel,wikidata-6360
birim,21020024,Bahçe Köyü,tarihsel,wikidata-6360
birim,21020025,Balcılar Köyü,tarihsel,wikidata-6360
birim,21020026,Başhan Köyü,tarihsel,wikidata-6360
birim,21020027,Başköy Köyü,tarihsel,wikidata-6360
birim,21020028,Başören Köyü,tarihsel,wikidata-6360
birim,21020029,Belli Köyü,tarihsel,wikidata-6360
birim,21020030,Bölümlü Köyü,tarihsel,wikidata-6360
birim,21020031,Boyacı Köyü,tarihsel,wikidata-6360
birim,21020032,Bozçalı Köyü,tarihsel,wikidata-6360
birim,21020033,Çakallı Köyü,tarihsel,wikidata-6360
birim,21020034,Çakıllı Köyü,tarihsel,wikidata-6360
birim,21020035,Çatalköy Köyü,tarihsel,wikidata-6360
birim,21020036,Çavuşlu Köyü,tarihsel,wikidata-6360
birim,21020037,Çeltikli Köyü,tarihsel,wikidata-6360
birim,21020038,Çölağan Köyü,tarihsel,wikidata-6360
birim,21020039,Çöltepe Köyü,tarihsel,wikidata-6360
birim,21020040,Çorapa Köyü,tarihsel,wikidata-6360
birim,21020041,Derbent Köyü,tarihsel,wikidata-6360
birim,21020043,Doruk Köyü,tarihsel,wikidata-6360
birim,21020045,Eliaçık Köyü,tarihsel,wikidata-6360
birim,21020046,Erler Köyü,tarihsel,wikidata-6360
birim,21020050,Gedikbaşı Köyü,tarihsel,wikidata-6360
birim,21020051,Göksu Köyü,tarihsel,wikidata-6360
birim,21020052,Güngeçti Köyü,tarihsel,wikidata-6360
birim,21020053,Güroluk Köyü,tarihsel,wikidata-6360
birim,21020054,Güzelköy Köyü,tarihsel,wikidata-6360
birim,21020055,Harmanlı Köyü,tarihsel,wikidata-6360
birim,21020056,Hasanpınar Köyü,tarihsel,wikidata-6360
birim,21020057,İsalı Köyü,tarihsel,wikidata-6360
birim,21020058,İsapınar Köyü,tarihsel,wikidata-6360
birim,21020059,Işıklar Köyü,tarihsel,wikidata-6360
birim,21020060,Kağıtlı Köyü,tarihsel,wikidata-6360
birim,21020061,Kamberli Köyü,tarihsel,wikidata-6360
birim,21020062,Kamışlı Köyü,tarihsel,wikidata-6360
birim,21020063,Karabörk Köyü,tarihsel,wikidata-6360
birim,21020065,Karaçölya Köyü,tarihsel,wikidata-6360
birim,21020066,Karagöz Köyü,tarihsel,wikidata-6360
birim,21020069,Karayiğit Köyü,tarihsel,wikidata-6360
birim,21020070,Kavuşak Köyü,tarihsel,wikidata-6360
birim,21020071,Kayıköy Köyü,tarihsel,wikidata-6360
birim,21020072,Kazancı Köyü,tarihsel,wikidata-6360
birim,21020073,Keberli Köyü,tarihsel,wikidata-6360
birim,21020074,Kılavuztepe Köyü,tarihsel,wikidata-6360
birim,21020075,Koğuk Köyü,tarihsel,wikidata-6360
birim,21020077,Köprüköy Köyü,tarihsel,wikidata-6360
birim,21020078,Kopuzlu Köyü,tarihsel,wikidata-6360
birim,21020079,Korukçu Köyü,tarihsel,wikidata-6360
birim,21020080,Köseli Köyü,tarihsel,wikidata-6360
birim,21020081,Koyunlu Köyü,tarihsel,wikidata-6360
birim,21020082,Kumrulu Köyü,tarihsel,wikidata-6360
birim,21020084,Kurudeğirmen Köyü,tarihsel,wikidata-6360
birim,21020085,Kurudere Köyü,tarihsel,wikidata-6360
birim,21020086,Merdan Köyü,tarihsel,wikidata-6360
birim,21020087,Meydanlık Köyü,tarihsel,wikidata-6360
birim,21020088,Mirzabey Köyü,tarihsel,wikidata-6360
birim,21020089,Obalı Köyü,tarihsel,wikidata-6360
birim,21020090,Ofköy Köyü,tarihsel,wikidata-6360
birim,21020091,Oğuzlar Köyü,tarihsel,wikidata-6360
birim,21020092,Pınarbaşı Köyü,tarihsel,wikidata-6360
birim,21020093,Şahintepe Köyü,tarihsel,wikidata-6360
birim,21020095,Sarıköy Köyü,tarihsel,wikidata-6360
birim,21020096,Sarıtoprak Köyü,tarihsel,wikidata-6360
birim,21020097,Sazlı Köyü,tarihsel,wikidata-6360
birim,21020098,Seki Köyü,tarihsel,wikidata-6360
birim,21020100,Serçeler Köyü,tarihsel,wikidata-6360
birim,21020103,Sinanköy Köyü,tarihsel,wikidata-6360
birim,21020104,Tatlıçayır Köyü,tarihsel,wikidata-6360
birim,21020107,Tepecik Köyü,tarihsel,wikidata-6360
birim,21020108,Tilkilik Köyü,tarihsel,wikidata-6360
birim,21020109,Topraklı Köyü,tarihsel,wikidata-6360
birim,21020110,Türkmenhacı Köyü,tarihsel,wikidata-6360
birim,21020111,Üçtepe Köyü,tarihsel,wikidata-6360
birim,21020112,Uğrak Köyü,tarihsel,wikidata-6360
birim,21020113,Uğurlu Köyü,tarihsel,wikidata-6360
birim,21020114,Ulutürk Köyü,tarihsel,wikidata-6360
birim,21020115,Uyanık Köyü,tarihsel,wikidata-6360
birim,21020116,Yağmurköy Köyü,tarihsel,wikidata-6360
birim,21020117,Yamaçköy Köyü,tarihsel,wikidata-6360
birim,21020118,Yasince Köyü,tarihsel,wikidata-6360
birim,21020119,Yenice Köyü,tarihsel,wikidata-6360
birim,21020120,Yukarıdolay Köyü,tarihsel,wikidata-6360
birim,21020121,Yukarıharım Köyü,tarihsel,wikidata-6360
birim,21030001,Ağaçhan Köyü,tarihsel,wikidata-6360
birim,21030002,Akçörten Köyü,tarihsel,wikidata-6360
birim,21030003,Akkoyunlu Köyü,tarihsel,wikidata-6360
birim,21030004,Akpınar Köyü,tarihsel,wikidata-6360
birim,21030005,Alabuğday Köyü,tarihsel,wikidata-6360
birim,21030006,Alakoç Köyü,tarihsel,wikidata-6360
birim,21030007,Arabük Köyü,tarihsel,wikidata-6360
birim,21030008,Armağantaşı Köyü,tarihsel,wikidata-6360
birim,21030009,Armutlu Köyü,tarihsel,wikidata-6360
birim,21030010,Artuk Köyü,tarihsel,wikidata-6360
birim,21030011,Aşağışeyhler Köyü,tarihsel,wikidata-6360
birim,21030012,Aşağıtaşmalı Köyü,tarihsel,wikidata-6360
birim,21030013,Asmalı Köyü,tarihsel,wikidata-6360
birim,21030014,Aynalı Köyü,tarihsel,wikidata-6360
birim,21030016,Bahçe Köyü,tarihsel,wikidata-6360
birim,21030017,Balıksırtı Köyü,tarihsel,wikidata-6360
birim,21030018,Başarı Köyü,tarihsel,wikidata-6360
birim,21030019,Bayat Köyü,tarihsel,wikidata-6360
birim,21030020,Bayırbağı Köyü,tarihsel,wikidata-6360
birim,21030021,Baykal Köyü,tarihsel,wikidata-6360
birim,21030022,Bayrak Köyü,tarihsel,wikidata-6360
birim,21030023,Bintaş Köyü,tarihsel,wikidata-6360
birim,21030024,Bircemal Köyü,tarihsel,wikidata-6360
birim,21030025,Bulundu Köyü,tarihsel,wikidata-6360
birim,21030026,Çalıtepe Köyü,tarihsel,wikidata-6360
birim,21030027,Ceylan Köyü,tarihsel,wikidata-6360
birim,21030029,Çukurelma Köyü,tarihsel,wikidata-6360
birim,21030030,Değirmenli Köyü,tarihsel,wikidata-6360
birim,21030031,Dikyol Köyü,tarihsel,wikidata-6360
birim,21030032,Dilekpınar Köyü,tarihsel,wikidata-6360
birim,21030033,Elifuşağı Köyü,tarihsel,wikidata-6360
birim,21030034,Eskibağ Köyü,tarihsel,wikidata-6360
birim,21030035,Genceli Köyü,tarihsel,wikidata-6360
birim,21030036,Göktepe Köyü,tarihsel,wikidata-6360
birim,21030037,Gözerek Köyü,tarihsel,wikidata-6360
birim,21030039,Günaşan Köyü,tarihsel,wikidata-6360
birim,21030040,Gürüz Köyü,tarihsel,wikidata-6360
birim,21030041,Güzel Köyü,tarihsel,wikidata-6360
birim,21030042,Haburman Köyü,tarihsel,wikidata-6360
birim,21030043,İkiçeltik Köyü,tarihsel,wikidata-6360
birim,21030044,İncili Köyü,tarihsel,wikidata-6360
birim,21030046,Kalaç Köyü,tarihsel,wikidata-6360
birim,21030047,Kalecik Köyü,tarihsel,wikidata-6360
birim,21030048,Karacaviran Köyü,tarihsel,wikidata-6360
birim,21030049,Karakaya Köyü,tarihsel,wikidata-6360
birim,21030050,Karamusa Köyü,tarihsel,wikidata-6360
birim,21030051,Karataş Köyü,tarihsel,wikidata-6360
birim,21030052,Kartaltaşı Köyü,tarihsel,wikidata-6360
birim,21030053,Kayagediği Köyü,tarihsel,wikidata-6360
birim,21030054,Keklik Köyü,tarihsel,wikidata-6360
birim,21030055,Kırmatepe Köyü,tarihsel,wikidata-6360
birim,21030056,Köksal Köyü,tarihsel,wikidata-6360
birim,21030057,Kömürcüler Köyü,tarihsel,wikidata-6360
birim,21030058,Konaklı Köyü,tarihsel,wikidata-6360
birim,21030059,Konuksever Köyü,tarihsel,wikidata-6360
birim,21030060,Korudağ Köyü,tarihsel,wikidata-6360
birim,21030061,Kuşlukçayırı Köyü,tarihsel,wikidata-6360
birim,21030062,Kuyu Köyü,tarihsel,wikidata-6360
birim,21030063,Örenkuyu Köyü,tarihsel,wikidata-6360
birim,21030064,Pamuklu Köyü,tarihsel,wikidata-6360
birim,21030065,Petekkaya Köyü,tarihsel,wikidata-6360
birim,21030066,Pınarlı Köyü,tarihsel,wikidata-6360
birim,21030067,Recep Köyü,tarihsel,wikidata-6360
birim,21030068,Saltepe Köyü,tarihsel,wikidata-6360
birim,21030070,Sarıbalta Köyü,tarihsel,wikidata-6360
birim,21030071,Sarıca Köyü,tarihsel,wikidata-6360
birim,21030072,Şeyhandede Köyü,tarihsel,wikidata-6360
birim,21030073,Sinek Köyü,tarihsel,wikidata-6360
birim,21030075,Toplu Köyü,tarihsel,wikidata-6360
birim,21030076,Yabanardı Köyü,tarihsel,wikidata-6360
birim,21030077,Yayıklı Köyü,tarihsel,wikidata-6360
birim,21030078,Yaylacık Köyü,tarihsel,wikidata-6360
birim,21030079,Yeşilova Köyü,tarihsel,wikidata-6360
birim,21030080,Yiğitler Köyü,tarihsel,wikidata-6360
birim,21030081,Yoğun Köyü,tarihsel,wikidata-6360
birim,21040006,Altınakar Köyü,tarihsel,wikidata-6360
birim,21040022,Bira Mehmet Ağa Köyü,tarihsel,wikidata-6360
birim,21040023,Boğazören Köyü,tarihsel,wikidata-6360
birim,21040025,Bulutçeker Köyü,tarihsel,wikidata-6360
birim,21040040,Ekinveren Köyü,tarihsel,wikidata-6360
birim,21040043,Filizören Köyü,tarihsel,wikidata-6360
birim,21040046,Görece Köyü,tarihsel,wikidata-6360
birim,21040066,Kürekli Köyü,tarihsel,wikidata-6360
birim,21040076,Özgider Köyü,tarihsel,wikidata-6360
birim,21040085,Solmaz Köyü,tarihsel,wikidata-6360
birim,21040094,Yazçiçeği Köyü,tarihsel,wikidata-6360
birim,21040097,Yeşilbağ Köyü,tarihsel,wikidata-6360
birim,21040100,Yukarıortaören Köyü,tarihsel,wikidata-6360
birim,21050001,Akbaşak Köyü,tarihsel,wikidata-6360
birim,21050002,Aktaş Köyü,tarihsel,wikidata-6360
birim,21050003,Albayrak Köyü,tarihsel,wikidata-6360
birim,21050004,Arpadere Köyü,tarihsel,wikidata-6360
birim,21050005,Atalar Köyü,tarihsel,wikidata-6360
birim,21050006,Avut Köyü,tarihsel,wikidata-6360
birim,21050007,Aydınlı Köyü,tarihsel,wikidata-6360
birim,21050008,Balcılar Köyü,tarihsel,wikidata-6360
birim,21050011,Çataldut Köyü,tarihsel,wikidata-6360
birim,21050012,Çaybaşı Köyü,tarihsel,wikidata-6360
birim,21050013,Değirmensuyu Köyü,tarihsel,wikidata-6360
birim,21050014,Deveboynu Köyü,tarihsel,wikidata-6360
birim,21050015,Elmadere Köyü,tarihsel,wikidata-6360
birim,21050016,Elyos Köyü,tarihsel,wikidata-6360
birim,21050017,Geçitköy Köyü,tarihsel,wikidata-6360
birim,21050018,Gökçepelit Köyü,tarihsel,wikidata-6360
birim,21050019,Güneydere Köyü,tarihsel,wikidata-6360
birim,21050020,Handere Köyü,tarihsel,wikidata-6360
birim,21050021,Hindibaba Köyü,tarihsel,wikidata-6360
birim,21050022,İbikkaya Köyü,tarihsel,wikidata-6360
birim,21050023,Karakaya Köyü,tarihsel,wikidata-6360
birim,21050025,Kaynakköy Köyü,tarihsel,wikidata-6360
birim,21050026,Keleşevleri Köyü,tarihsel,wikidata-6360
birim,21050027,Koçören Köyü,tarihsel,wikidata-6360
birim,21050028,Norşin Köyü,tarihsel,wikidata-6360
birim,21050029,Ormançayı Köyü,tarihsel,wikidata-6360
birim,21050030,Oyuklu Köyü,tarihsel,wikidata-6360
birim,21050031,Polatuşağı Köyü,tarihsel,wikidata-6360
birim,21050032,Sağtepe Köyü,tarihsel,wikidata-6360
birim,21050033,Seferuşağı Köyü,tarihsel,wikidata-6360
birim,21050034,Türkmen Köyü,tarihsel,wikidata-6360
birim,21050035,Üçpınar Köyü,tarihsel,wikidata-6360
birim,21050036,Yaygınkonak Köyü,tarihsel,wikidata-6360
birim,21050037,Yazyağmuru Köyü,tarihsel,wikidata-6360
birim,21050038,Yenice Köyü,tarihsel,wikidata-6360
birim,21050039,Yeniköy Köyü,tarihsel,wikidata-6360
birim,21060003,Altayköy Köyü,tarihsel,wikidata-6360
birim,21060004,Arıköy Köyü,tarihsel,wikidata-6360
birim,21060005,Bademli Köyü,tarihsel,wikidata-6360
birim,21060008,Bahçeköy Köyü,tarihsel,wikidata-6360
birim,21060009,Baltacı Köyü,tarihsel,wikidata-6360
birim,21060010,Başköy Köyü,tarihsel,wikidata-6360
birim,21060011,Baturköy Köyü,tarihsel,wikidata-6360
birim,21060013,Boğaz Köyü,tarihsel,wikidata-6360
birim,21060014,Boğazköy Köyü,tarihsel,wikidata-6360
birim,21060015,Bozoba Köyü,tarihsel,wikidata-6360
birim,21060016,Çavlı Köyü,tarihsel,wikidata-6360
birim,21060018,Dedeköy Köyü,tarihsel,wikidata-6360
birim,21060019,Değirmenli Köyü,tarihsel,wikidata-6360
birim,21060020,Döğer Köyü,tarihsel,wikidata-6360
birim,21060021,Durabeyli Köyü,tarihsel,wikidata-6360
birim,21060022,Gelincik Köyü,tarihsel,wikidata-6360
birim,21060024,Gündoğdu Köyü,tarihsel,wikidata-6360
birim,21060026,Kayıköy Köyü,tarihsel,wikidata-6360
birim,21060027,Kelekçi Köyü,tarihsel,wikidata-6360
birim,21060029,Kırkpınar Köyü,tarihsel,wikidata-6360
birim,21060030,Kocaalan Köyü,tarihsel,wikidata-6360
birim,21060031,Koruköy Köyü,tarihsel,wikidata-6360
birim,21060032,Kurşunlu Köyü,tarihsel,wikidata-6360
birim,21060033,Kurudere Köyü,tarihsel,wikidata-6360
birim,21060034,Meydan Köyü,tarihsel,wikidata-6360
birim,21060035,Pekmezciler Köyü,tarihsel,wikidata-6360
birim,21060037,Sergenli Köyü,tarihsel,wikidata-6360
birim,21060039,Taşağıl Köyü,tarihsel,wikidata-6360
birim,21060040,Tepe Köyü,tarihsel,wikidata-6360
birim,21060041,Tepebaşı Köyü,tarihsel,wikidata-6360
birim,21060042,Uğrak Köyü,tarihsel,wikidata-6360
birim,21060043,Ulubaş Köyü,tarihsel,wikidata-6360
birim,21060044,Uluçeşme Köyü,tarihsel,wikidata-6360
birim,21060045,Üzümlü Köyü,tarihsel,wikidata-6360
birim,21060046,Yeşilsırt Köyü,tarihsel,wikidata-6360
birim,21060048,Yokuşlu Köyü,tarihsel,wikidata-6360
birim,21070001,Akalan Köyü,tarihsel,wikidata-6360
birim,21070003,Bahşilar Köyü,tarihsel,wikidata-6360
birim,21070004,Balaban Köyü,tarihsel,wikidata-6360
birim,21070005,Balım Köyü,tarihsel,wikidata-6360
birim,21070006,Baysu Köyü,tarihsel,wikidata-6360
birim,21070009,Düzlük Köyü,tarihsel,wikidata-6360
birim,21070011,Gürünlü Köyü,tarihsel,wikidata-6360
birim,21070012,Ilgın Köyü,tarihsel,wikidata-6360
birim,21070014,Kalecik Köyü,tarihsel,wikidata-6360
birim,21070015,Kalkan Köyü,tarihsel,wikidata-6360
birim,21070016,Kaya Köyü,tarihsel,wikidata-6360
birim,21070017,Kazanlı Köyü,tarihsel,wikidata-6360
birim,21070018,Kırkkuyu Köyü,tarihsel,wikidata-6360
birim,21070019,Konak Köyü,tarihsel,wikidata-6360
birim,21070020,Meşeler Köyü,tarihsel,wikidata-6360
birim,21070021,Oyalı Köyü,tarihsel,wikidata-6360
birim,21070022,Sağlam Köyü,tarihsel,wikidata-6360
birim,21070023,Sarıca Köyü,tarihsel,wikidata-6360
birim,21070024,Sarmaşık Köyü,tarihsel,wikidata-6360
birim,21070025,Selman Köyü,tarihsel,wikidata-6360
birim,21070026,Taşdam Köyü,tarihsel,wikidata-6360
birim,21070027,Tepecik Köyü,tarihsel,wikidata-6360
birim,21070028,Yatır Köyü,tarihsel,wikidata-6360
birim,21080002,Ahmetli Köyü,tarihsel,wikidata-6360
birim,21080003,Akçakale Köyü,tarihsel,wikidata-6360
birim,21080005,Alitaşı Köyü,tarihsel,wikidata-6360
birim,21080006,Armutova Köyü,tarihsel,wikidata-6360
birim,21080008,Aşağıkuyulu Köyü,tarihsel,wikidata-6360
birim,21080009,Azıklı Köyü,tarihsel,wikidata-6360
birim,21080011,Bademli Köyü,tarihsel,wikidata-6360
birim,21080013,Bahçekaşı Köyü,tarihsel,wikidata-6360
birim,21080014,Bereketli Köyü,tarihsel,wikidata-6360
birim,21080015,Boğazköy Köyü,tarihsel,wikidata-6360
birim,21080016,Boncuklu Köyü,tarihsel,wikidata-6360
birim,21080017,Bozyer Köyü,tarihsel,wikidata-6360
birim,21080018,Caferan Köyü,tarihsel,wikidata-6360
birim,21080019,Çakartaş Köyü,tarihsel,wikidata-6360
birim,21080020,Çakırfakır Köyü,tarihsel,wikidata-6360
birim,21080021,Canveren Köyü,tarihsel,wikidata-6360
birim,21080022,Çayırdere Köyü,tarihsel,wikidata-6360
birim,21080023,Çayköy Köyü,tarihsel,wikidata-6360
birim,21080027,Çukurdere Köyü,tarihsel,wikidata-6360
birim,21080028,Dağarası Köyü,tarihsel,wikidata-6360
birim,21080029,Dallıdağ Köyü,tarihsel,wikidata-6360
birim,21080030,Değirmendere Köyü,tarihsel,wikidata-6360
birim,21080031,Demirli Köyü,tarihsel,wikidata-6360
birim,21080032,Dereboyu Köyü,tarihsel,wikidata-6360
birim,21080033,Deringöze Köyü,tarihsel,wikidata-6360
birim,21080034,Develi Köyü,tarihsel,wikidata-6360
birim,21080036,Dibektaş Köyü,tarihsel,wikidata-6360
birim,21080037,Doğanköy Köyü,tarihsel,wikidata-6360
birim,21080041,Gökiçi Köyü,tarihsel,wikidata-6360
birim,21080042,Gözekaya Köyü,tarihsel,wikidata-6360
birim,21080043,Gözlü Köyü,tarihsel,wikidata-6360
birim,21080044,Gülerce Köyü,tarihsel,wikidata-6360
birim,21080045,Güneştepe Köyü,tarihsel,wikidata-6360
birim,21080046,Güzelyurt Köyü,tarihsel,wikidata-6360
birim,21080047,Hançerli Köyü,tarihsel,wikidata-6360
birim,21080048,Hendekköy Köyü,tarihsel,wikidata-6360
birim,21080050,İncehıdır Köyü,tarihsel,wikidata-6360
birim,21080052,Karaburçak Köyü,tarihsel,wikidata-6360
birim,21080053,Karpuzlu Köyü,tarihsel,wikidata-6360
birim,21080054,Karşıbağlar Köyü,tarihsel,wikidata-6360
birim,21080057,Kayan Köyü,tarihsel,wikidata-6360
birim,21080060,Kesentaş Köyü,tarihsel,wikidata-6360
birim,21080061,Kıralan Köyü,tarihsel,wikidata-6360
birim,21080062,Kocaali Köyü,tarihsel,wikidata-6360
birim,21080063,Kömürtaş Köyü,tarihsel,wikidata-6360
birim,21080064,Kortaş Köyü,tarihsel,wikidata-6360
birim,21080065,Koyunalan Köyü,tarihsel,wikidata-6360
birim,21080066,Kumçi Köyü,tarihsel,wikidata-6360
birim,21080067,Morkoyun Köyü,tarihsel,wikidata-6360
birim,21080069,Olgun Köyü,tarihsel,wikidata-6360
birim,21080070,Ortaağaç Köyü,tarihsel,wikidata-6360
birim,21080071,Ortayazı Köyü,tarihsel,wikidata-6360
birim,21080072,Otluca Köyü,tarihsel,wikidata-6360
birim,21080073,Özbilek Köyü,tarihsel,wikidata-6360
birim,21080074,Pınarkaya Köyü,tarihsel,wikidata-6360
birim,21080075,Sabırlı Köyü,tarihsel,wikidata-6360
birim,21080076,Salihli Köyü,tarihsel,wikidata-6360
birim,21080077,Sallar Köyü,tarihsel,wikidata-6360
birim,21080078,Sallıca Köyü,tarihsel,wikidata-6360
birim,21080082,Selmanköy Köyü,tarihsel,wikidata-6360
birim,21080084,Sökündüzü Köyü,tarihsel,wikidata-6360
birim,21080086,Tevekli Köyü,tarihsel,wikidata-6360
birim,21080087,Üçkardeş Köyü,tarihsel,wikidata-6360
birim,21080088,Usluca Köyü,tarihsel,wikidata-6360
birim,21080089,Üzümlü Köyü,tarihsel,wikidata-6360
birim,21080090,Yakacık Köyü,tarihsel,wikidata-6360
birim,21080091,Yamaçlar Köyü,tarihsel,wikidata-6360
birim,21080092,Yapraklı Köyü,tarihsel,wikidata-6360
birim,21080093,Yayvantepe Köyü,tarihsel,wikidata-6360
birim,21080094,Yeniköy Köyü,tarihsel,wikidata-6360
birim,21080095,Yeşilköy Köyü,tarihsel,wikidata-6360
birim,21080096,Yolbulan Köyü,tarihsel,wikidata-6360
birim,21080097,Yolköprü Köyü,tarihsel,wikidata-6360
birim,21080098,Yoncalı Köyü,tarihsel,wikidata-6360
birim,21080100,Yukarıkarpuzlu Köyü,tarihsel,wikidata-6360
birim,21080101,Yukarıkuyulu Köyü,tarihsel,wikidata-6360
birim,21080102,Ziyaret Köyü,tarihsel,wikidata-6360
birim,21090001,Abacılar Köyü,tarihsel,wikidata-6360
birim,21090002,Akçayurt Köyü,tarihsel,wikidata-6360
birim,21090003,Anıl Köyü,tarihsel,wikidata-6360
birim,21090004,Belen Köyü,tarihsel,wikidata-6360
birim,21090005,Çardaklı Köyü,tarihsel,wikidata-6360
birim,21090007,Çukurköy Köyü,tarihsel,wikidata-6360
birim,21090009,Gömeç Köyü,tarihsel,wikidata-6360
birim,21090011,Kalaba Köyü,tarihsel,wikidata-6360
birim,21090012,Kaledibi Köyü,tarihsel,wikidata-6360
birim,21090013,Kırım Köyü,tarihsel,wikidata-6360
birim,21090016,Okurköy Köyü,tarihsel,wikidata-6360
birim,21090017,Serenköy Köyü,tarihsel,wikidata-6360
birim,21090018,Sergen Köyü,tarihsel,wikidata-6360
birim,21090019,Soylu Köyü,tarihsel,wikidata-6360
birim,21090020,Süslü Köyü,tarihsel,wikidata-6360
birim,21090021,Topçular Köyü,tarihsel,wikidata-6360
birim,21090022,Uzunlar Köyü,tarihsel,wikidata-6360
birim,21090024,Yayvan Köyü,tarihsel,wikidata-6360
birim,21090025,Yukarıturalı Köyü,tarihsel,wikidata-6360
birim,21100001,Ağartı Köyü,tarihsel,wikidata-6360
birim,21100002,Bağyurdu Köyü,tarihsel,wikidata-6360
birim,21100004,Bayırdüzü Köyü,tarihsel,wikidata-6360
birim,21100006,Çitlibahçe Köyü,tarihsel,wikidata-6360
birim,21100008,Dadaş Köyü,tarihsel,wikidata-6360
birim,21100011,Gözlü Köyü,tarihsel,wikidata-6360
birim,21100013,İncekavak Köyü,tarihsel,wikidata-6360
birim,21100015,Kavaklıboğaz Köyü,tarihsel,wikidata-6360
birim,21100016,Kırkkaşık Köyü,tarihsel,wikidata-6360
birim,21100017,Kırmataş Köyü,tarihsel,wikidata-6360
birim,21100018,Koçbaba Köyü,tarihsel,wikidata-6360
birim,21100019,Kulaçtepe Köyü,tarihsel,wikidata-6360
birim,21100020,Meşebağları Köyü,tarihsel,wikidata-6360
birim,21100021,Mutluca Köyü,tarihsel,wikidata-6360
birim,21100022,Ormankaya Köyü,tarihsel,wikidata-6360
birim,21100023,Reşik Köyü,tarihsel,wikidata-6360
birim,21100024,Sarıçanak Köyü,tarihsel,wikidata-6360
birim,21100025,Sarıerik Köyü,tarihsel,wikidata-6360
birim,21100026,Terdöken Köyü,tarihsel,wikidata-6360
birim,21100028,Ülgen Köyü,tarihsel,wikidata-6360
birim,21100029,Uzunargıt Köyü,tarihsel,wikidata-6360
birim,21100030,Varınca Köyü,tarihsel,wikidata-6360
birim,21100031,Yazgı Köyü,tarihsel,wikidata-6360
birim,21110001,Avcısuyu Köyü,tarihsel,wikidata-6360
birim,21110003,Baykara Köyü,tarihsel,wikidata-6360
birim,21110004,Beneklitaş Köyü,tarihsel,wikidata-6360
birim,21110005,Cankatran Köyü,tarihsel,wikidata-6360
birim,21110006,Çölgüzeli Köyü,tarihsel,wikidata-6360
birim,21110007,Cücük Köyü,tarihsel,wikidata-6360
birim,21110008,Cumhuriyet Köyü,tarihsel,wikidata-6360
birim,21110010,Esentepe Köyü,tarihsel,wikidata-6360
birim,21110012,Gözalan Köyü,tarihsel,wikidata-6360
birim,21110013,Gözegöl Köyü,tarihsel,wikidata-6360
birim,21110014,Güleçoba Köyü,tarihsel,wikidata-6360
birim,21110015,Harmanardı Köyü,tarihsel,wikidata-6360
birim,21110016,Hatipoğlu Köyü,tarihsel,wikidata-6360
birim,21110018,Kaldırım Köyü,tarihsel,wikidata-6360
birim,21110019,Karayakup Köyü,tarihsel,wikidata-6360
birim,21110020,Keklik Köyü,tarihsel,wikidata-6360
birim,21110021,Kırkpınar Köyü,tarihsel,wikidata-6360
birim,21110024,Petek Köyü,tarihsel,wikidata-6360
birim,21110026,Sağkulak Köyü,tarihsel,wikidata-6360
birim,21110027,Sultantepe Köyü,tarihsel,wikidata-6360
birim,21110028,Taban Köyü,tarihsel,wikidata-6360
birim,21110030,Tişo Köyü,tarihsel,wikidata-6360
birim,21110031,Tosunlu Köyü,tarihsel,wikidata-6360
birim,21110032,Uyandık Köyü,tarihsel,wikidata-6360
birim,21110033,Yeniözerli Köyü,tarihsel,wikidata-6360
birim,21110034,Yolboyu Pirinçlik Köyü,tarihsel,wikidata-6360
birim,21120002,Arkbaşı Köyü,tarihsel,wikidata-6360
birim,21120003,Boyunlu Köyü,tarihsel,wikidata-6360
birim,21120004,Bozbağlar Köyü,tarihsel,wikidata-6360
birim,21120005,Bozyer Köyü,tarihsel,wikidata-6360
birim,21120008,Çaytepe Köyü,tarihsel,wikidata-6360
birim,21120011,Gözebaşı Köyü,tarihsel,wikidata-6360
birim,21120012,Günalan Köyü,tarihsel,wikidata-6360
birim,21120016,Şaklat Köyü,tarihsel,wikidata-6360
birim,21120019,Suçıktı Köyü,tarihsel,wikidata-6360
birim,21120020,Tepecik Köyü,tarihsel,wikidata-6360
birim,21120021,Yazıköy Köyü,tarihsel,wikidata-6360
birim,21130001,Ağaçkorur Köyü,tarihsel,wikidata-6360
birim,21130003,Ağıllı Köyü,tarihsel,wikidata-6360
birim,21130004,Akbulak Köyü,tarihsel,wikidata-6360
birim,21130005,Akçesir Köyü,tarihsel,wikidata-6360
birim,21130006,Akdoruk Köyü,tarihsel,wikidata-6360
birim,21130007,Alaca Köyü,tarihsel,wikidata-6360
birim,21130008,Argün Köyü,tarihsel,wikidata-6360
birim,21130009,Aygün Köyü,tarihsel,wikidata-6360
birim,21130010,Ayhan Köyü,tarihsel,wikidata-6360
birim,21130011,Bağcılar Köyü,tarihsel,wikidata-6360
birim,21130012,Baloğlu Köyü,tarihsel,wikidata-6360
birim,21130013,Barın Köyü,tarihsel,wikidata-6360
birim,21130014,Başbuğ Köyü,tarihsel,wikidata-6360
birim,21130015,Bayır Köyü,tarihsel,wikidata-6360
birim,21130016,Çağlayan Köyü,tarihsel,wikidata-6360
birim,21130017,Çukurca Köyü,tarihsel,wikidata-6360
birim,21130018,Demirli Köyü,tarihsel,wikidata-6360
birim,21130019,Dolun Köyü,tarihsel,wikidata-6360
birim,21130020,Düzce Köyü,tarihsel,wikidata-6360
birim,21130021,Elmalı Köyü,tarihsel,wikidata-6360
birim,21130022,Güleç Köyü,tarihsel,wikidata-6360
birim,21130023,Güllük Köyü,tarihsel,wikidata-6360
birim,21130024,Hamzalı Köyü,tarihsel,wikidata-6360
birim,21130025,İnkaya Köyü,tarihsel,wikidata-6360
birim,21130026,İslamköy Köyü,tarihsel,wikidata-6360
birim,21130027,Kamışlı Köyü,tarihsel,wikidata-6360
birim,21130028,Karaağaç Köyü,tarihsel,wikidata-6360
birim,21130029,Karabulak Köyü,tarihsel,wikidata-6360
birim,21130030,Karaorman Köyü,tarihsel,wikidata-6360
birim,21130031,Karpuzlu Köyü,tarihsel,wikidata-6360
birim,21130032,Kayacık Köyü,tarihsel,wikidata-6360
birim,21130033,Kayahan Köyü,tarihsel,wikidata-6360
birim,21130034,Kaynak Köyü,tarihsel,wikidata-6360
birim,21130035,Koçkar Köyü,tarihsel,wikidata-6360
birim,21130036,Konuklu Köyü,tarihsel,wikidata-6360
birim,21130037,Kurudere Köyü,tarihsel,wikidata-6360
birim,21130040,Narlıca Köyü,tarihsel,wikidata-6360
birim,21130041,Özbek Köyü,tarihsel,wikidata-6360
birim,21130043,Saltuk Köyü,tarihsel,wikidata-6360
birim,21130044,Taşköprü Köyü,tarihsel,wikidata-6360
birim,21130045,Temran Köyü,tarihsel,wikidata-6360
birim,21130048,Tuzla Köyü,tarihsel,wikidata-6360
birim,21130049,Üçkuyu Köyü,tarihsel,wikidata-6360
birim,21130050,Ünal Köyü,tarihsel,wikidata-6360
birim,21130051,Uygur Köyü,tarihsel,wikidata-6360
birim,21130052,Uzunova Köyü,tarihsel,wikidata-6360
birim,21130053,Yakıt Köyü,tarihsel,wikidata-6360
birim,21130054,Yayık Köyü,tarihsel,wikidata-6360
birim,21130055,Yaylak Köyü,tarihsel,wikidata-6360
birim,21130057,Yuvacık Köyü,tarihsel,wikidata-6360
birim,21130058,Zeyrek Köyü,tarihsel,wikidata-6360
birim,21140001,Abalı Köyü,tarihsel,wikidata-6360
birim,21140002,Akçabudak Köyü,tarihsel,wikidata-6360
birim,21140003,Arıklı Köyü,tarihsel,wikidata-6360
birim,21140004,Bağlan Köyü,tarihsel,wikidata-6360
birim,21140005,Baharlar Köyü,tarihsel,wikidata-6360
birim,21140006,Bayırlı Köyü,tarihsel,wikidata-6360
birim,21140007,Birlik Köyü,tarihsel,wikidata-6360
birim,21140008,Budak Köyü,tarihsel,wikidata-6360
birim,21140009,Çağdaş Köyü,tarihsel,wikidata-6360
birim,21140012,Çavundur Köyü,tarihsel,wikidata-6360
birim,21140013,Çeper Köyü,tarihsel,wikidata-6360
birim,21140014,Çıralı Köyü,tarihsel,wikidata-6360
birim,21140015,Dallıca Köyü,tarihsel,wikidata-6360
birim,21140016,Damar Köyü,tarihsel,wikidata-6360
birim,21140017,Daralan Köyü,tarihsel,wikidata-6360
birim,21140019,Dernek Köyü,tarihsel,wikidata-6360
birim,21140020,Dibek Köyü,tarihsel,wikidata-6360
birim,21140021,Dolunay Köyü,tarihsel,wikidata-6360
birim,21140022,Duru Köyü,tarihsel,wikidata-6360
birim,21140023,Ecemiş Köyü,tarihsel,wikidata-6360
birim,21140024,Ergin Köyü,tarihsel,wikidata-6360
birim,21140025,Esenler Köyü,tarihsel,wikidata-6360
birim,21140026,Gökçe Köyü,tarihsel,wikidata-6360
birim,21140027,Güçlü Köyü,tarihsel,wikidata-6360
birim,21140028,Güldiken Köyü,tarihsel,wikidata-6360
birim,21140029,Gürbeyli Köyü,tarihsel,wikidata-6360
birim,21140030,Hedik Köyü,tarihsel,wikidata-6360
birim,21140031,Kabakaya Köyü,tarihsel,wikidata-6360
birim,21140035,Kılıçlı Köyü,tarihsel,wikidata-6360
birim,21140036,Kıpçak Köyü,tarihsel,wikidata-6360
birim,21140037,Kıralan Köyü,tarihsel,wikidata-6360
birim,21140038,Kıyı Köyü,tarihsel,wikidata-6360
birim,21140041,Kutlu Köyü,tarihsel,wikidata-6360
birim,21140045,Ortaç Köyü,tarihsel,wikidata-6360
birim,21140046,Örtülü Köyü,tarihsel,wikidata-6360
birim,21140047,Oyuklu Köyü,tarihsel,wikidata-6360
birim,21140049,Savat Köyü,tarihsel,wikidata-6360
birim,21140050,Saydamlı Köyü,tarihsel,wikidata-6360
birim,21140051,Şenlik Köyü,tarihsel,wikidata-6360
birim,21140052,Serin Köyü,tarihsel,wikidata-6360
birim,21140053,Sığınak Köyü,tarihsel,wikidata-6360
birim,21140054,Tepe Köyü,tarihsel,wikidata-6360
birim,21140055,Türeli Köyü,tarihsel,wikidata-6360
birim,21140056,Tuzla Köyü,tarihsel,wikidata-6360
birim,21140057,Uçarlı Köyü,tarihsel,wikidata-6360
birim,21140058,Üçdamlar Köyü,tarihsel,wikidata-6360
birim,21140059,Ulucak Köyü,tarihsel,wikidata-6360
birim,21140060,Yalaza Köyü,tarihsel,wikidata-6360
birim,21140061,Yalımlı Köyü,tarihsel,wikidata-6360
birim,21140062,Yamaçlı Köyü,tarihsel,wikidata-6360
birim,21140063,Yaprak Köyü,tarihsel,wikidata-6360
birim,21140066,Yolçatı Köyü,tarihsel,wikidata-6360
birim,21140067,Yorulmaz Köyü,tarihsel,wikidata-6360
birim,21140068,Yünlüce Köyü,tarihsel,wikidata-6360
birim,21140069,Ziyaret Köyü,tarihsel,wikidata-6360
birim,21140070,Zümrüt Köyü,tarihsel,wikidata-6360
birim,21150001,Akçayır Köyü,tarihsel,wikidata-6360
birim,21150002,Akçeltik Köyü,tarihsel,wikidata-6360
birim,21150003,Akdere Köyü,tarihsel,wikidata-6360
birim,21150004,Akyol Köyü,tarihsel,wikidata-6360
birim,21150005,Alibey Köyü,tarihsel,wikidata-6360
birim,21150006,Altınkum Köyü,tarihsel,wikidata-6360
birim,21150007,Arı Köyü,tarihsel,wikidata-6360
birim,21150008,Aşağıkaya Köyü,tarihsel,wikidata-6360
birim,21150009,Aşağıveysi Köyü,tarihsel,wikidata-6360
birim,21150010,Babakaya Köyü,tarihsel,wikidata-6360
birim,21150011,Bağdere Köyü,tarihsel,wikidata-6360
birim,21150013,Bahçe Köyü,tarihsel,wikidata-6360
birim,21150015,Başdeğirmen Köyü,tarihsel,wikidata-6360
birim,21150016,Başıbüyük Köyü,tarihsel,wikidata-6360
birim,21150018,Bellibahçe Köyü,tarihsel,wikidata-6360
birim,21150019,Bereketli Köyü,tarihsel,wikidata-6360
birim,21150020,Beypınar Köyü,tarihsel,wikidata-6360
birim,21150021,Boyunlu Köyü,tarihsel,wikidata-6360
birim,21150022,Çakıltaşı Köyü,tarihsel,wikidata-6360
birim,21150023,Çaldere Köyü,tarihsel,wikidata-6360
birim,21150025,Çardak Köyü,tarihsel,wikidata-6360
birim,21150026,Çevriksu Köyü,tarihsel,wikidata-6360
birim,21150027,Çiğdemli Köyü,tarihsel,wikidata-6360
birim,21150028,Çiğil Köyü,tarihsel,wikidata-6360
birim,21150029,Çobantepe Köyü,tarihsel,wikidata-6360
birim,21150030,Dağcılar Köyü,tarihsel,wikidata-6360
birim,21150031,Darköprü Köyü,tarihsel,wikidata-6360
birim,21150032,Demirkuyu Köyü,tarihsel,wikidata-6360
birim,21150033,Dolapdere Köyü,tarihsel,wikidata-6360
birim,21150034,Doluçanak Köyü,tarihsel,wikidata-6360
birim,21150035,Duru Köyü,tarihsel,wikidata-6360
birim,21150036,Düzalan Köyü,tarihsel,wikidata-6360
birim,21150037,Erikyazı Köyü,tarihsel,wikidata-6360
birim,21150038,Eskiköy Köyü,tarihsel,wikidata-6360
birim,21150039,Eskiocak Köyü,tarihsel,wikidata-6360
birim,21150040,Eşme Köyü,tarihsel,wikidata-6360
birim,21150042,Gökçetevek Köyü,tarihsel,wikidata-6360
birim,21150043,Görentepe Köyü,tarihsel,wikidata-6360
birim,21150044,Görmez Köyü,tarihsel,wikidata-6360
birim,21150045,Güçlü Köyü,tarihsel,wikidata-6360
birim,21150046,Gündüz Köyü,tarihsel,wikidata-6360
birim,21150047,Gürpınar Köyü,tarihsel,wikidata-6360
birim,21150048,Güzderesi Köyü,tarihsel,wikidata-6360
birim,21150049,Heybelikonak Köyü,tarihsel,wikidata-6360
birim,21150050,İncesu Köyü,tarihsel,wikidata-6360
birim,21150052,Karacalar Köyü,tarihsel,wikidata-6360
birim,21150053,Karahacı Köyü,tarihsel,wikidata-6360
birim,21150054,Karamus Köyü,tarihsel,wikidata-6360
birim,21150055,Kasımlı Köyü,tarihsel,wikidata-6360
birim,21150056,Kayadere Köyü,tarihsel,wikidata-6360
birim,21150057,Kazandağı Köyü,tarihsel,wikidata-6360
birim,21150058,Keklikdere Köyü,tarihsel,wikidata-6360
birim,21150059,Kıraçtepe Köyü,tarihsel,wikidata-6360
birim,21150060,Kızlal Köyü,tarihsel,wikidata-6360
birim,21150062,Kumgölü Köyü,tarihsel,wikidata-6360
birim,21150063,Kumluk Köyü,tarihsel,wikidata-6360
birim,21150064,Kutlualan Köyü,tarihsel,wikidata-6360
birim,21150065,Malabadi Köyü,tarihsel,wikidata-6360
birim,21150067,Nohuttepe Köyü,tarihsel,wikidata-6360
birim,21150068,Onbaşılar Köyü,tarihsel,wikidata-6360
birim,21150069,Ormandışı Köyü,tarihsel,wikidata-6360
birim,21150070,Otluk Köyü,tarihsel,wikidata-6360
birim,21150073,Sarıbuğday Köyü,tarihsel,wikidata-6360
birim,21150075,Sulak Köyü,tarihsel,wikidata-6360
birim,21150076,Sulubağ Köyü,tarihsel,wikidata-6360
birim,21150077,Susuz Köyü,tarihsel,wikidata-6360
birim,21150078,Taşpınar Köyü,tarihsel,wikidata-6360
birim,21150080,Tokluca Köyü,tarihsel,wikidata-6360
birim,21150081,Üçbasamak Köyü,tarihsel,wikidata-6360
birim,21150082,Umur Köyü,tarihsel,wikidata-6360
birim,21150083,Yenidoğan Köyü,tarihsel,wikidata-6360
birim,21150084,Yeniköy Köyü,tarihsel,wikidata-6360
birim,21150086,Yeşerdi Köyü,tarihsel,wikidata-6360
birim,21150087,Yeşilbahçe Köyü,tarihsel,wikidata-6360
birim,21150088,Yeşilköy Köyü,tarihsel,wikidata-6360
birim,21150089,Yolaç Köyü,tarihsel,wikidata-6360
birim,21150090,Yolarası Köyü,tarihsel,wikidata-6360
birim,21150091,Yukarıveysi Köyü,tarihsel,wikidata-6360
birim,21150093,Yuva Köyü,tarihsel,wikidata-6360
birim,21160001,Suriçi,semt,ptt-semt
birim,21160002,Ağaçlıdere Köyü,tarihsel,wikidata-6360
birim,21160002,Balıkçılarbaşı,semt,ptt-semt
birim,21160003,Alabal Köyü,tarihsel,wikidata-6360
birim,21160003,Balıkçılarbaşı,semt,ptt-semt
birim,21160004,Alcık Köyü,tarihsel,wikidata-6360
birim,21160004,Balıkçılarbaşı,semt,ptt-semt
birim,21160005,Suriçi,semt,ptt-semt
birim,21160006,Alibardak Köyü,tarihsel,wikidata-6360
birim,21160006,Balıkçılarbaşı,semt,ptt-semt
birim,21160007,Arpaderesi Köyü,tarihsel,wikidata-6360
birim,21160007,Balıkçılarbaşı,semt,ptt-semt
birim,21160008,Balıkçılarbaşı,semt,ptt-semt
birim,21160009,Balıkçılarbaşı,semt,ptt-semt
birim,21160009,Bağpınar Köyü,tarihsel,wikidata-6360
birim,21160010,Bahçecik Köyü,tarihsel,wikidata-6360
birim,21160010,Balıkçılarbaşı,semt,ptt-semt
birim,21160011,Balıkçılarbaşı,semt,ptt-semt
birim,21160011,Baroğlu Köyü,tarihsel,wikidata-6360
birim,21160012,Balıkçılarbaşı,semt,ptt-semt
birim,21160012,Beybulak Köyü,tarihsel,wikidata-6360
birim,21160013,Balıkçılarbaşı,semt,ptt-semt
birim,21160013,Bostanpınar Köyü,tarihsel,wikidata-6360
birim,21160014,Balıkçılarbaşı,semt,ptt-semt
birim,21160014,Bozdemir Köyü,tarihsel,wikidata-6360
birim,21160015,Balıkçılarbaşı,semt,ptt-semt
birim,21160015,Büyükakören Köyü,tarihsel,wikidata-6360
birim,21160016,Balıkçılarbaşı,semt,ptt-semt
birim,21160016,Büyükkadı Köyü,tarihsel,wikidata-6360
birim,21160017,Suriçi,semt,ptt-semt
birim,21160018,Suriçi,semt,ptt-semt
birim,21160019,Balıkçılarbaşı,semt,ptt-semt
birim,21160020,Balıkçılarbaşı,semt,ptt-semt
birim,21160020,Çataksu Köyü,tarihsel,wikidata-6360
birim,21160021,Balıkçılarbaşı,semt,ptt-semt
birim,21160021,Çelikli Köyü,tarihsel,wikidata-6360
birim,21160022,Balıkçılarbaşı,semt,ptt-semt
birim,21160023,Balıkçılarbaşı,semt,ptt-semt
birim,21160024,Balıkçılarbaşı,semt,ptt-semt
birim,21160024,Çubuklu Köyü,tarihsel,wikidata-6360
birim,21160025,Suriçi,semt,ptt-semt
birim,21160026,Balıkçılarbaşı,semt,ptt-semt
birim,21160026,Dervişhasan Köyü,tarihsel,wikidata-6360
birim,21160027,Balıkçılarbaşı,semt,ptt-semt
birim,21160027,Doğanlı Köyü,tarihsel,wikidata-6360
birim,21160028,Balıkçılarbaşı,semt,ptt-semt
birim,21160028,Doğu Çanakçı Köyü,tarihsel,wikidata-6360
birim,21160029,Balıkçılarbaşı,semt,ptt-semt
birim,21160029,Dumrul Köyü,tarihsel,wikidata-6360
birim,21160030,Balıkçılarbaşı,semt,ptt-semt
birim,21160030,Erimli Köyü,tarihsel,wikidata-6360
birim,21160031,Balıkçılarbaşı,semt,ptt-semt
birim,21160031,Eryolu Köyü,tarihsel,wikidata-6360
birim,21160032,Balıkçılarbaşı,semt,ptt-semt
birim,21160032,Esenbağ Köyü,tarihsel,wikidata-6360
birim,21160033,Balıkçılarbaşı,semt,ptt-semt
birim,21160034,Balıkçılarbaşı,semt,ptt-semt
birim,21160035,Balıkçılarbaşı,semt,ptt-semt
birim,21160035,Fidanlar Köyü,tarihsel,wikidata-6360
birim,21160036,Balıkçılarbaşı,semt,ptt-semt
birim,21160036,Gencan Köyü,tarihsel,wikidata-6360
birim,21160037,Balıkçılarbaşı,semt,ptt-semt
birim,21160037,Gölpınar Köyü,tarihsel,wikidata-6360
birim,21160038,Balıkçılarbaşı,semt,ptt-semt
birim,21160039,Balıkçılarbaşı,semt,ptt-semt
birim,21160039,Hacıosman Köyü,tarihsel,wikidata-6360
birim,21160040,Balıkçılarbaşı,semt,ptt-semt
birim,21160040,Harmanlar Köyü,tarihsel,wikidata-6360
birim,21160041,Balıkçılarbaşı,semt,ptt-semt
birim,21160042,Balıkçılarbaşı,semt,ptt-semt
birim,21160042,Havacılar Köyü,tarihsel,wikidata-6360
birim,21160043,Balıkçılarbaşı,semt,ptt-semt
birim,21160043,Hızır İlyas Köyü,tarihsel,wikidata-6360
birim,21160044,Suriçi,semt,ptt-semt
birim,21160045,Balıkçılarbaşı,semt,ptt-semt
birim,21160046,Balıkçılarbaşı,semt,ptt-semt
birim,21160046,Kapaklıpınar Köyü,tarihsel,wikidata-6360
birim,21160047,Balıkçılarbaşı,semt,ptt-semt
birim,21160047,Karabaş Köyü,tarihsel,wikidata-6360
birim,21160048,Balıkçılarbaşı,semt,ptt-semt
birim,21160048,Karaçalı Köyü,tarihsel,wikidata-6360
birim,21160049,Balıkçılarbaşı,semt,ptt-semt
birim,21160049,Karacaören Köyü,tarihsel,wikidata-6360
birim,21160050,Balıkçılarbaşı,semt,ptt-semt
birim,21160050,Karaçimen Köyü,tarihsel,wikidata-6360
birim,21160051,Balıkçılarbaşı,semt,ptt-semt
birim,21160052,Balıkçılarbaşı,semt,ptt-semt
birim,21160053,Balıkçılarbaşı,semt,ptt-semt
birim,21160053,Karpuztepe Köyü,tarihsel,wikidata-6360
birim,21160054,Balıkçılarbaşı,semt,ptt-semt
birim,21160054,Kartaltepe Köyü,tarihsel,wikidata-6360
birim,21160055,Balıkçılarbaşı,semt,ptt-semt
birim,21160055,Kavaklıbağ Köyü,tarihsel,wikidata-6360
birim,21160056,Balıkçılarbaşı,semt,ptt-semt
birim,21160056,Kayayolu Köyü,tarihsel,wikidata-6360
birim,21160057,Balıkçılarbaşı,semt,ptt-semt
birim,21160057,Kengerli Köyü,tarihsel,wikidata-6360
birim,21160058,Balıkçılarbaşı,semt,ptt-semt
birim,21160058,Kervanpınar Köyü,tarihsel,wikidata-6360
birim,21160059,Balıkçılarbaşı,semt,ptt-semt
birim,21160059,Kırmasırt Köyü,tarihsel,wikidata-6360
birim,21160060,Balıkçılarbaşı,semt,ptt-semt
birim,21160060,Konacık Köyü,tarihsel,wikidata-6360
birim,21160061,Balıkçılarbaşı,semt,ptt-semt
birim,21160061,Köprübaşı Köyü,tarihsel,wikidata-6360
birim,21160062,Balıkçılarbaşı,semt,ptt-semt
birim,21160062,Köşk Köyü,tarihsel,wikidata-6360
birim,21160063,Balıkçılarbaşı,semt,ptt-semt
birim,21160063,Koyungüden Köyü,tarihsel,wikidata-6360
birim,21160064,Balıkçılarbaşı,semt,ptt-semt
birim,21160064,Kozan Köyü,tarihsel,wikidata-6360
birim,21160065,Balıkçılarbaşı,semt,ptt-semt
birim,21160065,Küçükakören Köyü,tarihsel,wikidata-6360
birim,21160066,Balıkçılarbaşı,semt,ptt-semt
birim,21160066,Küçükkadı Köyü,tarihsel,wikidata-6360
birim,21160067,Balıkçılarbaşı,semt,ptt-semt
birim,21160067,Kumluçat Köyü,tarihsel,wikidata-6360
birim,21160068,Balıkçılarbaşı,semt,ptt-semt
birim,21160068,Kumrucak Köyü,tarihsel,wikidata-6360
birim,21160069,Balıkçılarbaşı,semt,ptt-semt
birim,21160069,Kuşburnu Köyü,tarihsel,wikidata-6360
birim,21160070,Balıkçılarbaşı,semt,ptt-semt
birim,21160070,Kuşlukbağı Köyü,tarihsel,wikidata-6360
birim,21160071,Suriçi,semt,ptt-semt
birim,21160072,Suriçi,semt,ptt-semt
birim,21160073,Balıkçılarbaşı,semt,ptt-semt
birim,21160073,Mermer Köyü,tarihsel,wikidata-6360
birim,21160074,Balıkçılarbaşı,semt,ptt-semt
birim,21160074,Mermeri Köyü,tarihsel,wikidata-6360
birim,21160075,Balıkçılarbaşı,semt,ptt-semt
birim,21160075,Nefirtaş Köyü,tarihsel,wikidata-6360
birim,21160076,Balıkçılarbaşı,semt,ptt-semt
birim,21160077,Balıkçılarbaşı,semt,ptt-semt
birim,21160077,Pınardüzü Köyü,tarihsel,wikidata-6360
birim,21160078,Balıkçılarbaşı,semt,ptt-semt
birim,21160078,Sağdıçlı Köyü,tarihsel,wikidata-6360
birim,21160079,Balıkçılarbaşı,semt,ptt-semt
birim,21160080,Balıkçılarbaşı,semt,ptt-semt
birim,21160080,Sarıkamış Köyü,tarihsel,wikidata-6360
birim,21160081,Balıkçılarbaşı,semt,ptt-semt
birim,21160081,Sarılar Köyü,tarihsel,wikidata-6360
birim,21160082,Balıkçılarbaşı,semt,ptt-semt
birim,21160082,Sarıyazma Köyü,tarihsel,wikidata-6360
birim,21160083,Balıkçılarbaşı,semt,ptt-semt
birim,21160083,Sati Köyü,tarihsel,wikidata-6360
birim,21160084,Balıkçılarbaşı,semt,ptt-semt
birim,21160085,Balıkçılarbaşı,semt,ptt-semt
birim,21160085,Sayarlar Köyü,tarihsel,wikidata-6360
birim,21160086,Balıkçılarbaşı,semt,ptt-semt
birim,21160086,Soğanlı Köyü,tarihsel,wikidata-6360
birim,21160087,Suriçi,semt,ptt-semt
birim,21160088,Balıkçılarbaşı,semt,ptt-semt
birim,21160088,Süngüler Köyü,tarihsel,wikidata-6360
birim,21160089,Balıkçılarbaşı,semt,ptt-semt
birim,21160089,Tanoğlu Köyü,tarihsel,wikidata-6360
birim,21160090,Balıkçılarbaşı,semt,ptt-semt
birim,21160090,Tezgeçer Köyü,tarihsel,wikidata-6360
birim,21160091,Balıkçılarbaşı,semt,ptt-semt
birim,21160091,Yarımca Köyü,tarihsel,wikidata-6360
birim,21160092,Balıkçılarbaşı,semt,ptt-semt
birim,21160092,Yenice Köyü,tarihsel,wikidata-6360
birim,21160093,Balıkçılarbaşı,semt,ptt-semt
birim,21160093,Yenidoğan Köyü,tarihsel,wikidata-6360
birim,21160094,Balıkçılarbaşı,semt,ptt-semt
birim,21160094,Yenievler Köyü,tarihsel,wikidata-6360
birim,21160095,Balıkçılarbaşı,semt,ptt-semt
birim,21160095,Yeşilköy Köyü,tarihsel,wikidata-6360
birim,21160096,Balıkçılarbaşı,semt,ptt-semt
birim,21160096,Yeşilli Köyü,tarihsel,wikidata-6360
birim,21160097,Balıkçılarbaşı,semt,ptt-semt
birim,21160097,Yiğitçavuş Köyü,tarihsel,wikidata-6360
birim,21160098,Balıkçılarbaşı,semt,ptt-semt
birim,21160098,Yukarıkılıçtaşı Köyü,tarihsel,wikidata-6360
birim,21160099,Suriçi,semt,ptt-semt
birim,21160100,Balıkçılarbaşı,semt,ptt-semt
birim,21160100,Ziyaret Köyü,tarihsel,wikidata-6360
birim,22040012,İzzetiye Köyü,tarihsel,wikidata-6360
birim,22070001,Edirne,semt,ptt-semt
birim,22070002,Edirne,semt,ptt-semt
birim,22070003,Edirne,semt,ptt-semt
birim,22070004,Edirne,semt,ptt-semt
birim,22070005,Edirne,semt,ptt-semt
birim,22070006,Edirne,semt,ptt-semt
birim,22070007,Edirne,semt,ptt-semt
birim,22070008,Edirne,semt,ptt-semt
birim,22070009,Edirne,semt,ptt-semt
birim,22070010,Edirne,semt,ptt-semt
birim,22070011,Edirne,semt,ptt-semt
birim,22070012,Edirne,semt,ptt-semt
birim,22070013,Edirne,semt,ptt-semt
birim,22070014,Edirne,semt,ptt-semt
birim,22070015,Edirne,semt,ptt-semt
birim,22070016,Edirne,semt,ptt-semt
birim,22070017,Edirne,semt,ptt-semt
birim,22070018,Edirne,semt,ptt-semt
birim,22070019,Edirne,semt,ptt-semt
birim,22070020,Edirne,semt,ptt-semt
birim,22070021,Edirne,semt,ptt-semt
birim,22070022,Edirne,semt,ptt-semt
birim,22070023,Edirne,semt,ptt-semt
birim,22070024,Edirne,semt,ptt-semt
birim,22090026,Çöpköy,semt,ptt-semt
birim,22090027,Çöpköy,semt,ptt-semt
birim,22090028,Çöpköy,semt,ptt-semt
birim,22090029,Çöpköy,semt,ptt-semt
birim,22090035,Çöpköy,semt,ptt-semt
birim,22090038,Çöpköy,semt,ptt-semt
birim,22090040,Çöpköy,semt,ptt-semt
birim,22090048,Çöpköy,semt,ptt-semt
birim,22090061,Çöpköy,semt,ptt-semt
birim,22090062,Çöpköy,semt,ptt-semt
birim,22090067,Çöpköy,semt,ptt-semt
birim,22090069,Çöpköy,semt,ptt-semt
birim,22090071,Çöpköy,semt,ptt-semt
birim,22090072,Çöpköy,semt,ptt-semt
birim,23090077,Harput,semt,ptt-semt
birim,23090088,Harput,semt,ptt-semt
birim,23090105,Harput,semt,ptt-semt
birim,23090106,Harput,semt,ptt-semt
birim,23090107,Harput,semt,ptt-semt
birim,23090110,Harput,semt,ptt-semt
birim,23090115,Harput,semt,ptt-semt
birim,23090116,Harput,semt,ptt-semt
birim,23090120,Harput,semt,ptt-semt
birim,23090129,Harput,semt,ptt-semt
birim,23090131,Harput,semt,ptt-semt
birim,23090132,Harput,semt,ptt-semt
birim,23090147,Harput,semt,ptt-semt
birim,23090148,Harput,semt,ptt-semt
birim,23090149,Harput,semt,ptt-semt
birim,23090152,Harput,semt,ptt-semt
birim,23090169,Harput,semt,ptt-semt
birim,23090173,Harput,semt,ptt-semt
birim,23090180,Harput,semt,ptt-semt
birim,23090186,Harput,semt,ptt-semt
birim,23090193,Harput,semt,ptt-semt
birim,23090199,Harput,semt,ptt-semt
birim,23090201,Harput,semt,ptt-semt
birim,23090209,Harput,semt,ptt-semt
birim,23090224,Harput,semt,ptt-semt
birim,23090229,Harput,semt,ptt-semt
birim,23090231,Harput,semt,ptt-semt
birim,23090237,Harput,semt,ptt-semt
birim,23090240,Harput,semt,ptt-semt
birim,23090256,Harput,semt,ptt-semt
birim,23090261,Harput,semt,ptt-semt
birim,23090269,Harput,semt,ptt-semt
birim,23090273,Harput,semt,ptt-semt
birim,23090281,Harput,semt,ptt-semt
birim,23090283,Harput,semt,ptt-semt
birim,23090297,Harput,semt,ptt-semt
birim,23090299,Harput,semt,ptt-semt
birim,23090314,Harput,semt,ptt-semt
birim,23090320,Harput,semt,ptt-semt
birim,23090344,Harput,semt,ptt-semt
birim,23090365,Harput,semt,ptt-semt
birim,23090374,Harput,semt,ptt-semt
birim,23090375,Harput,semt,ptt-semt
birim,23090376,Harput,semt,ptt-semt
birim,23090381,Harput,semt,ptt-semt
birim,23090393,Harput,semt,ptt-semt
birim,23090403,Harput,semt,ptt-semt
birim,23090405,Harput,semt,ptt-semt
birim,23090416,Harput,semt,ptt-semt
birim,23090419,Harput,semt,ptt-semt
birim,23090429,Harput,semt,ptt-semt
birim,23090435,Harput,semt,ptt-semt
birim,23090438,Harput,semt,ptt-semt
birim,23090441,Harput,semt,ptt-semt
birim,23090445,Harput,semt,ptt-semt
birim,23090453,Harput,semt,ptt-semt
birim,23090455,Harput,semt,ptt-semt
birim,23090463,Harput,semt,ptt-semt
birim,24040004,Esertepe Köyü,tarihsel,wikidata-6360
birim,24050017,Buğdaylı Köyü,tarihsel,wikidata-6360
birim,24050019,Büyükçakırman Köyü,tarihsel,wikidata-6360
birim,24050026,Davarlı Köyü,tarihsel,wikidata-6360
birim,24050048,Işıkpınar Köyü,tarihsel,wikidata-6360
birim,24050055,Kurutilek Köyü,tarihsel,wikidata-6360
birim,24050056,Mahmutlu Köyü,tarihsel,wikidata-6360
birim,24080014,Sucuali Köyü,tarihsel,wikidata-6360
birim,24080017,Yollarüstü Köyü,tarihsel,wikidata-6360
birim,25010001,Abdalcık Köyü,tarihsel,wikidata-6360
birim,25010002,Akören Köyü,tarihsel,wikidata-6360
birim,25010003,Altıntaş Köyü,tarihsel,wikidata-6360
birim,25010005,Ballıtaş Köyü,tarihsel,wikidata-6360
birim,25010006,Bozburun Köyü,tarihsel,wikidata-6360
birim,25010007,Büyükgeçit Köyü,tarihsel,wikidata-6360
birim,25010010,Çatalbayır Köyü,tarihsel,wikidata-6360
birim,25010011,Çayköy Köyü,tarihsel,wikidata-6360
birim,25010012,Çiftlik Köyü,tarihsel,wikidata-6360
birim,25010013,Çiftlik Bucağı Çatören Köyü,tarihsel,wikidata-6360
birim,25010014,Dağyurdu Köyü,tarihsel,wikidata-6360
birim,25010015,Dallı Köyü,tarihsel,wikidata-6360
birim,25010016,Demirkıran Köyü,tarihsel,wikidata-6360
birim,25010017,Dereköy Köyü,tarihsel,wikidata-6360
birim,25010018,Düzyurt Köyü,tarihsel,wikidata-6360
birim,25010020,Esentepe Köyü,tarihsel,wikidata-6360
birim,25010021,Eyüpoğlu Köyü,tarihsel,wikidata-6360
birim,25010022,Gökçebük Köyü,tarihsel,wikidata-6360
birim,25010023,Güllüdere Köyü,tarihsel,wikidata-6360
birim,25010024,Gümüşseren Köyü,tarihsel,wikidata-6360
birim,25010025,Güneyçam Köyü,tarihsel,wikidata-6360
birim,25010026,Gürkaynak Köyü,tarihsel,wikidata-6360
birim,25010027,Hacıbekir Köyü,tarihsel,wikidata-6360
birim,25010028,Hacıhamza Köyü,tarihsel,wikidata-6360
birim,25010029,Hacımahmut Köyü,tarihsel,wikidata-6360
birim,25010030,Hatuncuk Köyü,tarihsel,wikidata-6360
birim,25010031,Haydarhacı Köyü,tarihsel,wikidata-6360
birim,25010034,Kapıkale Köyü,tarihsel,wikidata-6360
birim,25010035,Karahasan Köyü,tarihsel,wikidata-6360
birim,25010036,Karasu Köyü,tarihsel,wikidata-6360
birim,25010037,Kavurmaçukuru Köyü,tarihsel,wikidata-6360
birim,25010039,Koçbaba Köyü,tarihsel,wikidata-6360
birim,25010040,Koşapınar Köyü,tarihsel,wikidata-6360
birim,25010041,Küçükgeçit Köyü,tarihsel,wikidata-6360
birim,25010042,Küçükova Köyü,tarihsel,wikidata-6360
birim,25010043,Kükürtlü Köyü,tarihsel,wikidata-6360
birim,25010044,Kurtmahmut Köyü,tarihsel,wikidata-6360
birim,25010045,Merdivenköy Köyü,tarihsel,wikidata-6360
birim,25010046,Merkez Bucağı Çatören Köyü,tarihsel,wikidata-6360
birim,25010047,Merkez Bucağı Gölören Köyü,tarihsel,wikidata-6360
birim,25010049,Mezrea Köyü,tarihsel,wikidata-6360
birim,25010050,Musatanışman Köyü,tarihsel,wikidata-6360
birim,25010051,Nahiye Gölören Köyü,tarihsel,wikidata-6360
birim,25010052,Ocaklı Köyü,tarihsel,wikidata-6360
birim,25010053,Ovacık Köyü,tarihsel,wikidata-6360
birim,25010054,Özler Köyü,tarihsel,wikidata-6360
birim,25010055,Pırnakaban Köyü,tarihsel,wikidata-6360
birim,25010057,Saptıran Köyü,tarihsel,wikidata-6360
birim,25010058,Sarıbaba Köyü,tarihsel,wikidata-6360
birim,25010059,Sazlı Köyü,tarihsel,wikidata-6360
birim,25010060,Taşağıl Köyü,tarihsel,wikidata-6360
birim,25010061,Taşlıçayır Köyü,tarihsel,wikidata-6360
birim,25010062,Tecer Köyü,tarihsel,wikidata-6360
birim,25010063,Tepsicik Köyü,tarihsel,wikidata-6360
birim,25010064,Tokça Köyü,tarihsel,wikidata-6360
birim,25010065,Topalçavuş Köyü,tarihsel,wikidata-6360
birim,25010066,Tosunlu Köyü,tarihsel,wikidata-6360
birim,25010067,Tozluca Köyü,tarihsel,wikidata-6360
birim,25010068,Turaç Köyü,tarihsel,wikidata-6360
birim,25010070,Yaylaköy Köyü,tarihsel,wikidata-6360
birim,25010071,Yaylayolu Köyü,tarihsel,wikidata-6360
birim,25010072,Yaylımlı Köyü,tarihsel,wikidata-6360
birim,25010076,Yumruveren Köyü,tarihsel,wikidata-6360
birim,25020001,Adaçay Köyü,tarihsel,wikidata-6360
birim,25020002,Ağcakent Köyü,tarihsel,wikidata-6360
birim,25020003,Ağören Köyü,tarihsel,wikidata-6360
birim,25020004,Ahırcık Köyü,tarihsel,wikidata-6360
birim,25020005,Akdağ Köyü,tarihsel,wikidata-6360
birim,25020006,Akyazı Köyü,tarihsel,wikidata-6360
birim,25020007,Alaca Köyü,tarihsel,wikidata-6360
birim,25020008,Alaybeyi Köyü,tarihsel,wikidata-6360
birim,25020009,Aşağı Yenice Köyü,tarihsel,wikidata-6360
birim,25020010,Aşağıcanören Köyü,tarihsel,wikidata-6360
birim,25020011,Atlıkonak Köyü,tarihsel,wikidata-6360
birim,25020012,Aynalıkale Köyü,tarihsel,wikidata-6360
birim,25020013,Başçakmak Köyü,tarihsel,wikidata-6360
birim,25020014,Başkent Köyü,tarihsel,wikidata-6360
birim,25020015,Başkurtdere Köyü,tarihsel,wikidata-6360
birim,25020016,Başovacık Köyü,tarihsel,wikidata-6360
birim,25020017,Beypınarı Köyü,tarihsel,wikidata-6360
birim,25020018,Bingöze Köyü,tarihsel,wikidata-6360
birim,25020019,Çamlıca Köyü,tarihsel,wikidata-6360
birim,25020020,Çatak Köyü,tarihsel,wikidata-6360
birim,25020021,Çavdarlı Köyü,tarihsel,wikidata-6360
birim,25020022,Çavuşoğlu Köyü,tarihsel,wikidata-6360
birim,25020023,Çiğdemli Köyü,tarihsel,wikidata-6360
birim,25020024,Çıkrıklı Köyü,tarihsel,wikidata-6360
birim,25020025,Dağdagül Köyü,tarihsel,wikidata-6360
birim,25020026,Demirgeçit Köyü,tarihsel,wikidata-6360
birim,25020027,Düztoprak Köyü,tarihsel,wikidata-6360
birim,25020028,Eğerti Köyü,tarihsel,wikidata-6360
birim,25020029,Elmalı Köyü,tarihsel,wikidata-6360
birim,25020030,Emrecik Köyü,tarihsel,wikidata-6360
birim,25020031,Eşkinkaya Köyü,tarihsel,wikidata-6360
birim,25020032,Eskipolat Köyü,tarihsel,wikidata-6360
birim,25020033,Gelinkaya Köyü,tarihsel,wikidata-6360
birim,25020034,Geyik Köyü,tarihsel,wikidata-6360
birim,25020035,Güllüce Köyü,tarihsel,wikidata-6360
birim,25020036,Halilkaya Köyü,tarihsel,wikidata-6360
birim,25020038,Kabaktepe Köyü,tarihsel,wikidata-6360
birim,25020039,Kahramanlar Köyü,tarihsel,wikidata-6360
birim,25020040,Kapulu Köyü,tarihsel,wikidata-6360
birim,25020041,Karakale Köyü,tarihsel,wikidata-6360
birim,25020042,Kavaklıdere Köyü,tarihsel,wikidata-6360
birim,25020043,Kayapa Köyü,tarihsel,wikidata-6360
birim,25020044,Kızılkale Köyü,tarihsel,wikidata-6360
birim,25020045,Kumluyazı Köyü,tarihsel,wikidata-6360
birim,25020046,Kuşçu Köyü,tarihsel,wikidata-6360
birim,25020047,Kuzgun Köyü,tarihsel,wikidata-6360
birim,25020048,Kuzuluk Köyü,tarihsel,wikidata-6360
birim,25020049,Ocak Köyü,tarihsel,wikidata-6360
birim,25020050,Ömertepe Köyü,tarihsel,wikidata-6360
birim,25020051,Özbek Köyü,tarihsel,wikidata-6360
birim,25020052,Özbilen Köyü,tarihsel,wikidata-6360
birim,25020053,Paşayurdu Köyü,tarihsel,wikidata-6360
birim,25020054,Rizekent Köyü,tarihsel,wikidata-6360
birim,25020055,Sakalıkesik Köyü,tarihsel,wikidata-6360
birim,25020057,Sarıyayla Köyü,tarihsel,wikidata-6360
birim,25020059,Sırlı Köyü,tarihsel,wikidata-6360
birim,25020062,Sorkunlu Köyü,tarihsel,wikidata-6360
birim,25020063,Taşpınar Köyü,tarihsel,wikidata-6360
birim,25020064,Tebrizcik Köyü,tarihsel,wikidata-6360
birim,25020065,Tınazlı Köyü,tarihsel,wikidata-6360
birim,25020066,Toprakkale Köyü,tarihsel,wikidata-6360
birim,25020067,Üçköşe Köyü,tarihsel,wikidata-6360
birim,25020068,Yarımca Köyü,tarihsel,wikidata-6360
birim,25020069,Yeşilova Köyü,tarihsel,wikidata-6360
birim,25020070,Yeşilvadi Köyü,tarihsel,wikidata-6360
birim,25020071,Yoncalık Köyü,tarihsel,wikidata-6360
birim,25020072,Yukarıcanören Köyü,tarihsel,wikidata-6360
birim,25030001,Ağaköy Köyü,tarihsel,wikidata-6360
birim,25030002,Aşağıçat Köyü,tarihsel,wikidata-6360
birim,25030003,Babaderesi Köyü,tarihsel,wikidata-6360
birim,25030004,Bağlıca Köyü,tarihsel,wikidata-6360
birim,25030005,Bardakçı Köyü,tarihsel,wikidata-6360
birim,25030006,Başköy Köyü,tarihsel,wikidata-6360
birim,25030007,Bayındır Köyü,tarihsel,wikidata-6360
birim,25030008,Bozyazı Köyü,tarihsel,wikidata-6360
birim,25030009,Budaklar Köyü,tarihsel,wikidata-6360
birim,25030010,Çayırtepe Köyü,tarihsel,wikidata-6360
birim,25030011,Çimenözü Köyü,tarihsel,wikidata-6360
birim,25030012,Çirişli Köyü,tarihsel,wikidata-6360
birim,25030013,Çukurçayır Köyü,tarihsel,wikidata-6360
birim,25030014,Değirmenli Köyü,tarihsel,wikidata-6360
birim,25030015,Elmapınar Köyü,tarihsel,wikidata-6360
birim,25030016,Göbekören Köyü,tarihsel,wikidata-6360
birim,25030017,Gökçeşeyh Köyü,tarihsel,wikidata-6360
birim,25030018,Gölköy Köyü,tarihsel,wikidata-6360
birim,25030019,Hatunköy Köyü,tarihsel,wikidata-6360
birim,25030020,İşkinli Köyü,tarihsel,wikidata-6360
birim,25030021,Kaplıca Köyü,tarihsel,wikidata-6360
birim,25030022,Karabey Köyü,tarihsel,wikidata-6360
birim,25030023,Karaca Köyü,tarihsel,wikidata-6360
birim,25030024,Karaşeyh Köyü,tarihsel,wikidata-6360
birim,25030026,Köseler Köyü,tarihsel,wikidata-6360
birim,25030027,Kumaşlı Köyü,tarihsel,wikidata-6360
birim,25030028,Kurbanlı Köyü,tarihsel,wikidata-6360
birim,25030029,Mollaömer Köyü,tarihsel,wikidata-6360
birim,25030030,Muratçayırı Köyü,tarihsel,wikidata-6360
birim,25030032,Parmaksız Köyü,tarihsel,wikidata-6360
birim,25030033,Saltaş Köyü,tarihsel,wikidata-6360
birim,25030034,Sarıkaşık Köyü,tarihsel,wikidata-6360
birim,25030035,Sarıkaya Köyü,tarihsel,wikidata-6360
birim,25030036,Şeyhhasan Köyü,tarihsel,wikidata-6360
birim,25030037,Söbeçayır Köyü,tarihsel,wikidata-6360
birim,25030038,Soğukpınar Köyü,tarihsel,wikidata-6360
birim,25030039,Taşağıl Köyü,tarihsel,wikidata-6360
birim,25030040,Tuzlataşı Köyü,tarihsel,wikidata-6360
birim,25030042,Yarmak Köyü,tarihsel,wikidata-6360
birim,25030044,Yaylasuyu Köyü,tarihsel,wikidata-6360
birim,25030045,Yukarıçat Köyü,tarihsel,wikidata-6360
birim,25040001,Acarköy Köyü,tarihsel,wikidata-6360
birim,25040002,Akbayır Köyü,tarihsel,wikidata-6360
birim,25040003,Akçamelik Köyü,tarihsel,wikidata-6360
birim,25040004,Akgelin Köyü,tarihsel,wikidata-6360
birim,25040005,Akgöze Köyü,tarihsel,wikidata-6360
birim,25040006,Akören Köyü,tarihsel,wikidata-6360
birim,25040007,Alaca Köyü,tarihsel,wikidata-6360
birim,25040008,Alagöz Köyü,tarihsel,wikidata-6360
birim,25040009,Alikırı Köyü,tarihsel,wikidata-6360
birim,25040010,Alınteri Köyü,tarihsel,wikidata-6360
birim,25040011,Altınpınar Köyü,tarihsel,wikidata-6360
birim,25040012,Arpaderesi Köyü,tarihsel,wikidata-6360
birim,25040014,Avcılar Köyü,tarihsel,wikidata-6360
birim,25040016,Başköy Köyü,tarihsel,wikidata-6360
birim,25040017,Bayırköy Köyü,tarihsel,wikidata-6360
birim,25040018,Bellitaş Köyü,tarihsel,wikidata-6360
birim,25040019,Beyyurdu Köyü,tarihsel,wikidata-6360
birim,25040020,Burhanköy Köyü,tarihsel,wikidata-6360
birim,25040021,Çakmak Köyü,tarihsel,wikidata-6360
birim,25040022,Çamurlu Köyü,tarihsel,wikidata-6360
birim,25040023,Çatak Köyü,tarihsel,wikidata-6360
birim,25040024,Çilligöl Köyü,tarihsel,wikidata-6360
birim,25040025,Dağçayırı Köyü,tarihsel,wikidata-6360
birim,25040026,Demirci Köyü,tarihsel,wikidata-6360
birim,25040027,Derince Köyü,tarihsel,wikidata-6360
birim,25040028,Dervişali Köyü,tarihsel,wikidata-6360
birim,25040030,Dikili Köyü,tarihsel,wikidata-6360
birim,25040031,Divanhüseyin Köyü,tarihsel,wikidata-6360
birim,25040032,Elmadalı Köyü,tarihsel,wikidata-6360
birim,25040033,Erbeyli Köyü,tarihsel,wikidata-6360
birim,25040034,Erduran Köyü,tarihsel,wikidata-6360
birim,25040035,Erence Köyü,tarihsel,wikidata-6360
birim,25040036,Esenli Köyü,tarihsel,wikidata-6360
birim,25040037,Göller Köyü,tarihsel,wikidata-6360
birim,25040039,Güllüçimen Köyü,tarihsel,wikidata-6360
birim,25040040,Gürçayır Köyü,tarihsel,wikidata-6360
birim,25040041,Güzeldere Köyü,tarihsel,wikidata-6360
birim,25040043,Hayran Köyü,tarihsel,wikidata-6360
birim,25040044,Ilıcaköy Köyü,tarihsel,wikidata-6360
birim,25040045,İsmail Köyü,tarihsel,wikidata-6360
birim,25040046,Kalecik Köyü,tarihsel,wikidata-6360
birim,25040047,Karaağaç Köyü,tarihsel,wikidata-6360
birim,25040048,Karabudak Köyü,tarihsel,wikidata-6360
birim,25040050,Karamolla Köyü,tarihsel,wikidata-6360
birim,25040051,Kazancı Köyü,tarihsel,wikidata-6360
birim,25040052,Ketenci Köyü,tarihsel,wikidata-6360
birim,25040054,Kızılahmet Köyü,tarihsel,wikidata-6360
birim,25040055,Kızmusa Köyü,tarihsel,wikidata-6360
birim,25040057,Kongur Köyü,tarihsel,wikidata-6360
birim,25040059,Meydanköy Köyü,tarihsel,wikidata-6360
birim,25040060,Mezra Köyü,tarihsel,wikidata-6360
birim,25040061,Mollacelil Köyü,tarihsel,wikidata-6360
birim,25040062,Mollakulaç Köyü,tarihsel,wikidata-6360
birim,25040063,Mutluca Köyü,tarihsel,wikidata-6360
birim,25040064,Ortaköy Köyü,tarihsel,wikidata-6360
birim,25040065,Ovaçevirme Köyü,tarihsel,wikidata-6360
birim,25040066,Ovakozlu Köyü,tarihsel,wikidata-6360
birim,25040067,Parmaksız Köyü,tarihsel,wikidata-6360
birim,25040069,Pınarköy Köyü,tarihsel,wikidata-6360
birim,25040070,Şahabettinköy Köyü,tarihsel,wikidata-6360
birim,25040071,Şahverdi Köyü,tarihsel,wikidata-6360
birim,25040072,Şalgamköy Köyü,tarihsel,wikidata-6360
birim,25040073,Saltepe Köyü,tarihsel,wikidata-6360
birim,25040076,Sıldız Köyü,tarihsel,wikidata-6360
birim,25040077,Söğütlü Köyü,tarihsel,wikidata-6360
birim,25040078,Sultanlı Köyü,tarihsel,wikidata-6360
birim,25040079,Suvaran Köyü,tarihsel,wikidata-6360
birim,25040080,Tanır Köyü,tarihsel,wikidata-6360
birim,25040081,Tapuköy Köyü,tarihsel,wikidata-6360
birim,25040083,Tellitepe Köyü,tarihsel,wikidata-6360
birim,25040084,Tipideresi Köyü,tarihsel,wikidata-6360
birim,25040085,Toprakkale Köyü,tarihsel,wikidata-6360
birim,25040086,Toraman Köyü,tarihsel,wikidata-6360
birim,25040087,Uluçayır Köyü,tarihsel,wikidata-6360
birim,25040088,Ünlüce Köyü,tarihsel,wikidata-6360
birim,25040089,Uyanık Köyü,tarihsel,wikidata-6360
birim,25040090,Yamanlar Köyü,tarihsel,wikidata-6360
birim,25040091,Yaylakonak Köyü,tarihsel,wikidata-6360
birim,25040092,Yelpiz Köyü,tarihsel,wikidata-6360
birim,25040094,Yeniköy Köyü,tarihsel,wikidata-6360
birim,25040096,Yeşilyazı Köyü,tarihsel,wikidata-6360
birim,25040097,Yolüstü Köyü,tarihsel,wikidata-6360
birim,25050002,Ağıllı Köyü,tarihsel,wikidata-6360
birim,25050004,Akçatoprak Köyü,tarihsel,wikidata-6360
birim,25050005,Alagöz Köyü,tarihsel,wikidata-6360
birim,25050006,Aliçeyrek Köyü,tarihsel,wikidata-6360
birim,25050007,Aras Köyü,tarihsel,wikidata-6360
birim,25050008,Ardı Köyü,tarihsel,wikidata-6360
birim,25050009,Arpaçayır Köyü,tarihsel,wikidata-6360
birim,25050010,Aşağıaktaş Köyü,tarihsel,wikidata-6360
birim,25050011,Aşağıbademözü Köyü,tarihsel,wikidata-6360
birim,25050012,Azap Köyü,tarihsel,wikidata-6360
birim,25050013,Bahçe Köyü,tarihsel,wikidata-6360
birim,25050014,Bulgurlu Köyü,tarihsel,wikidata-6360
birim,25050016,Çamlıkale Köyü,tarihsel,wikidata-6360
birim,25050017,Çamurlu Köyü,tarihsel,wikidata-6360
birim,25050018,Çayırdüzü Köyü,tarihsel,wikidata-6360
birim,25050019,Çiftlik Köyü,tarihsel,wikidata-6360
birim,25050020,Dalbaşı Köyü,tarihsel,wikidata-6360
birim,25050021,Danişment Köyü,tarihsel,wikidata-6360
birim,25050022,Değirmenler Köyü,tarihsel,wikidata-6360
birim,25050023,Dikili Köyü,tarihsel,wikidata-6360
birim,25050024,Döllek Köyü,tarihsel,wikidata-6360
birim,25050025,Dönertaş Köyü,tarihsel,wikidata-6360
birim,25050026,Eğertaşlar Köyü,tarihsel,wikidata-6360
birim,25050029,Gerek Köyü,tarihsel,wikidata-6360
birim,25050030,Gündeğer Köyü,tarihsel,wikidata-6360
birim,25050031,Güzelyayla Köyü,tarihsel,wikidata-6360
birim,25050032,Hacıahmet Köyü,tarihsel,wikidata-6360
birim,25050034,Harçlı Köyü,tarihsel,wikidata-6360
birim,25050036,Hasanbey Köyü,tarihsel,wikidata-6360
birim,25050037,Haydarlı Köyü,tarihsel,wikidata-6360
birim,25050038,Hızardere Köyü,tarihsel,wikidata-6360
birim,25050039,Hızırilyas Köyü,tarihsel,wikidata-6360
birim,25050040,İğdeli Köyü,tarihsel,wikidata-6360
birim,25050041,Iğırbığır Köyü,tarihsel,wikidata-6360
birim,25050042,İncesu Köyü,tarihsel,wikidata-6360
birim,25050044,Kadıcelal Köyü,tarihsel,wikidata-6360
birim,25050045,Kalender Köyü,tarihsel,wikidata-6360
birim,25050046,Karabıyık Köyü,tarihsel,wikidata-6360
birim,25050047,Karacaören Köyü,tarihsel,wikidata-6360
birim,25050049,Karapınar Köyü,tarihsel,wikidata-6360
birim,25050050,Kaynarca Köyü,tarihsel,wikidata-6360
birim,25050052,Kemerli Köyü,tarihsel,wikidata-6360
birim,25050053,Kepenek Köyü,tarihsel,wikidata-6360
birim,25050054,Kırık Köyü,tarihsel,wikidata-6360
birim,25050055,Kırkdikme Köyü,tarihsel,wikidata-6360
birim,25050056,Kırkgözeler Köyü,tarihsel,wikidata-6360
birim,25050057,Kırklar Köyü,tarihsel,wikidata-6360
birim,25050058,Kızılca Köyü,tarihsel,wikidata-6360
birim,25050059,Kızlarkale Köyü,tarihsel,wikidata-6360
birim,25050060,Küçükkonak Köyü,tarihsel,wikidata-6360
birim,25050061,Kükürtlü Köyü,tarihsel,wikidata-6360
birim,25050062,Mollaahmet Köyü,tarihsel,wikidata-6360
birim,25050063,Mollamelik Köyü,tarihsel,wikidata-6360
birim,25050065,Muratbağı Köyü,tarihsel,wikidata-6360
birim,25050067,Pirali Köyü,tarihsel,wikidata-6360
birim,25050068,Pirhasan Köyü,tarihsel,wikidata-6360
birim,25050070,Saçlık Köyü,tarihsel,wikidata-6360
birim,25050071,Sekman Köyü,tarihsel,wikidata-6360
birim,25050073,Şeyhyusuf Köyü,tarihsel,wikidata-6360
birim,25050074,Tahirhoca Köyü,tarihsel,wikidata-6360
birim,25050075,Tavşancık Köyü,tarihsel,wikidata-6360
birim,25050076,Teknecik Köyü,tarihsel,wikidata-6360
birim,25050077,Yarboğaz Köyü,tarihsel,wikidata-6360
birim,25050078,Yaylacık Köyü,tarihsel,wikidata-6360
birim,25050079,Yazılıtaş Köyü,tarihsel,wikidata-6360
birim,25050080,Yeşildere Köyü,tarihsel,wikidata-6360
birim,25050081,Yeşilöz Köyü,tarihsel,wikidata-6360
birim,25050082,Yıldıran Köyü,tarihsel,wikidata-6360
birim,25050083,Yukarıbademözü Köyü,tarihsel,wikidata-6360
birim,25050084,Yukarıhorum Köyü,tarihsel,wikidata-6360
birim,25050086,Yürükatlı Köyü,tarihsel,wikidata-6360
birim,25050087,Yüzören Köyü,tarihsel,wikidata-6360
birim,25060001,Ahlatlı Köyü,tarihsel,wikidata-6360
birim,25060002,Akgüney Köyü,tarihsel,wikidata-6360
birim,25060003,Akpınar Köyü,tarihsel,wikidata-6360
birim,25060004,Akseki Köyü,tarihsel,wikidata-6360
birim,25060005,Aksu Köyü,tarihsel,wikidata-6360
birim,25060006,Aktaş Köyü,tarihsel,wikidata-6360
birim,25060007,Alacabük Köyü,tarihsel,wikidata-6360
birim,25060008,Araköy Köyü,tarihsel,wikidata-6360
birim,25060009,Ardıçlı Köyü,tarihsel,wikidata-6360
birim,25060010,Armutlu Köyü,tarihsel,wikidata-6360
birim,25060011,Aşağı Fındıklı Köyü,tarihsel,wikidata-6360
birim,25060013,Atürküten Köyü,tarihsel,wikidata-6360
birim,25060014,Avcıköy Köyü,tarihsel,wikidata-6360
birim,25060015,Bademli Köyü,tarihsel,wikidata-6360
birim,25060016,Bahçeli Köyü,tarihsel,wikidata-6360
birim,25060018,Başköy Köyü,tarihsel,wikidata-6360
birim,25060019,Başpınar Köyü,tarihsel,wikidata-6360
birim,25060020,Bostancı Köyü,tarihsel,wikidata-6360
birim,25060021,Bozan Köyü,tarihsel,wikidata-6360
birim,25060022,Çakmaklı Köyü,tarihsel,wikidata-6360
birim,25060025,Cankurtaran Köyü,tarihsel,wikidata-6360
birim,25060026,Çatakkaya Köyü,tarihsel,wikidata-6360
birim,25060027,Çayırbaşı Köyü,tarihsel,wikidata-6360
birim,25060028,Çayırözü Köyü,tarihsel,wikidata-6360
birim,25060029,Cibali Köyü,tarihsel,wikidata-6360
birim,25060031,Değirmendere Köyü,tarihsel,wikidata-6360
birim,25060032,Değirmenli Köyü,tarihsel,wikidata-6360
birim,25060033,Demirbilek Köyü,tarihsel,wikidata-6360
birim,25060034,Demirkaya Köyü,tarihsel,wikidata-6360
birim,25060035,Devedağı Köyü,tarihsel,wikidata-6360
birim,25060036,Duruköy Köyü,tarihsel,wikidata-6360
birim,25060037,Düzköy Köyü,tarihsel,wikidata-6360
birim,25060040,Geçitağzı Köyü,tarihsel,wikidata-6360
birim,25060041,Göçköy Köyü,tarihsel,wikidata-6360
birim,25060042,Gölyurt Köyü,tarihsel,wikidata-6360
birim,25060045,Gündoğdu Köyü,tarihsel,wikidata-6360
birim,25060046,Güney Köyü,tarihsel,wikidata-6360
birim,25060047,Halilpaşa Köyü,tarihsel,wikidata-6360
birim,25060049,İncesu Köyü,tarihsel,wikidata-6360
birim,25060050,Irmakköy Köyü,tarihsel,wikidata-6360
birim,25060051,İyidere Köyü,tarihsel,wikidata-6360
birim,25060052,Karahan Köyü,tarihsel,wikidata-6360
birim,25060053,Karakale Köyü,tarihsel,wikidata-6360
birim,25060054,Karakamış Köyü,tarihsel,wikidata-6360
birim,25060055,Karakaya Köyü,tarihsel,wikidata-6360
birim,25060056,Karaseydi Köyü,tarihsel,wikidata-6360
birim,25060058,Kavaklı Köyü,tarihsel,wikidata-6360
birim,25060059,Kaynakbaşı Köyü,tarihsel,wikidata-6360
birim,25060060,Kirazlı Köyü,tarihsel,wikidata-6360
birim,25060061,Kırık Köyü,tarihsel,wikidata-6360
birim,25060062,Kızılhasan Köyü,tarihsel,wikidata-6360
birim,25060063,Koç Köyü,tarihsel,wikidata-6360
birim,25060064,Köprüköy Köyü,tarihsel,wikidata-6360
birim,25060065,Kümetaş Köyü,tarihsel,wikidata-6360
birim,25060066,Leylekköy Köyü,tarihsel,wikidata-6360
birim,25060068,Mescitli Köyü,tarihsel,wikidata-6360
birim,25060069,Moryayla Köyü,tarihsel,wikidata-6360
birim,25060070,Mülkköy Köyü,tarihsel,wikidata-6360
birim,25060071,Numanpaşa Köyü,tarihsel,wikidata-6360
birim,25060072,Ortaköy Köyü,tarihsel,wikidata-6360
birim,25060073,Ortaören Köyü,tarihsel,wikidata-6360
birim,25060074,Özlüce Köyü,tarihsel,wikidata-6360
birim,25060075,Öztoprak Köyü,tarihsel,wikidata-6360
birim,25060076,Petekli Köyü,tarihsel,wikidata-6360
birim,25060077,Pınarlı Köyü,tarihsel,wikidata-6360
birim,25060078,Sandıklı Köyü,tarihsel,wikidata-6360
birim,25060079,Şenköy Köyü,tarihsel,wikidata-6360
birim,25060080,Sırakonak Köyü,tarihsel,wikidata-6360
birim,25060082,Taşbaşı Köyü,tarihsel,wikidata-6360
birim,25060083,Taşlıca Köyü,tarihsel,wikidata-6360
birim,25060084,Tekpınar Köyü,tarihsel,wikidata-6360
birim,25060085,Tepecik Köyü,tarihsel,wikidata-6360
birim,25060086,Ulubel Köyü,tarihsel,wikidata-6360
birim,25060087,Ulutaş Köyü,tarihsel,wikidata-6360
birim,25060088,Üzümbağı Köyü,tarihsel,wikidata-6360
birim,25060089,Yağlı Köyü,tarihsel,wikidata-6360
birim,25060090,Yaylacık Köyü,tarihsel,wikidata-6360
birim,25060091,Yedigöl Köyü,tarihsel,wikidata-6360
birim,25060092,Yedigöze Köyü,tarihsel,wikidata-6360
birim,25060093,Yeşiltepe Köyü,tarihsel,wikidata-6360
birim,25060094,Yeşilyurt Köyü,tarihsel,wikidata-6360
birim,25060095,Yıldıztepe Köyü,tarihsel,wikidata-6360
birim,25060097,Yukarı Fındıklı Köyü,tarihsel,wikidata-6360
birim,25060098,Yukarı Özbağ Köyü,tarihsel,wikidata-6360
birim,25060099,Yunusköy Köyü,tarihsel,wikidata-6360
birim,25060100,Zeyrek Köyü,tarihsel,wikidata-6360
birim,25070001,Akkavak Köyü,tarihsel,wikidata-6360
birim,25070004,Binpınar Köyü,tarihsel,wikidata-6360
birim,25070005,Bozyar Köyü,tarihsel,wikidata-6360
birim,25070006,Budaklı Köyü,tarihsel,wikidata-6360
birim,25070007,Burnaz Köyü,tarihsel,wikidata-6360
birim,25070008,Çatalgül Köyü,tarihsel,wikidata-6360
birim,25070009,Dedeören Köyü,tarihsel,wikidata-6360
birim,25070010,Doğanbey Köyü,tarihsel,wikidata-6360
birim,25070011,Duman Köyü,tarihsel,wikidata-6360
birim,25070012,Erenler Köyü,tarihsel,wikidata-6360
birim,25070014,Gündüz Köyü,tarihsel,wikidata-6360
birim,25070016,Karagöz Köyü,tarihsel,wikidata-6360
birim,25070017,Karaköprü Köyü,tarihsel,wikidata-6360
birim,25070018,Karmış Köyü,tarihsel,wikidata-6360
birim,25070020,Kırımkaya Köyü,tarihsel,wikidata-6360
birim,25070022,Kuşluca Köyü,tarihsel,wikidata-6360
birim,25070023,Maruf Köyü,tarihsel,wikidata-6360
birim,25070024,Molladavut Köyü,tarihsel,wikidata-6360
birim,25070025,Ovayoncalı Köyü,tarihsel,wikidata-6360
birim,25080001,Abdurrahmanköy Köyü,tarihsel,wikidata-6360
birim,25080002,Ağaçlı Köyü,tarihsel,wikidata-6360
birim,25080003,Akarsu Köyü,tarihsel,wikidata-6360
birim,25080004,Akpınar Köyü,tarihsel,wikidata-6360
birim,25080005,Alemdağı Köyü,tarihsel,wikidata-6360
birim,25080006,Aliküllek Köyü,tarihsel,wikidata-6360
birim,25080007,Anıtlı Köyü,tarihsel,wikidata-6360
birim,25080008,Aşağıincesu Köyü,tarihsel,wikidata-6360
birim,25080009,Aşağısöylemez Köyü,tarihsel,wikidata-6360
birim,25080010,Aydınsu Köyü,tarihsel,wikidata-6360
birim,25080012,Bezirhane Köyü,tarihsel,wikidata-6360
birim,25080013,Çakmaközü Köyü,tarihsel,wikidata-6360
birim,25080014,Çalışkan Köyü,tarihsel,wikidata-6360
birim,25080015,Çaltılı Köyü,tarihsel,wikidata-6360
birim,25080016,Çatalören Köyü,tarihsel,wikidata-6360
birim,25080017,Çavuşköy Köyü,tarihsel,wikidata-6360
birim,25080018,Çayırbeyli Köyü,tarihsel,wikidata-6360
birim,25080019,Çelikli Köyü,tarihsel,wikidata-6360
birim,25080020,Çepi Köyü,tarihsel,wikidata-6360
birim,25080022,Dörtpınar Köyü,tarihsel,wikidata-6360
birim,25080023,Doruca Köyü,tarihsel,wikidata-6360
birim,25080024,Dündar Köyü,tarihsel,wikidata-6360
birim,25080025,Duruca Köyü,tarihsel,wikidata-6360
birim,25080027,Geventepe Köyü,tarihsel,wikidata-6360
birim,25080029,Göktepe Köyü,tarihsel,wikidata-6360
birim,25080030,Güllü Köyü,tarihsel,wikidata-6360
birim,25080031,Hacıbayram Köyü,tarihsel,wikidata-6360
birim,25080032,Hasanova Köyü,tarihsel,wikidata-6360
birim,25080033,Kapanlı Köyü,tarihsel,wikidata-6360
birim,25080035,Karabey Köyü,tarihsel,wikidata-6360
birim,25080036,Karakale Köyü,tarihsel,wikidata-6360
birim,25080037,Karakaya Köyü,tarihsel,wikidata-6360
birim,25080038,Karasu Köyü,tarihsel,wikidata-6360
birim,25080041,Kazbel Köyü,tarihsel,wikidata-6360
birim,25080042,Kırgındere Köyü,tarihsel,wikidata-6360
birim,25080043,Kırıkpınar Köyü,tarihsel,wikidata-6360
birim,25080044,Kösehasan Köyü,tarihsel,wikidata-6360
birim,25080045,Köyceğiz Köyü,tarihsel,wikidata-6360
birim,25080046,Kurupınar Köyü,tarihsel,wikidata-6360
birim,25080047,Molla Osman Köyü,tarihsel,wikidata-6360
birim,25080048,Mollabekir Köyü,tarihsel,wikidata-6360
birim,25080049,Muratlı Köyü,tarihsel,wikidata-6360
birim,25080050,Payveren Köyü,tarihsel,wikidata-6360
birim,25080051,Şakirköy Köyü,tarihsel,wikidata-6360
birim,25080052,Salyamaç Köyü,tarihsel,wikidata-6360
birim,25080053,Sancaktar Köyü,tarihsel,wikidata-6360
birim,25080054,Sarıçiçek Köyü,tarihsel,wikidata-6360
birim,25080055,Selenli Köyü,tarihsel,wikidata-6360
birim,25080056,Sukonak Köyü,tarihsel,wikidata-6360
birim,25080057,Sulutaş Köyü,tarihsel,wikidata-6360
birim,25080058,Taşan Köyü,tarihsel,wikidata-6360
birim,25080059,Tosunlu Köyü,tarihsel,wikidata-6360
birim,25080060,Turnagöl Köyü,tarihsel,wikidata-6360
birim,25080061,Uğurdalı Köyü,tarihsel,wikidata-6360
birim,25080062,Ulucanlar Köyü,tarihsel,wikidata-6360
birim,25080063,Üzengili Köyü,tarihsel,wikidata-6360
birim,25080064,Yahyaköy Köyü,tarihsel,wikidata-6360
birim,25080065,Yalındal Köyü,tarihsel,wikidata-6360
birim,25080067,Yeniköy Köyü,tarihsel,wikidata-6360
birim,25080068,Yeşilova Köyü,tarihsel,wikidata-6360
birim,25080069,Yeşilyurt Köyü,tarihsel,wikidata-6360
birim,25080070,Yiğityolu Köyü,tarihsel,wikidata-6360
birim,25080071,Yolgören Köyü,tarihsel,wikidata-6360
birim,25080072,Yücelik Köyü,tarihsel,wikidata-6360
birim,25080073,Yukarıçığılgan Köyü,tarihsel,wikidata-6360
birim,25080074,Yukarıcihanbey Köyü,tarihsel,wikidata-6360
birim,25080075,Yukarısöylemez Köyü,tarihsel,wikidata-6360
birim,25090001,Ağcaşar Köyü,tarihsel,wikidata-6360
birim,25090002,Akçam Köyü,tarihsel,wikidata-6360
birim,25090003,Alaca Köyü,tarihsel,wikidata-6360
birim,25090004,Aşağıçakmak Köyü,tarihsel,wikidata-6360
birim,25090005,Aşağıkızılkale Köyü,tarihsel,wikidata-6360
birim,25090006,Ataköy Köyü,tarihsel,wikidata-6360
birim,25090007,Buğdaylı Köyü,tarihsel,wikidata-6360
birim,25090010,Derebaşı Köyü,tarihsel,wikidata-6360
birim,25090011,Dilek Köyü,tarihsel,wikidata-6360
birim,25090012,Duatepe Köyü,tarihsel,wikidata-6360
birim,25090013,Dumankaya Köyü,tarihsel,wikidata-6360
birim,25090014,Eğirmez Köyü,tarihsel,wikidata-6360
birim,25090015,Emre Köyü,tarihsel,wikidata-6360
birim,25090016,Eyüpler Köyü,tarihsel,wikidata-6360
birim,25090017,Geyikli Köyü,tarihsel,wikidata-6360
birim,25090018,Gölçayır Köyü,tarihsel,wikidata-6360
birim,25090020,Ilıcasu Köyü,tarihsel,wikidata-6360
birim,25090021,Karataşlar Köyü,tarihsel,wikidata-6360
birim,25090022,Kayabaşı Köyü,tarihsel,wikidata-6360
birim,25090023,Kıyıkonak Köyü,tarihsel,wikidata-6360
birim,25090024,Marifet Köyü,tarihsel,wikidata-6360
birim,25090026,Örentaş Köyü,tarihsel,wikidata-6360
birim,25090027,Ortaklar Köyü,tarihsel,wikidata-6360
birim,25090028,Pekecik Köyü,tarihsel,wikidata-6360
birim,25090029,Sarıtaş Köyü,tarihsel,wikidata-6360
birim,25090030,Savatlı Köyü,tarihsel,wikidata-6360
birim,25090032,Soğuksu Köyü,tarihsel,wikidata-6360
birim,25090033,Topçu Köyü,tarihsel,wikidata-6360
birim,25090035,Yapağılı Köyü,tarihsel,wikidata-6360
birim,25090036,Yemlik Köyü,tarihsel,wikidata-6360
birim,25090037,Yeşilöz Köyü,tarihsel,wikidata-6360
birim,25090038,Yılanlı Köyü,tarihsel,wikidata-6360
birim,25090039,Yukarıkızılca Köyü,tarihsel,wikidata-6360
birim,25090040,Yukarıkızılkale Köyü,tarihsel,wikidata-6360
birim,25090041,Yukarısöğütlü Köyü,tarihsel,wikidata-6360
birim,25100001,Alabalık Köyü,tarihsel,wikidata-6360
birim,25100002,Alacayar Köyü,tarihsel,wikidata-6360
birim,25100003,Araköy Köyü,tarihsel,wikidata-6360
birim,25100004,Aşağıyayla Köyü,tarihsel,wikidata-6360
birim,25100005,Başkale Köyü,tarihsel,wikidata-6360
birim,25100006,Beyler Köyü,tarihsel,wikidata-6360
birim,25100007,Boğakale Köyü,tarihsel,wikidata-6360
birim,25100010,Çamlıyayla Köyü,tarihsel,wikidata-6360
birim,25100011,Çimenli Köyü,tarihsel,wikidata-6360
birim,25100012,Dağyolu Köyü,tarihsel,wikidata-6360
birim,25100014,Ergazi Köyü,tarihsel,wikidata-6360
birim,25100015,Gökdağ Köyü,tarihsel,wikidata-6360
birim,25100016,Göllü Köyü,tarihsel,wikidata-6360
birim,25100017,Güllüdağ Köyü,tarihsel,wikidata-6360
birim,25100018,Güvenlik Köyü,tarihsel,wikidata-6360
birim,25100019,Kamışözü Köyü,tarihsel,wikidata-6360
birim,25100020,Karadağ Köyü,tarihsel,wikidata-6360
birim,25100021,Karapınar Köyü,tarihsel,wikidata-6360
birim,25100022,Kilimli Köyü,tarihsel,wikidata-6360
birim,25100024,Koçkaya Köyü,tarihsel,wikidata-6360
birim,25100025,Koyunören Köyü,tarihsel,wikidata-6360
birim,25100026,Kuruçalı Köyü,tarihsel,wikidata-6360
birim,25100027,Mahmutçavuş Köyü,tarihsel,wikidata-6360
birim,25100028,Mercimekli Köyü,tarihsel,wikidata-6360
birim,25100029,Otlutepe Köyü,tarihsel,wikidata-6360
birim,25100030,Pınaryolu Köyü,tarihsel,wikidata-6360
birim,25100031,Samikale Köyü,tarihsel,wikidata-6360
birim,25100032,Sapanlı Köyü,tarihsel,wikidata-6360
birim,25100033,Savaşçılar Köyü,tarihsel,wikidata-6360
birim,25100034,Şehitler Köyü,tarihsel,wikidata-6360
birim,25100036,Serinsu Köyü,tarihsel,wikidata-6360
birim,25100037,Seyyid Ali Baba Köyü,tarihsel,wikidata-6360
birim,25100038,Sülüklü Köyü,tarihsel,wikidata-6360
birim,25100039,Sütpınar Köyü,tarihsel,wikidata-6360
birim,25100040,Taşburun Köyü,tarihsel,wikidata-6360
birim,25100041,Telli Köyü,tarihsel,wikidata-6360
birim,25100042,Toygarlı Köyü,tarihsel,wikidata-6360
birim,25100044,Yanıktaş Köyü,tarihsel,wikidata-6360
birim,25100045,Yoldere Köyü,tarihsel,wikidata-6360
birim,25100046,Yukarıyayla Köyü,tarihsel,wikidata-6360
birim,25110001,Alatarla Köyü,tarihsel,wikidata-6360
birim,25110002,Arıtaş Köyü,tarihsel,wikidata-6360
birim,25110003,Aşağıçamlı Köyü,tarihsel,wikidata-6360
birim,25110004,Aşağıkumlu Köyü,tarihsel,wikidata-6360
birim,25110006,Ayvalı Köyü,tarihsel,wikidata-6360
birim,25110007,Ayyıldız Köyü,tarihsel,wikidata-6360
birim,25110008,Bahçecik Köyü,tarihsel,wikidata-6360
birim,25110009,Bahçelikışla Köyü,tarihsel,wikidata-6360
birim,25110010,Ballıca Köyü,tarihsel,wikidata-6360
birim,25110011,Başaklı Köyü,tarihsel,wikidata-6360
birim,25110012,Başbağlar Köyü,tarihsel,wikidata-6360
birim,25110013,Çamlıbel Köyü,tarihsel,wikidata-6360
birim,25110014,Çanakpınar Köyü,tarihsel,wikidata-6360
birim,25110015,Çatak Köyü,tarihsel,wikidata-6360
birim,25110016,Çatalsöğüt Köyü,tarihsel,wikidata-6360
birim,25110017,Çayüstü Köyü,tarihsel,wikidata-6360
birim,25110018,Çengelli Köyü,tarihsel,wikidata-6360
birim,25110020,Dağdibi Köyü,tarihsel,wikidata-6360
birim,25110021,Damarlıtaş Köyü,tarihsel,wikidata-6360
birim,25110022,Demirtaş Köyü,tarihsel,wikidata-6360
birim,25110023,Derebaşı Köyü,tarihsel,wikidata-6360
birim,25110024,Dokuzdeğirmen Köyü,tarihsel,wikidata-6360
birim,25110025,Duralar Köyü,tarihsel,wikidata-6360
birim,25110026,Elmadüzü Köyü,tarihsel,wikidata-6360
birim,25110027,Erdoğmuş Köyü,tarihsel,wikidata-6360
birim,25110028,Esenyamaç Köyü,tarihsel,wikidata-6360
birim,25110029,Gökçedere Köyü,tarihsel,wikidata-6360
birim,25110030,Günlüce Köyü,tarihsel,wikidata-6360
birim,25110031,Güryaprak Köyü,tarihsel,wikidata-6360
birim,25110032,Güzelsu Köyü,tarihsel,wikidata-6360
birim,25110034,İğdeli Köyü,tarihsel,wikidata-6360
birim,25110035,İnanmış Köyü,tarihsel,wikidata-6360
birim,25110036,İnci Köyü,tarihsel,wikidata-6360
birim,25110037,İpekçayırı Köyü,tarihsel,wikidata-6360
birim,25110038,İriağaç Köyü,tarihsel,wikidata-6360
birim,25110039,Kaleboğazı Köyü,tarihsel,wikidata-6360
birim,25110041,Karataş Köyü,tarihsel,wikidata-6360
birim,25110042,Kayaaltı Köyü,tarihsel,wikidata-6360
birim,25110043,Kemerkaya Köyü,tarihsel,wikidata-6360
birim,25110044,Konukseven Köyü,tarihsel,wikidata-6360
birim,25110045,Küçükorucuk Köyü,tarihsel,wikidata-6360
birim,25110046,Nüğürcük Köyü,tarihsel,wikidata-6360
birim,25110047,Obayayla Köyü,tarihsel,wikidata-6360
birim,25110048,Orucuk Köyü,tarihsel,wikidata-6360
birim,25110049,Özdere Köyü,tarihsel,wikidata-6360
birim,25110050,Sağlıcak Köyü,tarihsel,wikidata-6360
birim,25110051,Sarısaz Köyü,tarihsel,wikidata-6360
birim,25110053,Şendurak Köyü,tarihsel,wikidata-6360
birim,25110054,Subatuk Köyü,tarihsel,wikidata-6360
birim,25110055,Süleymanlı Köyü,tarihsel,wikidata-6360
birim,25110056,Sülünkaya Köyü,tarihsel,wikidata-6360
birim,25110057,Tekeli Köyü,tarihsel,wikidata-6360
birim,25110058,Toklu Köyü,tarihsel,wikidata-6360
birim,25110059,Topkaynak Köyü,tarihsel,wikidata-6360
birim,25110060,Toprakkale Köyü,tarihsel,wikidata-6360
birim,25110061,Tutlu Köyü,tarihsel,wikidata-6360
birim,25110062,Tutmaç Köyü,tarihsel,wikidata-6360
birim,25110063,Tuzla Köyü,tarihsel,wikidata-6360
birim,25110064,Ünlükaya Köyü,tarihsel,wikidata-6360
birim,25110065,Vişneli Köyü,tarihsel,wikidata-6360
birim,25110066,Yarbaşı Köyü,tarihsel,wikidata-6360
birim,25110068,Yaylaçayır Köyü,tarihsel,wikidata-6360
birim,25110069,Yolboyu Köyü,tarihsel,wikidata-6360
birim,25110070,Yukarıçamlı Köyü,tarihsel,wikidata-6360
birim,25110071,Yukarıkumlu Köyü,tarihsel,wikidata-6360
birim,25120001,Akbayır Köyü,tarihsel,wikidata-6360
birim,25120003,Altunkaya Köyü,tarihsel,wikidata-6360
birim,25120004,Aşağıçayırlı Köyü,tarihsel,wikidata-6360
birim,25120005,Aşağıkaracasu Köyü,tarihsel,wikidata-6360
birim,25120006,Atlı Köyü,tarihsel,wikidata-6360
birim,25120007,Beğendik Köyü,tarihsel,wikidata-6360
birim,25120008,Beşkaya Köyü,tarihsel,wikidata-6360
birim,25120009,Boğazgören Köyü,tarihsel,wikidata-6360
birim,25120010,Bozdoğan Köyü,tarihsel,wikidata-6360
birim,25120011,Çataksu Köyü,tarihsel,wikidata-6360
birim,25120012,Coşkunlar Köyü,tarihsel,wikidata-6360
birim,25120013,Eğlek Köyü,tarihsel,wikidata-6360
birim,25120014,Ekinlik Köyü,tarihsel,wikidata-6360
birim,25120015,Filizli Köyü,tarihsel,wikidata-6360
birim,25120016,Güngöründü Köyü,tarihsel,wikidata-6360
birim,25120017,Hükkam Köyü,tarihsel,wikidata-6360
birim,25120018,Ilıkaynak Köyü,tarihsel,wikidata-6360
birim,25120019,Kaban Köyü,tarihsel,wikidata-6360
birim,25120020,Kaledibi Köyü,tarihsel,wikidata-6360
birim,25120021,Karakoçlar Köyü,tarihsel,wikidata-6360
birim,25120022,Keçili Köyü,tarihsel,wikidata-6360
birim,25120023,Kekikli Köyü,tarihsel,wikidata-6360
birim,25120024,Köprübaşı Köyü,tarihsel,wikidata-6360
birim,25120026,Merkez Yeşilbağlar Köyü,tarihsel,wikidata-6360
birim,25120027,Oğuzkent Köyü,tarihsel,wikidata-6360
birim,25120028,Olgun Köyü,tarihsel,wikidata-6360
birim,25120029,Olurdere Köyü,tarihsel,wikidata-6360
birim,25120030,Ormanağzı Köyü,tarihsel,wikidata-6360
birim,25120031,Şalpazarı Köyü,tarihsel,wikidata-6360
birim,25120032,Sarıbaşak Köyü,tarihsel,wikidata-6360
birim,25120033,Soğukgöze Köyü,tarihsel,wikidata-6360
birim,25120034,Süngübayır Köyü,tarihsel,wikidata-6360
birim,25120035,Taşgeçit Köyü,tarihsel,wikidata-6360
birim,25120036,Ürünlü Köyü,tarihsel,wikidata-6360
birim,25120037,Uzunharman Köyü,tarihsel,wikidata-6360
birim,25120038,Yaylabaşı Köyü,tarihsel,wikidata-6360
birim,25120039,Yeşilbağlar Köyü,tarihsel,wikidata-6360
birim,25120040,Yıldızkaya Köyü,tarihsel,wikidata-6360
birim,25120041,Yolgözler Köyü,tarihsel,wikidata-6360
birim,25120042,Yukarıçayırlı Köyü,tarihsel,wikidata-6360
birim,25120043,Yukarıkaracasu Köyü,tarihsel,wikidata-6360
birim,25130003,Ali Bezirgan Köyü,tarihsel,wikidata-6360
birim,25130004,Aziziye Köyü,tarihsel,wikidata-6360
birim,25130005,Börekli Köyü,tarihsel,wikidata-6360
birim,25130005,Yıldızkent,semt,ptt-semt
birim,25130006,Yıldızkent,semt,ptt-semt
birim,25130006,Çeperli Köyü,tarihsel,wikidata-6360
birim,25130007,Dereboğazı Köyü,tarihsel,wikidata-6360
birim,25130008,Güllü Köyü,tarihsel,wikidata-6360
birim,25130008,Yıldızkent,semt,ptt-semt
birim,25130009,Güzelyurt Köyü,tarihsel,wikidata-6360
birim,25130010,Hancığaz Köyü,tarihsel,wikidata-6360
birim,25130010,Yıldızkent,semt,ptt-semt
birim,25130012,Konaklı Köyü,tarihsel,wikidata-6360
birim,25130012,Yıldızkent,semt,ptt-semt
birim,25130013,Kümbet Köyü,tarihsel,wikidata-6360
birim,25130013,Yıldızkent,semt,ptt-semt
birim,25130014,Yıldızkent,semt,ptt-semt
birim,25130015,Nene Hatun Köyü,tarihsel,wikidata-6360
birim,25130016,Yıldızkent,semt,ptt-semt
birim,25130016,Şehitler Köyü,tarihsel,wikidata-6360
birim,25130017,Sığırlı Köyü,tarihsel,wikidata-6360
birim,25130017,Yıldızkent,semt,ptt-semt
birim,25130018,Taşlıgüney Köyü,tarihsel,wikidata-6360
birim,25130018,Yıldızkent,semt,ptt-semt
birim,25130019,Tekkederesi Köyü,tarihsel,wikidata-6360
birim,25130020,Tepeköy Köyü,tarihsel,wikidata-6360
birim,25130020,Yıldızkent,semt,ptt-semt
birim,25130021,Toparlak Köyü,tarihsel,wikidata-6360
birim,25130021,Yıldızkent,semt,ptt-semt
birim,25130022,Uzun Ahmet Köyü,tarihsel,wikidata-6360
birim,25130023,Yağmurcuk Köyü,tarihsel,wikidata-6360
birim,25130023,Yıldızkent,semt,ptt-semt
birim,25130024,Yıkılgan Köyü,tarihsel,wikidata-6360
birim,25130025,Yukarıyenice Köyü,tarihsel,wikidata-6360
birim,25140001,Acı Köyü,tarihsel,wikidata-6360
birim,25140003,Ağcalar Köyü,tarihsel,wikidata-6360
birim,25140004,Altınbaşak Köyü,tarihsel,wikidata-6360
birim,25140006,Ardıçlı Köyü,tarihsel,wikidata-6360
birim,25140007,Aşıtlar Köyü,tarihsel,wikidata-6360
birim,25140009,Baldızı Köyü,tarihsel,wikidata-6360
birim,25140010,Başören Köyü,tarihsel,wikidata-6360
birim,25140011,Bulkasım Köyü,tarihsel,wikidata-6360
birim,25140012,Büyükdere Köyü,tarihsel,wikidata-6360
birim,25140013,Büyüktüy Köyü,tarihsel,wikidata-6360
birim,25140014,Çakırtaş Köyü,tarihsel,wikidata-6360
birim,25140015,Çalıyazı Köyü,tarihsel,wikidata-6360
birim,25140017,Çamlıca Köyü,tarihsel,wikidata-6360
birim,25140018,Çiçekli Köyü,tarihsel,wikidata-6360
birim,25140019,Çöğender Köyü,tarihsel,wikidata-6360
birim,25140020,Demirdöven Köyü,tarihsel,wikidata-6360
birim,25140022,Epsemce Köyü,tarihsel,wikidata-6360
birim,25140024,Esendere Köyü,tarihsel,wikidata-6360
birim,25140025,Gerdekkaya Köyü,tarihsel,wikidata-6360
birim,25140026,Gölciğez Köyü,tarihsel,wikidata-6360
birim,25140027,Hanahmet Köyü,tarihsel,wikidata-6360
birim,25140030,Karakale Köyü,tarihsel,wikidata-6360
birim,25140031,Karavelet Köyü,tarihsel,wikidata-6360
birim,25140033,Kavuşturan Köyü,tarihsel,wikidata-6360
birim,25140035,Kevenlik Köyü,tarihsel,wikidata-6360
birim,25140036,Kızılören Köyü,tarihsel,wikidata-6360
birim,25140037,Kotandüzü Köyü,tarihsel,wikidata-6360
birim,25140038,Küçüktüy Köyü,tarihsel,wikidata-6360
birim,25140039,Kurbançayır Köyü,tarihsel,wikidata-6360
birim,25140041,Otlukkapı Köyü,tarihsel,wikidata-6360
birim,25140042,Ovaköy Köyü,tarihsel,wikidata-6360
birim,25140043,Övenler Köyü,tarihsel,wikidata-6360
birim,25140045,Pelitli Köyü,tarihsel,wikidata-6360
birim,25140046,Porsuk Köyü,tarihsel,wikidata-6360
birim,25140047,Pusudere Köyü,tarihsel,wikidata-6360
birim,25140049,Saksı Köyü,tarihsel,wikidata-6360
birim,25140050,Şehit Burak Karakoç Köyü,tarihsel,wikidata-6360
birim,25140051,Serçeboğazı Köyü,tarihsel,wikidata-6360
birim,25140053,Sunak Köyü,tarihsel,wikidata-6360
birim,25140054,Taşağıl Köyü,tarihsel,wikidata-6360
birim,25140055,Taşkaynak Köyü,tarihsel,wikidata-6360
birim,25140056,Taşlıgüney Köyü,tarihsel,wikidata-6360
birim,25140057,Taşlıyurt Köyü,tarihsel,wikidata-6360
birim,25140058,Tepecik Köyü,tarihsel,wikidata-6360
birim,25140059,Timar Köyü,tarihsel,wikidata-6360
birim,25140060,Üğümü Köyü,tarihsel,wikidata-6360
birim,25140061,Uzunark Köyü,tarihsel,wikidata-6360
birim,25140063,Yastıktepe Köyü,tarihsel,wikidata-6360
birim,25140064,Yavuzlu Köyü,tarihsel,wikidata-6360
birim,25140065,Yayla Köyü,tarihsel,wikidata-6360
birim,25140066,Yayladağ Köyü,tarihsel,wikidata-6360
birim,25140068,Yeniköy Köyü,tarihsel,wikidata-6360
birim,25140069,Yiğitpınarı Köyü,tarihsel,wikidata-6360
birim,25140070,Yiğittaşı Köyü,tarihsel,wikidata-6360
birim,25140071,Yukarıçakmak Köyü,tarihsel,wikidata-6360
birim,25140072,Yukarıdanişment Köyü,tarihsel,wikidata-6360
birim,25150004,Ambaralan Köyü,tarihsel,wikidata-6360
birim,25150005,Ayçukuru Köyü,tarihsel,wikidata-6360
birim,25150006,Bayındır Köyü,tarihsel,wikidata-6360
birim,25150008,Büyükdere Köyü,tarihsel,wikidata-6360
birim,25150009,Çatakbahçe Köyü,tarihsel,wikidata-6360
birim,25150010,Çaydere Köyü,tarihsel,wikidata-6360
birim,25150011,Cennetpınarı Köyü,tarihsel,wikidata-6360
birim,25150012,Cevizlidere Köyü,tarihsel,wikidata-6360
birim,25150013,Çiftepınar Köyü,tarihsel,wikidata-6360
birim,25150015,Demirgöze Köyü,tarihsel,wikidata-6360
birim,25150016,Dikmetaş Köyü,tarihsel,wikidata-6360
birim,25150017,Esenyurt Köyü,tarihsel,wikidata-6360
birim,25150018,Gölyanı Köyü,tarihsel,wikidata-6360
birim,25150019,Göztepe Köyü,tarihsel,wikidata-6360
birim,25150020,Gülçimen Köyü,tarihsel,wikidata-6360
birim,25150021,Güneysu Köyü,tarihsel,wikidata-6360
birim,25150022,Hacılar Köyü,tarihsel,wikidata-6360
birim,25150023,Karakoç Köyü,tarihsel,wikidata-6360
birim,25150024,Karataş Köyü,tarihsel,wikidata-6360
birim,25150025,Kılıççı Köyü,tarihsel,wikidata-6360
birim,25150026,Konakyeri Köyü,tarihsel,wikidata-6360
birim,25150027,Korkutköy Köyü,tarihsel,wikidata-6360
birim,25150028,Köşeyolu Köyü,tarihsel,wikidata-6360
birim,25150029,Kozlu Köyü,tarihsel,wikidata-6360
birim,25150030,Kumaşkaya Köyü,tarihsel,wikidata-6360
birim,25150032,Kuymaklı Köyü,tarihsel,wikidata-6360
birim,25150033,Laleli Köyü,tarihsel,wikidata-6360
birim,25150035,Meşebaşı Köyü,tarihsel,wikidata-6360
birim,25150036,Pamukludağ Köyü,tarihsel,wikidata-6360
birim,25150037,Sadaka Köyü,tarihsel,wikidata-6360
birim,25150038,Şehitlik Köyü,tarihsel,wikidata-6360
birim,25150039,Sergenkaya Köyü,tarihsel,wikidata-6360
birim,25150041,Yaylalı Köyü,tarihsel,wikidata-6360
birim,25150042,Yaylaözü Köyü,tarihsel,wikidata-6360
birim,25150044,Yiğitbaşı Köyü,tarihsel,wikidata-6360
birim,25160002,Aktaş Köyü,tarihsel,wikidata-6360
birim,25160003,Alıcık Köyü,tarihsel,wikidata-6360
birim,25160005,Aşağıbakraçlı Köyü,tarihsel,wikidata-6360
birim,25160006,Atyolu Köyü,tarihsel,wikidata-6360
birim,25160007,Aydoğdu Köyü,tarihsel,wikidata-6360
birim,25160008,Balkaya Köyü,tarihsel,wikidata-6360
birim,25160009,Bereketli Köyü,tarihsel,wikidata-6360
birim,25160010,Beşpınarlar Köyü,tarihsel,wikidata-6360
birim,25160011,Beykaynak Köyü,tarihsel,wikidata-6360
birim,25160012,Çamlıalan Köyü,tarihsel,wikidata-6360
birim,25160013,Çatalelma Köyü,tarihsel,wikidata-6360
birim,25160014,Değirmenlidere Köyü,tarihsel,wikidata-6360
birim,25160015,Deliktaş Köyü,tarihsel,wikidata-6360
birim,25160016,Doğanköy Köyü,tarihsel,wikidata-6360
birim,25160017,Dokuzelma Köyü,tarihsel,wikidata-6360
birim,25160018,Dolunay Köyü,tarihsel,wikidata-6360
birim,25160019,Dörtyol Köyü,tarihsel,wikidata-6360
birim,25160020,Esence Köyü,tarihsel,wikidata-6360
birim,25160021,Esenyurt Köyü,tarihsel,wikidata-6360
birim,25160022,Evbakan Köyü,tarihsel,wikidata-6360
birim,25160023,Gaziler Köyü,tarihsel,wikidata-6360
birim,25160024,Gezenek Köyü,tarihsel,wikidata-6360
birim,25160025,Göllet Köyü,tarihsel,wikidata-6360
birim,25160026,Göreşken Köyü,tarihsel,wikidata-6360
birim,25160027,Gözalan Köyü,tarihsel,wikidata-6360
birim,25160028,Gözebaşı Köyü,tarihsel,wikidata-6360
birim,25160029,Gülveren Köyü,tarihsel,wikidata-6360
birim,25160030,Hoşköy Köyü,tarihsel,wikidata-6360
birim,25160031,İçmesu Köyü,tarihsel,wikidata-6360
birim,25160032,İğdeli Köyü,tarihsel,wikidata-6360
birim,25160033,İkizpınar Köyü,tarihsel,wikidata-6360
birim,25160034,İnceçay Köyü,tarihsel,wikidata-6360
birim,25160035,Kayalısu Köyü,tarihsel,wikidata-6360
birim,25160036,Kaynak Köyü,tarihsel,wikidata-6360
birim,25160037,Kireçli Köyü,tarihsel,wikidata-6360
birim,25160038,Köroğlu Köyü,tarihsel,wikidata-6360
birim,25160039,Köşkköy Köyü,tarihsel,wikidata-6360
birim,25160040,Kürkçü Köyü,tarihsel,wikidata-6360
birim,25160041,Nişantaşı Köyü,tarihsel,wikidata-6360
birim,25160042,Ormanlı Köyü,tarihsel,wikidata-6360
birim,25160043,Oyuktaş Köyü,tarihsel,wikidata-6360
birim,25160044,Özyurt Köyü,tarihsel,wikidata-6360
birim,25160045,Paşalı Köyü,tarihsel,wikidata-6360
birim,25160046,Penek Köyü,tarihsel,wikidata-6360
birim,25160047,Sarıkayalar Köyü,tarihsel,wikidata-6360
birim,25160048,Sarıyar Köyü,tarihsel,wikidata-6360
birim,25160049,Şenpınar Köyü,tarihsel,wikidata-6360
birim,25160050,Sındıran Köyü,tarihsel,wikidata-6360
birim,25160051,Söğütler Köyü,tarihsel,wikidata-6360
birim,25160052,Susuz Köyü,tarihsel,wikidata-6360
birim,25160053,Tahtköy Köyü,tarihsel,wikidata-6360
birim,25160054,Tazeköy Köyü,tarihsel,wikidata-6360
birim,25160055,Teketaş Köyü,tarihsel,wikidata-6360
birim,25160056,Timurkışla Köyü,tarihsel,wikidata-6360
birim,25160057,Turnalı Köyü,tarihsel,wikidata-6360
birim,25160058,Tütenocak Köyü,tarihsel,wikidata-6360
birim,25160059,Uğurlu Köyü,tarihsel,wikidata-6360
birim,25160060,Yanıkkaval Köyü,tarihsel,wikidata-6360
birim,25160061,Yaymeşe Köyü,tarihsel,wikidata-6360
birim,25160062,Yazılı Köyü,tarihsel,wikidata-6360
birim,25160063,Yelkıran Köyü,tarihsel,wikidata-6360
birim,25160064,Yeşildemet Köyü,tarihsel,wikidata-6360
birim,25160065,Yeşilkaya Köyü,tarihsel,wikidata-6360
birim,25160066,Yoğurtçular Köyü,tarihsel,wikidata-6360
birim,25160068,Yukarıbakraçlı Köyü,tarihsel,wikidata-6360
birim,25160069,Yünören Köyü,tarihsel,wikidata-6360
birim,25160070,Yürekli Köyü,tarihsel,wikidata-6360
birim,25160071,Zümrüt Köyü,tarihsel,wikidata-6360
birim,25170001,Ağcakoca Köyü,tarihsel,wikidata-6360
birim,25170002,Akdağ Köyü,tarihsel,wikidata-6360
birim,25170003,Akdamar Köyü,tarihsel,wikidata-6360
birim,25170004,Akpınar Köyü,tarihsel,wikidata-6360
birim,25170005,Alabayır Köyü,tarihsel,wikidata-6360
birim,25170006,Aşağıhanbeyi Köyü,tarihsel,wikidata-6360
birim,25170007,Aşağıtepecik Köyü,tarihsel,wikidata-6360
birim,25170008,Aydınlı Köyü,tarihsel,wikidata-6360
birim,25170010,Beşdere Köyü,tarihsel,wikidata-6360
birim,25170011,Beyköy Köyü,tarihsel,wikidata-6360
birim,25170012,Çağlar Köyü,tarihsel,wikidata-6360
birim,25170013,Çatak Köyü,tarihsel,wikidata-6360
birim,25170014,Çatkale Köyü,tarihsel,wikidata-6360
birim,25170015,Çayırdağı Köyü,tarihsel,wikidata-6360
birim,25170016,Çevirme Köyü,tarihsel,wikidata-6360
birim,25170017,Çiçekdağı Köyü,tarihsel,wikidata-6360
birim,25170019,Çukuryayla Köyü,tarihsel,wikidata-6360
birim,25170020,Dalsöğüt Köyü,tarihsel,wikidata-6360
birim,25170021,Deliler Köyü,tarihsel,wikidata-6360
birim,25170022,Dengiz Köyü,tarihsel,wikidata-6360
birim,25170023,Düzyurt Köyü,tarihsel,wikidata-6360
birim,25170024,Erence Köyü,tarihsel,wikidata-6360
birim,25170025,Geçitköy Köyü,tarihsel,wikidata-6360
birim,25170026,Gökoğlan Köyü,tarihsel,wikidata-6360
birim,25170027,Gözlüce Köyü,tarihsel,wikidata-6360
birim,25170028,Gülveren Köyü,tarihsel,wikidata-6360
birim,25170029,Gümüşlük Köyü,tarihsel,wikidata-6360
birim,25170030,Gündamı Köyü,tarihsel,wikidata-6360
birim,25170031,Güneşli Köyü,tarihsel,wikidata-6360
birim,25170032,Gürgür Köyü,tarihsel,wikidata-6360
birim,25170033,Güzeldere Köyü,tarihsel,wikidata-6360
birim,25170034,Hacıömer Köyü,tarihsel,wikidata-6360
birim,25170035,Hamzalar Köyü,tarihsel,wikidata-6360
birim,25170037,Hüseyinağa Köyü,tarihsel,wikidata-6360
birim,25170038,Ilıgöze Köyü,tarihsel,wikidata-6360
birim,25170039,İncesu Köyü,tarihsel,wikidata-6360
birim,25170040,Işıklar Köyü,tarihsel,wikidata-6360
birim,25170042,Kalaycı Köyü,tarihsel,wikidata-6360
birim,25170043,Karapınar Köyü,tarihsel,wikidata-6360
birim,25170044,Karataş Köyü,tarihsel,wikidata-6360
birim,25170045,Karatepe Köyü,tarihsel,wikidata-6360
birim,25170046,Karlıca Köyü,tarihsel,wikidata-6360
birim,25170048,Kayaboğaz Köyü,tarihsel,wikidata-6360
birim,25170049,Kazancık Köyü,tarihsel,wikidata-6360
birim,25170050,Kırıkan Köyü,tarihsel,wikidata-6360
birim,25170051,Koçyayla Köyü,tarihsel,wikidata-6360
birim,25170052,Körsu Köyü,tarihsel,wikidata-6360
birim,25170053,Küllü Köyü,tarihsel,wikidata-6360
birim,25170054,Kuruca Köyü,tarihsel,wikidata-6360
birim,25170055,Mescitli Köyü,tarihsel,wikidata-6360
birim,25170056,Mollamehmet Köyü,tarihsel,wikidata-6360
birim,25170057,Şakşak Köyü,tarihsel,wikidata-6360
birim,25170058,Susuz Köyü,tarihsel,wikidata-6360
birim,25170059,Taşkesen Köyü,tarihsel,wikidata-6360
birim,25170060,Toptepe Köyü,tarihsel,wikidata-6360
birim,25170061,Turnagöl Köyü,tarihsel,wikidata-6360
birim,25170063,Yalınca Köyü,tarihsel,wikidata-6360
birim,25170064,Yerköy Köyü,tarihsel,wikidata-6360
birim,25170065,Yeşilören Köyü,tarihsel,wikidata-6360
birim,25170066,Yiğitler Köyü,tarihsel,wikidata-6360
birim,25170067,Yoncalı Köyü,tarihsel,wikidata-6360
birim,25170068,Yücepınar Köyü,tarihsel,wikidata-6360
birim,25170069,Yukarıhanbeyi Köyü,tarihsel,wikidata-6360
birim,25170070,Yukarıtepecik Köyü,tarihsel,wikidata-6360
birim,25170071,Yuvaklı Köyü,tarihsel,wikidata-6360
birim,25180001,Akbaba Köyü,tarihsel,wikidata-6360
birim,25180002,Aksu Köyü,tarihsel,wikidata-6360
birim,25180003,Aktaş Köyü,tarihsel,wikidata-6360
birim,25180004,Alapınar Köyü,tarihsel,wikidata-6360
birim,25180006,Arılı Köyü,tarihsel,wikidata-6360
birim,25180010,Ballı Köyü,tarihsel,wikidata-6360
birim,25180011,Çakıllı Köyü,tarihsel,wikidata-6360
birim,25180013,Çardaklı Köyü,tarihsel,wikidata-6360
birim,25180014,Çataldere Köyü,tarihsel,wikidata-6360
birim,25180015,Çaylıca Köyü,tarihsel,wikidata-6360
birim,25180016,Çiftlik Köyü,tarihsel,wikidata-6360
birim,25180017,Cihanlı Köyü,tarihsel,wikidata-6360
birim,25180018,Çivilikaya Köyü,tarihsel,wikidata-6360
birim,25180019,Demirciler Köyü,tarihsel,wikidata-6360
birim,25180020,Derekapı Köyü,tarihsel,wikidata-6360
birim,25180021,Derinpınar Köyü,tarihsel,wikidata-6360
birim,25180022,Dikmen Köyü,tarihsel,wikidata-6360
birim,25180023,Doruklu Köyü,tarihsel,wikidata-6360
birim,25180024,Esendurak Köyü,tarihsel,wikidata-6360
birim,25180025,Gökdere Köyü,tarihsel,wikidata-6360
birim,25180026,Hamidiye Köyü,tarihsel,wikidata-6360
birim,25180027,İncedere Köyü,tarihsel,wikidata-6360
birim,25180028,Kaleboynu Köyü,tarihsel,wikidata-6360
birim,25180030,Kapıkaya Köyü,tarihsel,wikidata-6360
birim,25180031,Karlı Köyü,tarihsel,wikidata-6360
birim,25180032,Kazandere Köyü,tarihsel,wikidata-6360
birim,25180033,Kemerkaya Köyü,tarihsel,wikidata-6360
birim,25180034,Kireçli Köyü,tarihsel,wikidata-6360
birim,25180035,Kırmalı Köyü,tarihsel,wikidata-6360
birim,25180037,Meydanlar Köyü,tarihsel,wikidata-6360
birim,25180039,Peynirli Köyü,tarihsel,wikidata-6360
birim,25180043,Suyatağı Köyü,tarihsel,wikidata-6360
birim,25180044,Taşbaşı Köyü,tarihsel,wikidata-6360
birim,25180045,Taşoluk Köyü,tarihsel,wikidata-6360
birim,25180046,Tatlısu Köyü,tarihsel,wikidata-6360
birim,25180047,Tipili Köyü,tarihsel,wikidata-6360
birim,25180048,Tortumkale Köyü,tarihsel,wikidata-6360
birim,25180049,Uzunkavak Köyü,tarihsel,wikidata-6360
birim,25180050,Vişneli Köyü,tarihsel,wikidata-6360
birim,25180051,Yağcılar Köyü,tarihsel,wikidata-6360
birim,25180052,Yamankaya Köyü,tarihsel,wikidata-6360
birim,25180054,Yazyurdu Köyü,tarihsel,wikidata-6360
birim,25180055,Yellitepe Köyü,tarihsel,wikidata-6360
birim,25180056,Yukarısivri Köyü,tarihsel,wikidata-6360
birim,25180057,Yumaklı Köyü,tarihsel,wikidata-6360
birim,25180058,Ziyaretli Köyü,tarihsel,wikidata-6360
birim,25190001,Altınçanak Köyü,tarihsel,wikidata-6360
birim,25190002,Balıklı Köyü,tarihsel,wikidata-6360
birim,25190003,Çağlayan Köyü,tarihsel,wikidata-6360
birim,25190004,Çamlıyamaç Köyü,tarihsel,wikidata-6360
birim,25190006,Cevizli Köyü,tarihsel,wikidata-6360
birim,25190008,Dikyar Köyü,tarihsel,wikidata-6360
birim,25190011,Kirazlı Köyü,tarihsel,wikidata-6360
birim,25190014,Sapaca Köyü,tarihsel,wikidata-6360
birim,25190016,Ulubağ Köyü,tarihsel,wikidata-6360
birim,25200001,Akdağ Köyü,tarihsel,wikidata-6360
birim,25200002,Aktoprak Köyü,tarihsel,wikidata-6360
birim,25200002,Terminal,semt,ptt-semt
birim,25200003,Altınbulak Köyü,tarihsel,wikidata-6360
birim,25200003,Terminal,semt,ptt-semt
birim,25200004,Altıntepe Köyü,tarihsel,wikidata-6360
birim,25200004,Terminal,semt,ptt-semt
birim,25200005,Arıbahçe Köyü,tarihsel,wikidata-6360
birim,25200006,Çayırca Köyü,tarihsel,wikidata-6360
birim,25200007,Çayırtepe Köyü,tarihsel,wikidata-6360
birim,25200008,Terminal,semt,ptt-semt
birim,25200008,Çiftlik Köyü,tarihsel,wikidata-6360
birim,25200010,Değirmenler Köyü,tarihsel,wikidata-6360
birim,25200010,Terminal,semt,ptt-semt
birim,25200012,Gökçeyamaç Köyü,tarihsel,wikidata-6360
birim,25200013,Gülpınar Köyü,tarihsel,wikidata-6360
birim,25200013,Terminal,semt,ptt-semt
birim,25200014,Güngörmez Köyü,tarihsel,wikidata-6360
birim,25200015,Güzelova Köyü,tarihsel,wikidata-6360
birim,25200015,Terminal,semt,ptt-semt
birim,25200018,Karagöbek Köyü,tarihsel,wikidata-6360
birim,25200019,Terminal,semt,ptt-semt
birim,25200021,Kırkgöze Köyü,tarihsel,wikidata-6360
birim,25200022,Kırmızıtaş Köyü,tarihsel,wikidata-6360
birim,25200022,Terminal,semt,ptt-semt
birim,25200023,Köse Mehmet Köyü,tarihsel,wikidata-6360
birim,25200024,Köşkköy Köyü,tarihsel,wikidata-6360
birim,25200027,Mülk Köyü,tarihsel,wikidata-6360
birim,25200028,Muratgeldi Köyü,tarihsel,wikidata-6360
birim,25200028,Terminal,semt,ptt-semt
birim,25200031,Orta Düzü Köyü,tarihsel,wikidata-6360
birim,25200033,Şenyurt Köyü,tarihsel,wikidata-6360
birim,25200035,Söğütyanı Köyü,tarihsel,wikidata-6360
birim,25200036,Mumcu,semt,ptt-semt
birim,25200037,Umudum Köyü,tarihsel,wikidata-6360
birim,25200038,Terminal,semt,ptt-semt
birim,25200039,Uzunyayla Köyü,tarihsel,wikidata-6360
birim,25200040,Yazı Pınarı Köyü,tarihsel,wikidata-6360
birim,25200041,Yerli Su Köyü,tarihsel,wikidata-6360
birim,25200042,Yeşildere Köyü,tarihsel,wikidata-6360
birim,25200043,Yeşilova Köyü,tarihsel,wikidata-6360
birim,25200044,Terminal,semt,ptt-semt
birim,25200044,Yeşilyayla Köyü,tarihsel,wikidata-6360
birim,26010003,Alapınar Köyü,tarihsel,wikidata-6360
birim,26010005,Bahçecik Köyü,tarihsel,wikidata-6360
birim,26010006,Başören Köyü,tarihsel,wikidata-6360
birim,26010007,Belkese Köyü,tarihsel,wikidata-6360
birim,26010009,Büğdüz Köyü,tarihsel,wikidata-6360
birim,26010010,Çardakbaşı Köyü,tarihsel,wikidata-6360
birim,26010011,Çerkez Çukurhisar Köyü,tarihsel,wikidata-6360
birim,26010012,Dereköy Köyü,tarihsel,wikidata-6360
birim,26010013,Esence Köyü,tarihsel,wikidata-6360
birim,26010016,Fevziye Köyü,tarihsel,wikidata-6360
birim,26010017,Gökçekaya Köyü,tarihsel,wikidata-6360
birim,26010018,Gökçeoğlu Köyü,tarihsel,wikidata-6360
birim,26010019,Güroluk Köyü,tarihsel,wikidata-6360
birim,26010020,Işıkören Köyü,tarihsel,wikidata-6360
birim,26010021,Karacaören Köyü,tarihsel,wikidata-6360
birim,26010022,Karakamış Köyü,tarihsel,wikidata-6360
birim,26010024,Koşmat Köyü,tarihsel,wikidata-6360
birim,26010025,Mamure Köyü,tarihsel,wikidata-6360
birim,26010027,Özdenk Köyü,tarihsel,wikidata-6360
birim,26010028,Sakarıkaracaören Köyü,tarihsel,wikidata-6360
birim,26010029,Sarıkavak Köyü,tarihsel,wikidata-6360
birim,26010030,Söğütçük Köyü,tarihsel,wikidata-6360
birim,26010031,Uyuzhamamköyü Köyü,tarihsel,wikidata-6360
birim,26010032,Yeşildon Köyü,tarihsel,wikidata-6360
birim,26020002,Aşağıdudaş Köyü,tarihsel,wikidata-6360
birim,26020005,Doğanoğlu Köyü,tarihsel,wikidata-6360
birim,26020006,Doğray Köyü,tarihsel,wikidata-6360
birim,26020007,Emircik Köyü,tarihsel,wikidata-6360
birim,26020008,Gökçeayva Köyü,tarihsel,wikidata-6360
birim,26020009,Halilbağı Köyü,tarihsel,wikidata-6360
birim,26020010,İkipınar Köyü,tarihsel,wikidata-6360
birim,26020011,İmikler Köyü,tarihsel,wikidata-6360
birim,26020012,Kızılcaören Köyü,tarihsel,wikidata-6360
birim,26020014,Okçu Köyü,tarihsel,wikidata-6360
birim,26020015,Parsıbey Köyü,tarihsel,wikidata-6360
birim,26020016,Rahmiye Köyü,tarihsel,wikidata-6360
birim,26020017,Süleymaniye Köyü,tarihsel,wikidata-6360
birim,26020018,Sultaniye Köyü,tarihsel,wikidata-6360
birim,26020019,Uzunburun Köyü,tarihsel,wikidata-6360
birim,26020020,Yalınlı Köyü,tarihsel,wikidata-6360
birim,26020022,Yeniyurt Köyü,tarihsel,wikidata-6360
birim,26020023,Yukarıdudaş Köyü,tarihsel,wikidata-6360
birim,26020024,Yukarıiğdeağacı Köyü,tarihsel,wikidata-6360
birim,26030001,Abbashalimpaşa Köyü,tarihsel,wikidata-6360
birim,26030005,Başkurt Köyü,tarihsel,wikidata-6360
birim,26030006,Belpınar Köyü,tarihsel,wikidata-6360
birim,26030007,Çatmapınar Köyü,tarihsel,wikidata-6360
birim,26030009,Dikilikaya Köyü,tarihsel,wikidata-6360
birim,26030011,Doğanay Köyü,tarihsel,wikidata-6360
birim,26030012,Eminekin Köyü,tarihsel,wikidata-6360
birim,26030014,Hayriye Köyü,tarihsel,wikidata-6360
birim,26030015,Ilıcabaşı Köyü,tarihsel,wikidata-6360
birim,26030016,Kadıkuyusu Köyü,tarihsel,wikidata-6360
birim,26030017,Körhasan Köyü,tarihsel,wikidata-6360
birim,26030018,Orhaniye Köyü,tarihsel,wikidata-6360
birim,26030019,Ortaköy Köyü,tarihsel,wikidata-6360
birim,26030020,Osmaniye Köyü,tarihsel,wikidata-6360
birim,26030021,Sadıroğlu Köyü,tarihsel,wikidata-6360
birim,26030022,Saithalimpaşa Köyü,tarihsel,wikidata-6360
birim,26030026,Yenidoğan Köyü,tarihsel,wikidata-6360
birim,26030027,Yıldızören Köyü,tarihsel,wikidata-6360
birim,26030028,Zaferhamit Köyü,tarihsel,wikidata-6360
birim,26040007,Doğray Köyü,tarihsel,wikidata-6360
birim,26040009,Gecek Köyü,tarihsel,wikidata-6360
birim,26040011,Kavacık Köyü,tarihsel,wikidata-6360
birim,26040012,Kavuncu Köyü,tarihsel,wikidata-6360
birim,26040014,Kuzören Köyü,tarihsel,wikidata-6360
birim,26040015,Mercan Köyü,tarihsel,wikidata-6360
birim,26040018,Tutlu Köyü,tarihsel,wikidata-6360
birim,26040020,Yazır Köyü,tarihsel,wikidata-6360
birim,26040022,Yeşilyaka Köyü,tarihsel,wikidata-6360
birim,26050006,Gökçekuyu Köyü,tarihsel,wikidata-6360
birim,26050007,Gökçeyayla Köyü,tarihsel,wikidata-6360
birim,26050011,İskankuyu Köyü,tarihsel,wikidata-6360
birim,26050012,Kayı Köyü,tarihsel,wikidata-6360
birim,26050013,Peçene Köyü,tarihsel,wikidata-6360
birim,26050015,Yazılı Köyü,tarihsel,wikidata-6360
birim,26060001,Aşağıkuzfındık Köyü,tarihsel,wikidata-6360
birim,26060003,Dereyalak Köyü,tarihsel,wikidata-6360
birim,26060011,Oklubalı Köyü,tarihsel,wikidata-6360
birim,26060013,Seyitaliköyü Köyü,tarihsel,wikidata-6360
birim,26060015,Yukarıkuzfındık Köyü,tarihsel,wikidata-6360
birim,26060016,Yürükyayla Köyü,tarihsel,wikidata-6360
birim,26070006,Güllüce Köyü,tarihsel,wikidata-6360
birim,26070009,İsmetpaşa Köyü,tarihsel,wikidata-6360
birim,26070010,Kaymazyayla Köyü,tarihsel,wikidata-6360
birim,26070011,Mesudiye Köyü,tarihsel,wikidata-6360
birim,26070013,Şerefiye Köyü,tarihsel,wikidata-6360
birim,26070016,Türkmenmecidiye Köyü,tarihsel,wikidata-6360
birim,26070019,Yeşilyurt Köyü,tarihsel,wikidata-6360
birim,26080008,Karaoğlan Köyü,tarihsel,wikidata-6360
birim,26090001,Adahisar Köyü,tarihsel,wikidata-6360
birim,26090002,Ahur Köyü,tarihsel,wikidata-6360
birim,26090003,Ahurözü Köyü,tarihsel,wikidata-6360
birim,26090004,Akçaören Köyü,tarihsel,wikidata-6360
birim,26090005,Aydınlar Köyü,tarihsel,wikidata-6360
birim,26090006,Bahtiyar Köyü,tarihsel,wikidata-6360
birim,26090007,Belen Köyü,tarihsel,wikidata-6360
birim,26090008,Bey Köyü,tarihsel,wikidata-6360
birim,26090009,Çalçı Köyü,tarihsel,wikidata-6360
birim,26090010,Çalkaya Köyü,tarihsel,wikidata-6360
birim,26090012,Çardak Köyü,tarihsel,wikidata-6360
birim,26090013,Çukurören Köyü,tarihsel,wikidata-6360
birim,26090014,Dağcı Köyü,tarihsel,wikidata-6360
birim,26090015,Diközü Köyü,tarihsel,wikidata-6360
birim,26090017,Dümrek Köyü,tarihsel,wikidata-6360
birim,26090018,Gözeler Köyü,tarihsel,wikidata-6360
birim,26090019,Güce Köyü,tarihsel,wikidata-6360
birim,26090020,Güreş Köyü,tarihsel,wikidata-6360
birim,26090021,Gürleyik Köyü,tarihsel,wikidata-6360
birim,26090022,Hamidiye Köyü,tarihsel,wikidata-6360
birim,26090023,İğdecik Köyü,tarihsel,wikidata-6360
birim,26090024,İkizafer Köyü,tarihsel,wikidata-6360
birim,26090025,Ilıcalar Köyü,tarihsel,wikidata-6360
birim,26090026,Karaçam Köyü,tarihsel,wikidata-6360
birim,26090027,Karageyikli Köyü,tarihsel,wikidata-6360
birim,26090028,Kavak Köyü,tarihsel,wikidata-6360
birim,26090029,Kayı Köyü,tarihsel,wikidata-6360
birim,26090031,Korucu Köyü,tarihsel,wikidata-6360
birim,26090033,Kozlu Köyü,tarihsel,wikidata-6360
birim,26090034,Lütfiye Köyü,tarihsel,wikidata-6360
birim,26090035,Mahmuthisar Köyü,tarihsel,wikidata-6360
birim,26090037,Narlı Köyü,tarihsel,wikidata-6360
birim,26090038,Obruk Köyü,tarihsel,wikidata-6360
birim,26090039,Ömer Köyü,tarihsel,wikidata-6360
birim,26090040,Otluk Köyü,tarihsel,wikidata-6360
birim,26090041,Saray Köyü,tarihsel,wikidata-6360
birim,26090042,Sazak Köyü,tarihsel,wikidata-6360
birim,26090043,Seki Köyü,tarihsel,wikidata-6360
birim,26090044,Sekiören Köyü,tarihsel,wikidata-6360
birim,26090045,Sorkun Köyü,tarihsel,wikidata-6360
birim,26090046,Süleler Köyü,tarihsel,wikidata-6360
birim,26090047,Tatarcık Köyü,tarihsel,wikidata-6360
birim,26090048,Üçbaşlı Köyü,tarihsel,wikidata-6360
birim,26090049,Uşakbükü Köyü,tarihsel,wikidata-6360
birim,26090050,Yalımkaya Köyü,tarihsel,wikidata-6360
birim,26090051,Yayla Köyü,tarihsel,wikidata-6360
birim,26090052,Yeşilyurt Köyü,tarihsel,wikidata-6360
birim,26100003,Odunpazarıköy,semt,ptt-semt
birim,26100009,Akpınar Köyü,tarihsel,wikidata-6360
birim,26100012,Odunpazarıköy,semt,ptt-semt
birim,26100014,Avdan Köyü,tarihsel,wikidata-6360
birim,26100017,Çamlıca Köyü,tarihsel,wikidata-6360
birim,26100019,Odunpazarıköy,semt,ptt-semt
birim,26100019,Çavlum Köyü,tarihsel,wikidata-6360
birim,26100023,Demirli Köyü,tarihsel,wikidata-6360
birim,26100024,Doğankaya Köyü,tarihsel,wikidata-6360
birim,26100027,Eşenkara Köyü,tarihsel,wikidata-6360
birim,26100032,Gümele Köyü,tarihsel,wikidata-6360
birim,26100034,Harmandalı Köyü,tarihsel,wikidata-6360
birim,26100037,İmişehir Köyü,tarihsel,wikidata-6360
birim,26100039,Kalkanlı Köyü,tarihsel,wikidata-6360
birim,26100039,Odunpazarıköy,semt,ptt-semt
birim,26100040,Kanlıpınar Köyü,tarihsel,wikidata-6360
birim,26100041,Karaalan Köyü,tarihsel,wikidata-6360
birim,26100042,Karacahöyük Köyü,tarihsel,wikidata-6360
birim,26100042,Odunpazarıköy,semt,ptt-semt
birim,26100043,Karacaşehir Köyü,tarihsel,wikidata-6360
birim,26100044,Karaçay Köyü,tarihsel,wikidata-6360
birim,26100045,Karahüyük Köyü,tarihsel,wikidata-6360
birim,26100046,Karamustafa Köyü,tarihsel,wikidata-6360
birim,26100047,Karapazar Köyü,tarihsel,wikidata-6360
birim,26100049,Karatepe Köyü,tarihsel,wikidata-6360
birim,26100050,Kargın Köyü,tarihsel,wikidata-6360
birim,26100051,Kayacık Köyü,tarihsel,wikidata-6360
birim,26100052,Kayapınar Köyü,tarihsel,wikidata-6360
birim,26100052,Odunpazarıköy,semt,ptt-semt
birim,26100053,Kıravdan Köyü,tarihsel,wikidata-6360
birim,26100054,Kireç Köyü,tarihsel,wikidata-6360
birim,26100057,Kuyucak Köyü,tarihsel,wikidata-6360
birim,26100058,Lütfiye Köyü,tarihsel,wikidata-6360
birim,26100059,Musalar Köyü,tarihsel,wikidata-6360
birim,26100064,Sarısungur Köyü,tarihsel,wikidata-6360
birim,26100066,Seklice Köyü,tarihsel,wikidata-6360
birim,26100067,Odunpazarıköy,semt,ptt-semt
birim,26100067,Sevinç Köyü,tarihsel,wikidata-6360
birim,26100068,Sultandere Köyü,tarihsel,wikidata-6360
birim,26100070,Süpüren Köyü,tarihsel,wikidata-6360
birim,26100071,Türkmentokat Köyü,tarihsel,wikidata-6360
birim,26100072,Uluçayır Köyü,tarihsel,wikidata-6360
birim,26100075,Yahnikapan Köyü,tarihsel,wikidata-6360
birim,26100076,Odunpazarıköy,semt,ptt-semt
birim,26100076,Yassıhöyük Köyü,tarihsel,wikidata-6360
birim,26100079,Yenisofça Köyü,tarihsel,wikidata-6360
birim,26100081,Yukarıçağlan Köyü,tarihsel,wikidata-6360
birim,26100082,Yukarıılıca Köyü,tarihsel,wikidata-6360
birim,26100083,Yukarıkalabak Köyü,tarihsel,wikidata-6360
birim,26100084,Yürükkaracaören Köyü,tarihsel,wikidata-6360
birim,26100085,Yürükkırka Köyü,tarihsel,wikidata-6360
birim,26120002,Aksaklı Köyü,tarihsel,wikidata-6360
birim,26120004,Aslanbeyli Köyü,tarihsel,wikidata-6360
birim,26120006,Bardakçı Köyü,tarihsel,wikidata-6360
birim,26120007,Beşsaray Köyü,tarihsel,wikidata-6360
birim,26120008,Beykışla Köyü,tarihsel,wikidata-6360
birim,26120010,Büyükyayla Köyü,tarihsel,wikidata-6360
birim,26120013,Çukurağıl Köyü,tarihsel,wikidata-6360
birim,26120016,Değişören Köyü,tarihsel,wikidata-6360
birim,26120023,Gökçegüney Köyü,tarihsel,wikidata-6360
birim,26120036,Oynaş Köyü,tarihsel,wikidata-6360
birim,26120040,Sarayören Köyü,tarihsel,wikidata-6360
birim,26120041,Sarıcailyas Köyü,tarihsel,wikidata-6360
birim,26120042,Şükranlı Köyü,tarihsel,wikidata-6360
birim,26120043,Taşlıkköy Köyü,tarihsel,wikidata-6360
birim,26120044,Üçsaray Köyü,tarihsel,wikidata-6360
birim,26120045,Yapıldak Köyü,tarihsel,wikidata-6360
birim,26120046,Yarbasan Köyü,tarihsel,wikidata-6360
birim,26120047,Yazıdere Köyü,tarihsel,wikidata-6360
birim,26120049,Yeşiltepe Köyü,tarihsel,wikidata-6360
birim,26120050,Yukarısöğüt Köyü,tarihsel,wikidata-6360
birim,26130002,Aktaş Köyü,tarihsel,wikidata-6360
birim,26130003,Aşağıkepen Köyü,tarihsel,wikidata-6360
birim,26130004,Aydınlı Köyü,tarihsel,wikidata-6360
birim,26130006,Bahçecik Köyü,tarihsel,wikidata-6360
birim,26130008,Benlikuyu Köyü,tarihsel,wikidata-6360
birim,26130009,Benliyaver Köyü,tarihsel,wikidata-6360
birim,26130016,Çandır Köyü,tarihsel,wikidata-6360
birim,26130030,Gülçayır Köyü,tarihsel,wikidata-6360
birim,26130035,İbikseydi Köyü,tarihsel,wikidata-6360
birim,26130037,İlören Köyü,tarihsel,wikidata-6360
birim,26130039,İstiklalbağı Köyü,tarihsel,wikidata-6360
birim,26130040,Kadıncık Köyü,tarihsel,wikidata-6360
birim,26130041,Kaldırımköy Köyü,tarihsel,wikidata-6360
birim,26130044,Karacakaya Köyü,tarihsel,wikidata-6360
birim,26130047,Karacaörenyaylası Köyü,tarihsel,wikidata-6360
birim,26130048,Karadat Köyü,tarihsel,wikidata-6360
birim,26130049,Karakaya Köyü,tarihsel,wikidata-6360
birim,26130050,Karkın Köyü,tarihsel,wikidata-6360
birim,26130052,Kertek Köyü,tarihsel,wikidata-6360
birim,26130054,Kınık Köyü,tarihsel,wikidata-6360
birim,26130055,Koçaş Köyü,tarihsel,wikidata-6360
birim,26130056,Koltan Köyü,tarihsel,wikidata-6360
birim,26130059,Kurtşeyh Köyü,tarihsel,wikidata-6360
birim,26130060,Memik Köyü,tarihsel,wikidata-6360
birim,26130061,Mülkköy Köyü,tarihsel,wikidata-6360
birim,26130063,Oğlakçı Köyü,tarihsel,wikidata-6360
birim,26130064,Ortaklar Köyü,tarihsel,wikidata-6360
birim,26130065,Paşakadın Köyü,tarihsel,wikidata-6360
birim,26130066,Sadıkbağı Köyü,tarihsel,wikidata-6360
birim,26130067,Sarıkavak Köyü,tarihsel,wikidata-6360
birim,26130068,Selimiye Köyü,tarihsel,wikidata-6360
birim,26130069,Sığırcık Köyü,tarihsel,wikidata-6360
birim,26130070,Tekören Köyü,tarihsel,wikidata-6360
birim,26130071,Yaverören Köyü,tarihsel,wikidata-6360
birim,26130073,Yenidoğan Köyü,tarihsel,wikidata-6360
birim,26130075,Yeşilköy Köyü,tarihsel,wikidata-6360
birim,26130076,Yukarıkepen Köyü,tarihsel,wikidata-6360
birim,26130078,Zeyköyü Köyü,tarihsel,wikidata-6360
birim,26140001,Ahılar Köyü,tarihsel,wikidata-6360
birim,26140001,Tepebaşıköy,semt,ptt-semt
birim,26140002,Alınca Köyü,tarihsel,wikidata-6360
birim,26140003,Aşağı Söğütönü Köyü,tarihsel,wikidata-6360
birim,26140004,Aşağıkartal Köyü,tarihsel,wikidata-6360
birim,26140004,Çukurhisar,semt,ptt-semt
birim,26140005,Atalan Köyü,tarihsel,wikidata-6360
birim,26140005,Tepebaşıköy,semt,ptt-semt
birim,26140006,Atalantekke Köyü,tarihsel,wikidata-6360
birim,26140006,Tepebaşıköy,semt,ptt-semt
birim,26140007,Avlamış Köyü,tarihsel,wikidata-6360
birim,26140007,Tepebaşıköy,semt,ptt-semt
birim,26140010,Behçetiye Köyü,tarihsel,wikidata-6360
birim,26140010,Tepebaşıköy,semt,ptt-semt
birim,26140011,Bektaşpınarı Köyü,tarihsel,wikidata-6360
birim,26140011,Tepebaşıköy,semt,ptt-semt
birim,26140012,Beyazaltın Köyü,tarihsel,wikidata-6360
birim,26140012,Tepebaşıköy,semt,ptt-semt
birim,26140013,Boyacıoğlu Köyü,tarihsel,wikidata-6360
birim,26140013,Çukurhisar,semt,ptt-semt
birim,26140014,Bozdağ Köyü,tarihsel,wikidata-6360
birim,26140014,Tepebaşıköy,semt,ptt-semt
birim,26140015,Buldukpınar Köyü,tarihsel,wikidata-6360
birim,26140015,Tepebaşıköy,semt,ptt-semt
birim,26140016,Tepebaşıköy,semt,ptt-semt
birim,26140016,Çalkara Köyü,tarihsel,wikidata-6360
birim,26140018,Tepebaşıköy,semt,ptt-semt
birim,26140018,Çanakkıran Köyü,tarihsel,wikidata-6360
birim,26140019,Çukurhisar,semt,ptt-semt
birim,26140021,Cumhuriyet Köyü,tarihsel,wikidata-6360
birim,26140021,Tepebaşıköy,semt,ptt-semt
birim,26140022,Danişment Köyü,tarihsel,wikidata-6360
birim,26140022,Tepebaşıköy,semt,ptt-semt
birim,26140023,Eğriöz Köyü,tarihsel,wikidata-6360
birim,26140023,Çukurhisar,semt,ptt-semt
birim,26140024,Emirceoğlu Köyü,tarihsel,wikidata-6360
birim,26140024,Muttalip,semt,ptt-semt
birim,26140030,Muttalip,semt,ptt-semt
birim,26140031,Gökçekısık Köyü,tarihsel,wikidata-6360
birim,26140031,Tepebaşıköy,semt,ptt-semt
birim,26140032,Gökdere Köyü,tarihsel,wikidata-6360
birim,26140032,Çukurhisar,semt,ptt-semt
birim,26140034,Tepebaşıköy,semt,ptt-semt
birim,26140037,Hasanbey Köyü,tarihsel,wikidata-6360
birim,26140037,Çukurhisar,semt,ptt-semt
birim,26140039,Hekimdağ Köyü,tarihsel,wikidata-6360
birim,26140039,Tepebaşıköy,semt,ptt-semt
birim,26140040,Çukurhisar,semt,ptt-semt
birim,26140044,Karaçobanpınarı Köyü,tarihsel,wikidata-6360
birim,26140044,Tepebaşıköy,semt,ptt-semt
birim,26140045,Karadere Köyü,tarihsel,wikidata-6360
birim,26140045,Tepebaşıköy,semt,ptt-semt
birim,26140046,Karagözler Köyü,tarihsel,wikidata-6360
birim,26140046,Tepebaşıköy,semt,ptt-semt
birim,26140047,Kavacık Köyü,tarihsel,wikidata-6360
birim,26140047,Çukurhisar,semt,ptt-semt
birim,26140048,Çukurhisar,semt,ptt-semt
birim,26140049,Kızılcaören Köyü,tarihsel,wikidata-6360
birim,26140049,Tepebaşıköy,semt,ptt-semt
birim,26140050,Kızılinler Köyü,tarihsel,wikidata-6360
birim,26140050,Tepebaşıköy,semt,ptt-semt
birim,26140051,Kozkayı Köyü,tarihsel,wikidata-6360
birim,26140051,Çukurhisar,semt,ptt-semt
birim,26140052,Kozlubel Köyü,tarihsel,wikidata-6360
birim,26140052,Tepebaşıköy,semt,ptt-semt
birim,26140056,Mollaoğlu Köyü,tarihsel,wikidata-6360
birim,26140056,Tepebaşıköy,semt,ptt-semt
birim,26140057,Musaözü Köyü,tarihsel,wikidata-6360
birim,26140057,Tepebaşıköy,semt,ptt-semt
birim,26140059,Muttalip,semt,ptt-semt
birim,26140060,Muttalip,semt,ptt-semt
birim,26140061,Muttalip,semt,ptt-semt
birim,26140062,Nemli Köyü,tarihsel,wikidata-6360
birim,26140062,Tepebaşıköy,semt,ptt-semt
birim,26140064,Muttalip,semt,ptt-semt
birim,26140066,Satılmışoğlu Köyü,tarihsel,wikidata-6360
birim,26140066,Çukurhisar,semt,ptt-semt
birim,26140070,Sulukaraağaç Köyü,tarihsel,wikidata-6360
birim,26140070,Tepebaşıköy,semt,ptt-semt
birim,26140072,Takmak Köyü,tarihsel,wikidata-6360
birim,26140072,Tepebaşıköy,semt,ptt-semt
birim,26140073,Tandır Köyü,tarihsel,wikidata-6360
birim,26140073,Tepebaşıköy,semt,ptt-semt
birim,26140074,Taycılar Köyü,tarihsel,wikidata-6360
birim,26140074,Tepebaşıköy,semt,ptt-semt
birim,26140075,Tekeciler Köyü,tarihsel,wikidata-6360
birim,26140075,Tepebaşıköy,semt,ptt-semt
birim,26140077,Tepebaşıköy,semt,ptt-semt
birim,26140077,Turgutlar Köyü,tarihsel,wikidata-6360
birim,26140078,Tepebaşıköy,semt,ptt-semt
birim,26140078,Uludere Köyü,tarihsel,wikidata-6360
birim,26140080,Tepebaşıköy,semt,ptt-semt
birim,26140080,Yakakayı Köyü,tarihsel,wikidata-6360
birim,26140081,Tepebaşıköy,semt,ptt-semt
birim,26140081,Yarımca Köyü,tarihsel,wikidata-6360
birim,26140083,Tepebaşıköy,semt,ptt-semt
birim,26140083,Yeniakçayır Köyü,tarihsel,wikidata-6360
birim,26140085,Tepebaşıköy,semt,ptt-semt
birim,26140085,Yeniincesu Köyü,tarihsel,wikidata-6360
birim,26140087,Yukarı Söğütönü Köyü,tarihsel,wikidata-6360
birim,26140087,Çukurhisar,semt,ptt-semt
birim,26140088,Tepebaşıköy,semt,ptt-semt
birim,26140088,Yukarıkartal Köyü,tarihsel,wikidata-6360
birim,26140089,Tepebaşıköy,semt,ptt-semt
birim,26140089,Yürükakçayır Köyü,tarihsel,wikidata-6360
birim,26140090,Tepebaşıköy,semt,ptt-semt
birim,26140090,Yusuflar Köyü,tarihsel,wikidata-6360
birim,27010001,Akbudak Köyü,tarihsel,wikidata-6360
birim,27010002,Akkoç Köyü,tarihsel,wikidata-6360
birim,27010004,Aşağıkaravaiz Köyü,tarihsel,wikidata-6360
birim,27010005,Aşağıyufkalı Köyü,tarihsel,wikidata-6360
birim,27010016,Esentepe Köyü,tarihsel,wikidata-6360
birim,27010017,Eskialtıntaş Köyü,tarihsel,wikidata-6360
birim,27010018,Fakılı Köyü,tarihsel,wikidata-6360
birim,27010021,Gelinbuğday Köyü,tarihsel,wikidata-6360
birim,27010024,Gümüşpınar Köyü,tarihsel,wikidata-6360
birim,27010025,Güzey Köyü,tarihsel,wikidata-6360
birim,27010026,Hasanoğlu Köyü,tarihsel,wikidata-6360
birim,27010027,Hisar Köyü,tarihsel,wikidata-6360
birim,27010031,Köklüce Köyü,tarihsel,wikidata-6360
birim,27010032,Körhacıobası Köyü,tarihsel,wikidata-6360
birim,27010033,Küçüklü Köyü,tarihsel,wikidata-6360
birim,27010036,Nurettin Köyü,tarihsel,wikidata-6360
birim,27010037,Sarıkaya Köyü,tarihsel,wikidata-6360
birim,27010038,Sarıtepe Köyü,tarihsel,wikidata-6360
birim,27010040,Tarlabaşı Köyü,tarihsel,wikidata-6360
birim,27010041,Taşdeğirmen Köyü,tarihsel,wikidata-6360
birim,27010043,Yaylacık Köyü,tarihsel,wikidata-6360
birim,27010048,Yukarıyufkalı Köyü,tarihsel,wikidata-6360
birim,27010049,Ziyaret Köyü,tarihsel,wikidata-6360
birim,27020001,Ağabey Köyü,tarihsel,wikidata-6360
birim,27020002,Ağalarobası Köyü,tarihsel,wikidata-6360
birim,27020003,Akınyolu Köyü,tarihsel,wikidata-6360
birim,27020004,Alaca Köyü,tarihsel,wikidata-6360
birim,27020006,Arpalı Köyü,tarihsel,wikidata-6360
birim,27020010,Bayraktepe Köyü,tarihsel,wikidata-6360
birim,27020014,Burunsuzlar Köyü,tarihsel,wikidata-6360
birim,27020016,Çerçili Köyü,tarihsel,wikidata-6360
birim,27020018,Çınarlı Köyü,tarihsel,wikidata-6360
birim,27020019,Çolaklar Köyü,tarihsel,wikidata-6360
birim,27020020,Çubuk Köyü,tarihsel,wikidata-6360
birim,27020022,Değirmencik Köyü,tarihsel,wikidata-6360
birim,27020024,Elbistanhüyüğü Köyü,tarihsel,wikidata-6360
birim,27020026,Esenler Köyü,tarihsel,wikidata-6360
birim,27020030,Güllühüyük Köyü,tarihsel,wikidata-6360
birim,27020031,Güngören Köyü,tarihsel,wikidata-6360
birim,27020033,Hanağzı Köyü,tarihsel,wikidata-6360
birim,27020034,Hasanlök Köyü,tarihsel,wikidata-6360
birim,27020036,İdilli Köyü,tarihsel,wikidata-6360
birim,27020037,Kabaklar Köyü,tarihsel,wikidata-6360
birim,27020038,Kalaycık Köyü,tarihsel,wikidata-6360
birim,27020039,Kale Köyü,tarihsel,wikidata-6360
birim,27020040,Karacaören Köyü,tarihsel,wikidata-6360
birim,27020041,Karakaya Köyü,tarihsel,wikidata-6360
birim,27020042,Karapınar Köyü,tarihsel,wikidata-6360
birim,27020043,Karapolat Köyü,tarihsel,wikidata-6360
birim,27020044,Kayabaşı Köyü,tarihsel,wikidata-6360
birim,27020045,Kazıklı Köyü,tarihsel,wikidata-6360
birim,27020046,Kırıkçalı Köyü,tarihsel,wikidata-6360
birim,27020047,Koçcağız Köyü,tarihsel,wikidata-6360
birim,27020048,Köklü Köyü,tarihsel,wikidata-6360
birim,27020049,Kozdere Köyü,tarihsel,wikidata-6360
birim,27020050,Kuşçumustafa Köyü,tarihsel,wikidata-6360
birim,27020051,Ortaklı Köyü,tarihsel,wikidata-6360
birim,27020052,Örtülü Köyü,tarihsel,wikidata-6360
birim,27020054,Şahmaran Köyü,tarihsel,wikidata-6360
birim,27020055,Şerikanlı Köyü,tarihsel,wikidata-6360
birim,27020058,Tandır Köyü,tarihsel,wikidata-6360
birim,27020059,Telli Köyü,tarihsel,wikidata-6360
birim,27020060,Türkbahçe Köyü,tarihsel,wikidata-6360
birim,27020061,Yağızlar Köyü,tarihsel,wikidata-6360
birim,27020062,Yelliburun Köyü,tarihsel,wikidata-6360
birim,27020064,Yeniceli Köyü,tarihsel,wikidata-6360
birim,27020065,Yeniköy Köyü,tarihsel,wikidata-6360
birim,27020066,Yesemek Köyü,tarihsel,wikidata-6360
birim,27020067,Yeşilova Köyü,tarihsel,wikidata-6360
birim,27020069,Yolbaşı Köyü,tarihsel,wikidata-6360
birim,27020071,Zincirli Köyü,tarihsel,wikidata-6360
birim,27030001,Akçaköy Köyü,tarihsel,wikidata-6360
birim,27030002,Alaçalı Köyü,tarihsel,wikidata-6360
birim,27030003,Alagöz Köyü,tarihsel,wikidata-6360
birim,27030004,Arıkdere Köyü,tarihsel,wikidata-6360
birim,27030005,Ayyıldız Köyü,tarihsel,wikidata-6360
birim,27030006,Balaban Köyü,tarihsel,wikidata-6360
birim,27030007,Beşkılıç Köyü,tarihsel,wikidata-6360
birim,27030009,Çiftlik Köyü,tarihsel,wikidata-6360
birim,27030010,Eceler Köyü,tarihsel,wikidata-6360
birim,27030011,Elifoğlu Köyü,tarihsel,wikidata-6360
birim,27030012,Erenyolu Köyü,tarihsel,wikidata-6360
birim,27030014,Gürçay Köyü,tarihsel,wikidata-6360
birim,27030015,Karacurun Köyü,tarihsel,wikidata-6360
birim,27030016,Karanfil Köyü,tarihsel,wikidata-6360
birim,27030018,Kelekli Köyü,tarihsel,wikidata-6360
birim,27030019,Kepirler Köyü,tarihsel,wikidata-6360
birim,27030020,Kıvırcık Köyü,tarihsel,wikidata-6360
birim,27030021,Korkmazlar Köyü,tarihsel,wikidata-6360
birim,27030022,Kuruyazı Köyü,tarihsel,wikidata-6360
birim,27030024,Öncüler Köyü,tarihsel,wikidata-6360
birim,27030025,Örmetaş Köyü,tarihsel,wikidata-6360
birim,27030026,Savaş Köyü,tarihsel,wikidata-6360
birim,27030027,Şenlik Köyü,tarihsel,wikidata-6360
birim,27030028,Soylu Köyü,tarihsel,wikidata-6360
birim,27030029,Subağı Köyü,tarihsel,wikidata-6360
birim,27030030,Teketaşı Köyü,tarihsel,wikidata-6360
birim,27030031,Tosunlu Köyü,tarihsel,wikidata-6360
birim,27030032,Türkyurdu Köyü,tarihsel,wikidata-6360
birim,27030033,Yarımca Köyü,tarihsel,wikidata-6360
birim,27030034,Yaşar Köyü,tarihsel,wikidata-6360
birim,27030035,Yazır Köyü,tarihsel,wikidata-6360
birim,27030036,Yeşerti Köyü,tarihsel,wikidata-6360
birim,27030037,Yolağzı Köyü,tarihsel,wikidata-6360
birim,27030038,Yurtbağı Köyü,tarihsel,wikidata-6360
birim,27030039,Zührecik Köyü,tarihsel,wikidata-6360
birim,27040001,Adaklı Köyü,tarihsel,wikidata-6360
birim,27040003,Akkuyu Köyü,tarihsel,wikidata-6360
birim,27040004,Alahacı Köyü,tarihsel,wikidata-6360
birim,27040005,Altındağ Köyü,tarihsel,wikidata-6360
birim,27040007,Aşağıçardak Köyü,tarihsel,wikidata-6360
birim,27040009,Bağlıca Köyü,tarihsel,wikidata-6360
birim,27040010,Bahçeli Köyü,tarihsel,wikidata-6360
birim,27040011,Ballı Köyü,tarihsel,wikidata-6360
birim,27040014,Boyluca Köyü,tarihsel,wikidata-6360
birim,27040015,Bozalioğlu Köyü,tarihsel,wikidata-6360
birim,27040016,Çakmaktepe Köyü,tarihsel,wikidata-6360
birim,27040018,Çatalca Köyü,tarihsel,wikidata-6360
birim,27040020,Dayıdağı Köyü,tarihsel,wikidata-6360
birim,27040023,Doğrular Köyü,tarihsel,wikidata-6360
birim,27040024,Duraklı Köyü,tarihsel,wikidata-6360
birim,27040025,Dutlu Köyü,tarihsel,wikidata-6360
birim,27040026,Düzbayır Köyü,tarihsel,wikidata-6360
birim,27040035,Gaziler Köyü,tarihsel,wikidata-6360
birim,27040036,Gevence Köyü,tarihsel,wikidata-6360
birim,27040037,Gökçeli Köyü,tarihsel,wikidata-6360
birim,27040039,Gülkaya Köyü,tarihsel,wikidata-6360
birim,27040041,Günaltı Köyü,tarihsel,wikidata-6360
birim,27040042,Gürbaşak Köyü,tarihsel,wikidata-6360
birim,27040045,Hancağız Köyü,tarihsel,wikidata-6360
birim,27040046,Hazımoğlu Köyü,tarihsel,wikidata-6360
birim,27040047,İkizce Köyü,tarihsel,wikidata-6360
birim,27040048,İntepe Köyü,tarihsel,wikidata-6360
birim,27040051,Kaleköy Köyü,tarihsel,wikidata-6360
birim,27040052,Kamışlı Köyü,tarihsel,wikidata-6360
birim,27040053,Karaburç Köyü,tarihsel,wikidata-6360
birim,27040055,Kayalar Köyü,tarihsel,wikidata-6360
birim,27040056,Keklik Köyü,tarihsel,wikidata-6360
birim,27040057,Kesiktaş Köyü,tarihsel,wikidata-6360
birim,27040059,Kıraçgülü Köyü,tarihsel,wikidata-6360
birim,27040060,Kıratlı Köyü,tarihsel,wikidata-6360
birim,27040062,Kızılin Köyü,tarihsel,wikidata-6360
birim,27040064,Korucak Köyü,tarihsel,wikidata-6360
birim,27040065,Köseler Köyü,tarihsel,wikidata-6360
birim,27040066,Kumla Köyü,tarihsel,wikidata-6360
birim,27040068,Mağaracık Köyü,tarihsel,wikidata-6360
birim,27040069,Mehmetobası Köyü,tarihsel,wikidata-6360
birim,27040071,Mercanlı Köyü,tarihsel,wikidata-6360
birim,27040073,Mihrap Köyü,tarihsel,wikidata-6360
birim,27040075,Nahırtepe Köyü,tarihsel,wikidata-6360
birim,27040077,Özyurt Köyü,tarihsel,wikidata-6360
birim,27040082,Samandöken Köyü,tarihsel,wikidata-6360
birim,27040083,Samanlı Köyü,tarihsel,wikidata-6360
birim,27040084,Saray Köyü,tarihsel,wikidata-6360
birim,27040085,Sarıkoç Köyü,tarihsel,wikidata-6360
birim,27040089,Suboyu Köyü,tarihsel,wikidata-6360
birim,27040096,Tuluktaş Köyü,tarihsel,wikidata-6360
birim,27040100,Yağcılar Köyü,tarihsel,wikidata-6360
birim,27040102,Yarımtepe Köyü,tarihsel,wikidata-6360
birim,27040106,Yolçatı Köyü,tarihsel,wikidata-6360
birim,27040107,Yukarıbayındır Köyü,tarihsel,wikidata-6360
birim,27040108,Yukarıçardak Köyü,tarihsel,wikidata-6360
birim,27050002,Altınova Köyü,tarihsel,wikidata-6360
birim,27050004,Ataköy Köyü,tarihsel,wikidata-6360
birim,27050006,Atmalı Köyü,tarihsel,wikidata-6360
birim,27050007,Bademli Köyü,tarihsel,wikidata-6360
birim,27050009,Balıkalan Köyü,tarihsel,wikidata-6360
birim,27050010,Başpınar Köyü,tarihsel,wikidata-6360
birim,27050012,Çakmak Köyü,tarihsel,wikidata-6360
birim,27050013,Demirler Köyü,tarihsel,wikidata-6360
birim,27050014,Durmuşlar Köyü,tarihsel,wikidata-6360
birim,27050015,Emirler Köyü,tarihsel,wikidata-6360
birim,27050018,Gedikli Köyü,tarihsel,wikidata-6360
birim,27050019,Gökçedere Köyü,tarihsel,wikidata-6360
birim,27050020,Gözlühüyük Köyü,tarihsel,wikidata-6360
birim,27050021,Hamidiye Köyü,tarihsel,wikidata-6360
birim,27050023,İçerisu Köyü,tarihsel,wikidata-6360
birim,27050024,İkizkuyu Köyü,tarihsel,wikidata-6360
birim,27050025,İncegedik Köyü,tarihsel,wikidata-6360
birim,27050026,İncirli Köyü,tarihsel,wikidata-6360
birim,27050027,Karaburçlu Köyü,tarihsel,wikidata-6360
birim,27050028,Kartal Köyü,tarihsel,wikidata-6360
birim,27050029,Kırışkal Köyü,tarihsel,wikidata-6360
birim,27050030,Kırkpınar Köyü,tarihsel,wikidata-6360
birim,27050031,Kömürler Köyü,tarihsel,wikidata-6360
birim,27050033,Kuzoluk Köyü,tarihsel,wikidata-6360
birim,27050035,Mesthüyük Köyü,tarihsel,wikidata-6360
birim,27050036,Naimler Köyü,tarihsel,wikidata-6360
birim,27050037,Nogaylar Köyü,tarihsel,wikidata-6360
birim,27050038,Olucak Köyü,tarihsel,wikidata-6360
birim,27050042,Tandırlı Köyü,tarihsel,wikidata-6360
birim,27050043,Terken Köyü,tarihsel,wikidata-6360
birim,27050044,Torunlar Köyü,tarihsel,wikidata-6360
birim,27050045,Tüllüce Köyü,tarihsel,wikidata-6360
birim,27060001,Acer Köyü,tarihsel,wikidata-6360
birim,27060002,Akçamezra Köyü,tarihsel,wikidata-6360
birim,27060003,Altınyurt Köyü,tarihsel,wikidata-6360
birim,27060004,Ambarcık Köyü,tarihsel,wikidata-6360
birim,27060005,Arslanlı Köyü,tarihsel,wikidata-6360
birim,27060006,Aşağı Güneyse Köyü,tarihsel,wikidata-6360
birim,27060007,Aşağı Yeniyapan Köyü,tarihsel,wikidata-6360
birim,27060008,Asmacık Köyü,tarihsel,wikidata-6360
birim,27060009,Aydınkaya Köyü,tarihsel,wikidata-6360
birim,27060011,Beşdeli Köyü,tarihsel,wikidata-6360
birim,27060013,Büyükkaracaviran Köyü,tarihsel,wikidata-6360
birim,27060014,Çatalçam Köyü,tarihsel,wikidata-6360
birim,27060015,Çatalsu Köyü,tarihsel,wikidata-6360
birim,27060016,Çavuşbaşı Köyü,tarihsel,wikidata-6360
birim,27060017,Çaybaşı Köyü,tarihsel,wikidata-6360
birim,27060018,Çaybeyi Köyü,tarihsel,wikidata-6360
birim,27060019,Cumhuriyet Köyü,tarihsel,wikidata-6360
birim,27060020,Demirkonak Köyü,tarihsel,wikidata-6360
birim,27060021,Dero Küçükkaracaviran Köyü,tarihsel,wikidata-6360
birim,27060022,Devehüyüğü Köyü,tarihsel,wikidata-6360
birim,27060023,Dibecik Köyü,tarihsel,wikidata-6360
birim,27060024,Dikmetaş Köyü,tarihsel,wikidata-6360
birim,27060025,Direkli Köyü,tarihsel,wikidata-6360
birim,27060026,Doğanpınar Köyü,tarihsel,wikidata-6360
birim,27060027,Dokuzyol Köyü,tarihsel,wikidata-6360
birim,27060028,Duruköy Köyü,tarihsel,wikidata-6360
birim,27060029,Dutluca Köyü,tarihsel,wikidata-6360
birim,27060030,Ekinveren Köyü,tarihsel,wikidata-6360
birim,27060031,Ermiş Köyü,tarihsel,wikidata-6360
birim,27060033,Gebe Köyü,tarihsel,wikidata-6360
birim,27060034,Gedik Köyü,tarihsel,wikidata-6360
birim,27060036,Gündoğan Köyü,tarihsel,wikidata-6360
birim,27060037,Yeşildere,semt,ptt-semt
birim,27060038,Güveçli Köyü,tarihsel,wikidata-6360
birim,27060039,Güzelce Köyü,tarihsel,wikidata-6360
birim,27060041,Hatunlu Köyü,tarihsel,wikidata-6360
birim,27060042,Hötoğlu Köyü,tarihsel,wikidata-6360
birim,27060044,İkizkuyu Köyü,tarihsel,wikidata-6360
birim,27060045,İnceyol Köyü,tarihsel,wikidata-6360
birim,27060046,İnkılap Köyü,tarihsel,wikidata-6360
birim,27060048,Kabacaağaç Köyü,tarihsel,wikidata-6360
birim,27060049,Karaburun Köyü,tarihsel,wikidata-6360
birim,27060050,Karadibek Köyü,tarihsel,wikidata-6360
birim,27060051,Karaman Köyü,tarihsel,wikidata-6360
birim,27060052,Karataş Köyü,tarihsel,wikidata-6360
birim,27060053,Kaşyolu Köyü,tarihsel,wikidata-6360
birim,27060054,Kavunluk Köyü,tarihsel,wikidata-6360
birim,27060055,Kayacık Köyü,tarihsel,wikidata-6360
birim,27060056,Kayalıpınar Köyü,tarihsel,wikidata-6360
birim,27060057,Keçikuyusu Köyü,tarihsel,wikidata-6360
birim,27060058,Keçili Köyü,tarihsel,wikidata-6360
birim,27060059,Kersentaş Köyü,tarihsel,wikidata-6360
birim,27060060,Kılavuz Köyü,tarihsel,wikidata-6360
birim,27060061,Koçaklar Köyü,tarihsel,wikidata-6360
birim,27060063,Kovanlı Köyü,tarihsel,wikidata-6360
birim,27060065,Kuruçay Köyü,tarihsel,wikidata-6360
birim,27060069,Sazgın Köyü,tarihsel,wikidata-6360
birim,27060070,Sergili Köyü,tarihsel,wikidata-6360
birim,27060071,Sevindi Köyü,tarihsel,wikidata-6360
birim,27060072,Şıh Küçükkaracaviran Köyü,tarihsel,wikidata-6360
birim,27060074,Sütlüce Köyü,tarihsel,wikidata-6360
birim,27060075,Taşçanak Köyü,tarihsel,wikidata-6360
birim,27060076,Taşlı Köyü,tarihsel,wikidata-6360
birim,27060077,Taşyazı Köyü,tarihsel,wikidata-6360
birim,27060078,Tınazdere Köyü,tarihsel,wikidata-6360
birim,27060079,Tüzel Köyü,tarihsel,wikidata-6360
birim,27060080,Üçdamlar Köyü,tarihsel,wikidata-6360
birim,27060081,Üçkubbe Köyü,tarihsel,wikidata-6360
birim,27060082,Uğurova Köyü,tarihsel,wikidata-6360
birim,27060083,Ulaşlı Köyü,tarihsel,wikidata-6360
birim,27060084,Yakacık Köyü,tarihsel,wikidata-6360
birim,27060085,Yalnızbağ Köyü,tarihsel,wikidata-6360
birim,27060086,Yazılı Köyü,tarihsel,wikidata-6360
birim,27060088,Yeniköy Köyü,tarihsel,wikidata-6360
birim,27060090,Yeşiltepe Köyü,tarihsel,wikidata-6360
birim,27060091,Yukarıgüneyse Köyü,tarihsel,wikidata-6360
birim,27070006,Akbayır Köyü,tarihsel,wikidata-6360
birim,27070007,Akbulut Köyü,tarihsel,wikidata-6360
birim,27070010,Akpınar Köyü,tarihsel,wikidata-6360
birim,27070011,Akyazı Köyü,tarihsel,wikidata-6360
birim,27070016,Almalı Köyü,tarihsel,wikidata-6360
birim,27070018,Bağlarbaşı Köyü,tarihsel,wikidata-6360
birim,27070022,Bayramlı Köyü,tarihsel,wikidata-6360
birim,27070023,Tabakhane,semt,ptt-semt
birim,27070024,Bekişli Köyü,tarihsel,wikidata-6360
birim,27070025,Belenköy Köyü,tarihsel,wikidata-6360
birim,27070026,Beşkuyu Köyü,tarihsel,wikidata-6360
birim,27070033,Tabakhane,semt,ptt-semt
birim,27070034,Bostancık Köyü,tarihsel,wikidata-6360
birim,27070035,Tabakhane,semt,ptt-semt
birim,27070036,Bozca Köyü,tarihsel,wikidata-6360
birim,27070040,Burç Karakuyu Köyü,tarihsel,wikidata-6360
birim,27070041,Tabakhane,semt,ptt-semt
birim,27070045,Çapalı Köyü,tarihsel,wikidata-6360
birim,27070046,Cebeler Köyü,tarihsel,wikidata-6360
birim,27070050,Çevreli Köyü,tarihsel,wikidata-6360
birim,27070051,Çimenli Köyü,tarihsel,wikidata-6360
birim,27070052,Çöreklik Köyü,tarihsel,wikidata-6360
birim,27070053,Çubukdiken Köyü,tarihsel,wikidata-6360
birim,27070055,Damlacık Köyü,tarihsel,wikidata-6360
birim,27070057,Deredüzü Köyü,tarihsel,wikidata-6360
birim,27070058,Doğanca Köyü,tarihsel,wikidata-6360
birim,27070059,Dokur Köyü,tarihsel,wikidata-6360
birim,27070061,Durantaş Köyü,tarihsel,wikidata-6360
birim,27070063,Ekinli Köyü,tarihsel,wikidata-6360
birim,27070071,Geneyik Köyü,tarihsel,wikidata-6360
birim,27070072,Gerciğin Köyü,tarihsel,wikidata-6360
birim,27070074,Güllüce Köyü,tarihsel,wikidata-6360
birim,27070075,Gülpınar Köyü,tarihsel,wikidata-6360
birim,27070080,Hacıarslan Köyü,tarihsel,wikidata-6360
birim,27070081,Hacıköprü Köyü,tarihsel,wikidata-6360
birim,27070082,Hacıköy Köyü,tarihsel,wikidata-6360
birim,27070087,Kabarcık Köyü,tarihsel,wikidata-6360
birim,27070090,Kaleboynu Köyü,tarihsel,wikidata-6360
birim,27070091,Tabakhane,semt,ptt-semt
birim,27070092,Kapçağız Köyü,tarihsel,wikidata-6360
birim,27070093,Karaçomak Köyü,tarihsel,wikidata-6360
birim,27070094,Tabakhane,semt,ptt-semt
birim,27070099,Kavşak Köyü,tarihsel,wikidata-6360
birim,27070100,Kayakent Köyü,tarihsel,wikidata-6360
birim,27070101,Kazıklı Köyü,tarihsel,wikidata-6360
birim,27070102,Tabakhane,semt,ptt-semt
birim,27070103,Kerer Köyü,tarihsel,wikidata-6360
birim,27070106,Killik Köyü,tarihsel,wikidata-6360
birim,27070110,Tabakhane,semt,ptt-semt
birim,27070111,Küçükkızılhisar Köyü,tarihsel,wikidata-6360
birim,27070112,Külecik Köyü,tarihsel,wikidata-6360
birim,27070113,Kumruhamurkesen Köyü,tarihsel,wikidata-6360
birim,27070115,Kürüm Köyü,tarihsel,wikidata-6360
birim,27070116,Kuşçu Köyü,tarihsel,wikidata-6360
birim,27070120,Morcalı Köyü,tarihsel,wikidata-6360
birim,27070121,Muhacirosman Köyü,tarihsel,wikidata-6360
birim,27070122,Narlıca Köyü,tarihsel,wikidata-6360
birim,27070128,Ortaklar Köyü,tarihsel,wikidata-6360
birim,27070129,Osmanlı Köyü,tarihsel,wikidata-6360
birim,27070130,Ozanlı Köyü,tarihsel,wikidata-6360
birim,27070131,Pancarlı Köyü,tarihsel,wikidata-6360
birim,27070134,Şahinbey Mülk Köyü,tarihsel,wikidata-6360
birim,27070138,Sarıbaşak Köyü,tarihsel,wikidata-6360
birim,27070139,Sarıkaya Köyü,tarihsel,wikidata-6360
birim,27070140,Sarısalkım Köyü,tarihsel,wikidata-6360
birim,27070141,Sarıt Köyü,tarihsel,wikidata-6360
birim,27070143,Tabakhane,semt,ptt-semt
birim,27070144,Tabakhane,semt,ptt-semt
birim,27070147,Serince Köyü,tarihsel,wikidata-6360
birim,27070149,Sırasöğüt Köyü,tarihsel,wikidata-6360
birim,27070151,Tabakhane,semt,ptt-semt
birim,27070153,Tabakhane,semt,ptt-semt
birim,27070154,Tiyekli Köyü,tarihsel,wikidata-6360
birim,27070155,Töreli Köyü,tarihsel,wikidata-6360
birim,27070158,Türközü Köyü,tarihsel,wikidata-6360
birim,27070159,Tabakhane,semt,ptt-semt
birim,27070161,Ufacık Köyü,tarihsel,wikidata-6360
birim,27070162,Uğurtepe Köyü,tarihsel,wikidata-6360
birim,27070166,Yağdöver Köyü,tarihsel,wikidata-6360
birim,27070167,Yamaçtepe Köyü,tarihsel,wikidata-6360
birim,27070169,Yaycı Köyü,tarihsel,wikidata-6360
birim,27070170,Yaylacık Köyü,tarihsel,wikidata-6360
birim,27070171,Yazıbağı Köyü,tarihsel,wikidata-6360
birim,27070172,Tabakhane,semt,ptt-semt
birim,27070174,Yeniköy Köyü,tarihsel,wikidata-6360
birim,27070176,Yeşilkent Köyü,tarihsel,wikidata-6360
birim,27070177,Yeşilköy Köyü,tarihsel,wikidata-6360
birim,27070180,Yığmatepe Köyü,tarihsel,wikidata-6360
birim,27070181,Yoğuntaş Köyü,tarihsel,wikidata-6360
birim,27070183,Zeytinli Köyü,tarihsel,wikidata-6360
birim,27080003,Merve,semt,ptt-semt
birim,27080005,Ağaçlıboyno Köyü,tarihsel,wikidata-6360
birim,27080006,Akçaburç Köyü,tarihsel,wikidata-6360
birim,27080007,Akçagöze Köyü,tarihsel,wikidata-6360
birim,27080010,Merve,semt,ptt-semt
birim,27080012,Atabek Köyü,tarihsel,wikidata-6360
birim,27080014,Atalar Köyü,tarihsel,wikidata-6360
birim,27080018,Bağbaşı Köyü,tarihsel,wikidata-6360
birim,27080020,Battal Köyü,tarihsel,wikidata-6360
birim,27080021,Bayatlı Köyü,tarihsel,wikidata-6360
birim,27080025,Beylerbeyi Köyü,tarihsel,wikidata-6360
birim,27080025,Merve,semt,ptt-semt
birim,27080026,Beyreli Köyü,tarihsel,wikidata-6360
birim,27080027,Bilek Köyü,tarihsel,wikidata-6360
birim,27080029,Bozobası Köyü,tarihsel,wikidata-6360
birim,27080031,Büyükpınar Köyü,tarihsel,wikidata-6360
birim,27080032,Çağkuyu Köyü,tarihsel,wikidata-6360
birim,27080036,Cerityeniyapan Köyü,tarihsel,wikidata-6360
birim,27080039,Dımışkılı Köyü,tarihsel,wikidata-6360
birim,27080040,Dülük Köyü,tarihsel,wikidata-6360
birim,27080042,Dündarlı Köyü,tarihsel,wikidata-6360
birim,27080043,Durnalık Köyü,tarihsel,wikidata-6360
birim,27080045,Erikli Köyü,tarihsel,wikidata-6360
birim,27080046,Eskişarkaya Köyü,tarihsel,wikidata-6360
birim,27080048,Merve,semt,ptt-semt
birim,27080050,Merve,semt,ptt-semt
birim,27080055,Göksüncük Köyü,tarihsel,wikidata-6360
birim,27080059,Günbulur Köyü,tarihsel,wikidata-6360
birim,27080060,Güngürge Köyü,tarihsel,wikidata-6360
birim,27080067,İbrahimli Köyü,tarihsel,wikidata-6360
birim,27080068,İbrahimşehir Köyü,tarihsel,wikidata-6360
birim,27080069,İncesu Köyü,tarihsel,wikidata-6360
birim,27080072,Işıklı Köyü,tarihsel,wikidata-6360
birim,27080073,İskenderli Köyü,tarihsel,wikidata-6360
birim,27080074,Kabasakız Köyü,tarihsel,wikidata-6360
birim,27080075,Merve,semt,ptt-semt
birim,27080076,Karacaburç Köyü,tarihsel,wikidata-6360
birim,27080077,Merve,semt,ptt-semt
birim,27080078,Karacaören Köyü,tarihsel,wikidata-6360
birim,27080079,Karadede Köyü,tarihsel,wikidata-6360
birim,27080081,Karakesek Köyü,tarihsel,wikidata-6360
birim,27080083,Karayusuflu Köyü,tarihsel,wikidata-6360
birim,27080084,Karpuzkaya Köyü,tarihsel,wikidata-6360
birim,27080087,Kızık Karasakal Köyü,tarihsel,wikidata-6360
birim,27080088,Kızıkhamurkesen Köyü,tarihsel,wikidata-6360
birim,27080090,Koçlu Köyü,tarihsel,wikidata-6360
birim,27080091,Köksalan Köyü,tarihsel,wikidata-6360
birim,27080092,Kozluyazı Köyü,tarihsel,wikidata-6360
birim,27080093,Küllü Köyü,tarihsel,wikidata-6360
birim,27080094,Medegöz Köyü,tarihsel,wikidata-6360
birim,27080095,Merve,semt,ptt-semt
birim,27080096,Merve,semt,ptt-semt
birim,27080102,Öğümsöğüt Köyü,tarihsel,wikidata-6360
birim,27080103,Merve,semt,ptt-semt
birim,27080105,Övündük Köyü,tarihsel,wikidata-6360
birim,27080110,Sam Köyü,tarihsel,wikidata-6360
birim,27080111,Küsget,semt,ptt-semt
birim,27080114,Sarılar Köyü,tarihsel,wikidata-6360
birim,27080118,Merve,semt,ptt-semt
birim,27080119,Serintepe Köyü,tarihsel,wikidata-6360
birim,27080120,Seymenli Köyü,tarihsel,wikidata-6360
birim,27080122,Sinan Köyü,tarihsel,wikidata-6360
birim,27080124,Sofalıcı Köyü,tarihsel,wikidata-6360
birim,27080125,Suboğaz Köyü,tarihsel,wikidata-6360
birim,27080126,Sülüklü Köyü,tarihsel,wikidata-6360
birim,27080127,Taşlıca Köyü,tarihsel,wikidata-6360
birim,27080128,Tekirsin Köyü,tarihsel,wikidata-6360
birim,27080129,Tokdemir Köyü,tarihsel,wikidata-6360
birim,27080130,Tuğlu Köyü,tarihsel,wikidata-6360
birim,27080131,Türkyurdu Köyü,tarihsel,wikidata-6360
birim,27080132,Üçgöze Köyü,tarihsel,wikidata-6360
birim,27080133,Uğruca Köyü,tarihsel,wikidata-6360
birim,27080134,Ülkerli Köyü,tarihsel,wikidata-6360
birim,27080136,Yalankoz Köyü,tarihsel,wikidata-6360
birim,27080137,Yamaçoba Köyü,tarihsel,wikidata-6360
birim,27080139,Yayıktaş Köyü,tarihsel,wikidata-6360
birim,27080141,Yenişarkaya Köyü,tarihsel,wikidata-6360
birim,27080142,Yeşilce Köyü,tarihsel,wikidata-6360
birim,27080143,Yığınlı Köyü,tarihsel,wikidata-6360
birim,27080147,Zülfikar Köyü,tarihsel,wikidata-6360
birim,27090001,Akbayır Köyü,tarihsel,wikidata-6360
birim,27090005,Bağtepe Köyü,tarihsel,wikidata-6360
birim,27090006,Bakırca Köyü,tarihsel,wikidata-6360
birim,27090007,Ballık Köyü,tarihsel,wikidata-6360
birim,27090008,Beğendik Köyü,tarihsel,wikidata-6360
birim,27090010,Büyükkarakuyu Köyü,tarihsel,wikidata-6360
birim,27090011,Çiltoprak Köyü,tarihsel,wikidata-6360
birim,27090012,Çimenli Köyü,tarihsel,wikidata-6360
birim,27090015,Değirmitaş Köyü,tarihsel,wikidata-6360
birim,27090016,Düzce Köyü,tarihsel,wikidata-6360
birim,27090019,Gülpınar Köyü,tarihsel,wikidata-6360
birim,27090020,Hacımallı Köyü,tarihsel,wikidata-6360
birim,27090023,Ilıcak Köyü,tarihsel,wikidata-6360
birim,27090024,Karabey Köyü,tarihsel,wikidata-6360
birim,27090025,Karahan Köyü,tarihsel,wikidata-6360
birim,27090026,Karahüseyinli Köyü,tarihsel,wikidata-6360
birim,27090027,Kasaba Köyü,tarihsel,wikidata-6360
birim,27090028,Keşrobası Köyü,tarihsel,wikidata-6360
birim,27090029,Küçükkarakuyu Köyü,tarihsel,wikidata-6360
birim,27090030,Kuzuyatağı Köyü,tarihsel,wikidata-6360
birim,27090031,Örenli Köyü,tarihsel,wikidata-6360
birim,27090032,Saraymağara Köyü,tarihsel,wikidata-6360
birim,27090033,Sarıbuğday Köyü,tarihsel,wikidata-6360
birim,27090036,Süleymanobası Köyü,tarihsel,wikidata-6360
birim,27090038,Tokaçlı Köyü,tarihsel,wikidata-6360
birim,27090039,Üçgöl Köyü,tarihsel,wikidata-6360
birim,27090042,Yöreli Köyü,tarihsel,wikidata-6360
birim,27090043,Yukarıkekliktepe Köyü,tarihsel,wikidata-6360
birim,27090044,Yukarıyeniköy Köyü,tarihsel,wikidata-6360
birim,28020002,Ahurlu Köyü,tarihsel,wikidata-6360
birim,28020003,Arifli Köyü,tarihsel,wikidata-6360
birim,28020008,Derecikalan Köyü,tarihsel,wikidata-6360
birim,28020023,Sofulu Köyü,tarihsel,wikidata-6360
birim,28120002,Aydınlar Köyü,tarihsel,wikidata-6360
birim,28120003,Çağlayan Köyü,tarihsel,wikidata-6360
birim,28120004,Çaykara Köyü,tarihsel,wikidata-6360
birim,28120006,Batlama,semt,ptt-semt
birim,28120008,Demirci Köyü,tarihsel,wikidata-6360
birim,28120009,Batlama,semt,ptt-semt
birim,28120010,Batlama,semt,ptt-semt
birim,28120011,Batlama,semt,ptt-semt
birim,28120014,Batlama,semt,ptt-semt
birim,28120016,Batlama,semt,ptt-semt
birim,28120017,Batlama,semt,ptt-semt
birim,28120024,Küçükköy Köyü,tarihsel,wikidata-6360
birim,28120025,Batlama,semt,ptt-semt
birim,28120028,Batlama,semt,ptt-semt
birim,28120029,Batlama,semt,ptt-semt
birim,28120031,Tekke Köyü,tarihsel,wikidata-6360
birim,28120032,Batlama,semt,ptt-semt
birim,28120033,Batlama,semt,ptt-semt
birim,28160010,Kurucalı Köyü,tarihsel,wikidata-6360
birim,29040002,Gümüşhane,semt,ptt-semt
birim,29040003,Gümüşhane,semt,ptt-semt
birim,29040004,Gümüşhane,semt,ptt-semt
birim,29040007,Gümüşhane,semt,ptt-semt
birim,29040010,Gümüşhane,semt,ptt-semt
birim,29040011,Gümüşhane,semt,ptt-semt
birim,29040012,Gümüşhane,semt,ptt-semt
birim,29040013,Gümüşhane,semt,ptt-semt
birim,29040014,Gümüşhane,semt,ptt-semt
birim,29040016,Gümüşhane,semt,ptt-semt
birim,29040018,Gümüşhane,semt,ptt-semt
birim,29040019,Gümüşhane,semt,ptt-semt
birim,29040020,Gümüşhane,semt,ptt-semt
birim,29050001,Akyayla Köyü,tarihsel,wikidata-6360
birim,29050002,Beydere Köyü,tarihsel,wikidata-6360
birim,29050003,Bilgili Köyü,tarihsel,wikidata-6360
birim,29050007,Konaklı Köyü,tarihsel,wikidata-6360
birim,29050009,Örenkale Köyü,tarihsel,wikidata-6360
birim,30030001,Hakkari,semt,ptt-semt
birim,30030003,Hakkari,semt,ptt-semt
birim,30030005,Hakkari,semt,ptt-semt
birim,30030006,Hakkari,semt,ptt-semt
birim,30030009,Hakkari,semt,ptt-semt
birim,30030010,Hakkari,semt,ptt-semt
birim,30030011,Hakkari,semt,ptt-semt
birim,30030012,Hakkari,semt,ptt-semt
birim,30030013,Hakkari,semt,ptt-semt
birim,30030014,Hakkari,semt,ptt-semt
birim,30030016,Hakkari,semt,ptt-semt
birim,30030017,Hakkari,semt,ptt-semt
birim,30030018,Hakkari,semt,ptt-semt
birim,30030020,Hakkari,semt,ptt-semt
birim,30030021,Hakkari,semt,ptt-semt
birim,31010001,Akamber Köyü,tarihsel,wikidata-6360
birim,31010002,Akdarı Köyü,tarihsel,wikidata-6360
birim,31010003,Alakent Köyü,tarihsel,wikidata-6360
birim,31010005,Atayurdu Köyü,tarihsel,wikidata-6360
birim,31010006,Avuttepe Köyü,tarihsel,wikidata-6360
birim,31010007,Babatorun Köyü,tarihsel,wikidata-6360
birim,31010008,Boynuyoğun Köyü,tarihsel,wikidata-6360
birim,31010009,Büyükburç Köyü,tarihsel,wikidata-6360
birim,31010010,Çetenli Köyü,tarihsel,wikidata-6360
birim,31010011,Dokuzdal Köyü,tarihsel,wikidata-6360
birim,31010012,Enek Köyü,tarihsel,wikidata-6360
birim,31010013,Erbaşı Köyü,tarihsel,wikidata-6360
birim,31010015,Gözecik Köyü,tarihsel,wikidata-6360
birim,31010016,Günvuran Köyü,tarihsel,wikidata-6360
birim,31010018,Hanyolu Köyü,tarihsel,wikidata-6360
birim,31010019,Kamberli Köyü,tarihsel,wikidata-6360
birim,31010020,Kansu Köyü,tarihsel,wikidata-6360
birim,31010022,Karsu Köyü,tarihsel,wikidata-6360
birim,31010023,Kazancık Köyü,tarihsel,wikidata-6360
birim,31010024,Keskincik Köyü,tarihsel,wikidata-6360
birim,31010025,Kılıçtutan Köyü,tarihsel,wikidata-6360
birim,31010026,Kıyıgören Köyü,tarihsel,wikidata-6360
birim,31010027,Kolcular Köyü,tarihsel,wikidata-6360
birim,31010028,Kozkalesi Köyü,tarihsel,wikidata-6360
birim,31010029,Kurtmezraası Köyü,tarihsel,wikidata-6360
birim,31010030,Mayadalı Köyü,tarihsel,wikidata-6360
birim,31010031,Oymaklı Köyü,tarihsel,wikidata-6360
birim,31010032,Sarıbük Köyü,tarihsel,wikidata-6360
birim,31010034,Seferli Köyü,tarihsel,wikidata-6360
birim,31010035,Sivrikavak Köyü,tarihsel,wikidata-6360
birim,31010036,Sofular Köyü,tarihsel,wikidata-6360
birim,31010037,Tepehan Köyü,tarihsel,wikidata-6360
birim,31010038,Tokaçlı Köyü,tarihsel,wikidata-6360
birim,31010039,Tokdemir Köyü,tarihsel,wikidata-6360
birim,31010040,Toprakhisar Köyü,tarihsel,wikidata-6360
birim,31010041,Türkmenmezraası Köyü,tarihsel,wikidata-6360
birim,31010042,Yanıkpınar Köyü,tarihsel,wikidata-6360
birim,31010043,Yarseli Köyü,tarihsel,wikidata-6360
birim,31010044,Yenihisar Köyü,tarihsel,wikidata-6360
birim,31010046,Yolağzı Köyü,tarihsel,wikidata-6360
birim,31010047,Yunushanı Köyü,tarihsel,wikidata-6360
birim,31010048,Ziyaret Köyü,tarihsel,wikidata-6360
birim,31020001,Açıkdere Köyü,tarihsel,wikidata-6360
birim,31020002,Kanatlı,semt,ptt-semt
birim,31020003,Akçaova Köyü,tarihsel,wikidata-6360
birim,31020004,Akcurun Köyü,tarihsel,wikidata-6360
birim,31020005,Kanatlı,semt,ptt-semt
birim,31020007,Kanatlı,semt,ptt-semt
birim,31020008,Alaattin Köyü,tarihsel,wikidata-6360
birim,31020009,Alahan Köyü,tarihsel,wikidata-6360
birim,31020010,Alazı Köyü,tarihsel,wikidata-6360
birim,31020012,Anayazı Köyü,tarihsel,wikidata-6360
birim,31020013,Apaydın Köyü,tarihsel,wikidata-6360
birim,31020014,Arpahan Köyü,tarihsel,wikidata-6360
birim,31020015,Aşağıoba Köyü,tarihsel,wikidata-6360
birim,31020021,Bitiren Köyü,tarihsel,wikidata-6360
birim,31020022,Bohşin Köyü,tarihsel,wikidata-6360
birim,31020023,Bozhöyük Köyü,tarihsel,wikidata-6360
birim,31020024,Büyükdalyan Köyü,tarihsel,wikidata-6360
birim,31020025,Kanatlı,semt,ptt-semt
birim,31020027,Demirköprü Köyü,tarihsel,wikidata-6360
birim,31020028,Derince Köyü,tarihsel,wikidata-6360
birim,31020029,Dikmece Köyü,tarihsel,wikidata-6360
birim,31020032,Kanatlı,semt,ptt-semt
birim,31020039,Kanatlı,semt,ptt-semt
birim,31020040,Gökçegöz Köyü,tarihsel,wikidata-6360
birim,31020041,Gülderen Köyü,tarihsel,wikidata-6360
birim,31020043,Günyazı Köyü,tarihsel,wikidata-6360
birim,31020048,Hasanlı Köyü,tarihsel,wikidata-6360
birim,31020056,Kisecik Köyü,tarihsel,wikidata-6360
birim,31020060,Kuruyer Köyü,tarihsel,wikidata-6360
birim,31020062,Kanatlı,semt,ptt-semt
birim,31020063,Madenboyu Köyü,tarihsel,wikidata-6360
birim,31020064,Mansurlu Köyü,tarihsel,wikidata-6360
birim,31020065,Maraşboğazı Köyü,tarihsel,wikidata-6360
birim,31020067,Melekli Köyü,tarihsel,wikidata-6360
birim,31020070,Kanatlı,semt,ptt-semt
birim,31020071,Oğlakören Köyü,tarihsel,wikidata-6360
birim,31020074,Paşaköy Köyü,tarihsel,wikidata-6360
birim,31020075,Saçaklı Köyü,tarihsel,wikidata-6360
birim,31020076,Saraycık Köyü,tarihsel,wikidata-6360
birim,31020077,Kanatlı,semt,ptt-semt
birim,31020083,Suvatlı Köyü,tarihsel,wikidata-6360
birim,31020084,Tahtaköprü Köyü,tarihsel,wikidata-6360
birim,31020085,Tanışma Köyü,tarihsel,wikidata-6360
birim,31020086,Üçgedik Köyü,tarihsel,wikidata-6360
birim,31020088,Kanatlı,semt,ptt-semt
birim,31020089,Üzümdalı Köyü,tarihsel,wikidata-6360
birim,31020090,Uzunaliç Köyü,tarihsel,wikidata-6360
birim,31020091,Yaylacık Köyü,tarihsel,wikidata-6360
birim,31020093,Yeşilova Köyü,tarihsel,wikidata-6360
birim,31020095,Zülüflühan Köyü,tarihsel,wikidata-6360
birim,31030003,Arpaderesi Köyü,tarihsel,wikidata-6360
birim,31030003,Karaağaç,semt,ptt-semt
birim,31030004,Arpagedik Köyü,tarihsel,wikidata-6360
birim,31030005,Aşağı Kepirce Köyü,tarihsel,wikidata-6360
birim,31030006,Avcılarsuyu Köyü,tarihsel,wikidata-6360
birim,31030007,Beyköyü Köyü,tarihsel,wikidata-6360
birim,31030009,Derekuyu Köyü,tarihsel,wikidata-6360
birim,31030012,Gülcihan Köyü,tarihsel,wikidata-6360
birim,31030013,Hacıahmetli Köyü,tarihsel,wikidata-6360
birim,31030014,Harlısu Köyü,tarihsel,wikidata-6360
birim,31030014,Karaağaç,semt,ptt-semt
birim,31030015,Haymaseki Köyü,tarihsel,wikidata-6360
birim,31030016,Helvalı Köyü,tarihsel,wikidata-6360
birim,31030017,Hüyük Köyü,tarihsel,wikidata-6360
birim,31030018,Işıklı Köyü,tarihsel,wikidata-6360
birim,31030019,Kale Köyü,tarihsel,wikidata-6360
birim,31030020,Karaağaç,semt,ptt-semt
birim,31030021,Karaağaç,semt,ptt-semt
birim,31030022,Karaağaç,semt,ptt-semt
birim,31030023,Karaağaç,semt,ptt-semt
birim,31030024,Karagöz Köyü,tarihsel,wikidata-6360
birim,31030025,Karaağaç,semt,ptt-semt
birim,31030025,Karahüseyinli Köyü,tarihsel,wikidata-6360
birim,31030026,Karaağaç,semt,ptt-semt
birim,31030026,Kışla Köyü,tarihsel,wikidata-6360
birim,31030027,Konacık Köyü,tarihsel,wikidata-6360
birim,31030028,Karaağaç,semt,ptt-semt
birim,31030028,Kozaklı Köyü,tarihsel,wikidata-6360
birim,31030029,Kurtbağı Köyü,tarihsel,wikidata-6360
birim,31030031,Karaağaç,semt,ptt-semt
birim,31030032,Karaağaç,semt,ptt-semt
birim,31030032,Nergizlik Köyü,tarihsel,wikidata-6360
birim,31030033,Pirinçlik Köyü,tarihsel,wikidata-6360
birim,31030034,Tatarlı Köyü,tarihsel,wikidata-6360
birim,31030035,Tülek Köyü,tarihsel,wikidata-6360
birim,31030038,Yukarıkepirce Köyü,tarihsel,wikidata-6360
birim,31040001,Atik Köyü,tarihsel,wikidata-6360
birim,31040003,Benlidere Köyü,tarihsel,wikidata-6360
birim,31040004,Çakallı Köyü,tarihsel,wikidata-6360
birim,31040005,Çerçikaya Köyü,tarihsel,wikidata-6360
birim,31040011,Kıcı Köyü,tarihsel,wikidata-6360
birim,31040012,Kömürçukuru Köyü,tarihsel,wikidata-6360
birim,31040013,Müftüler Köyü,tarihsel,wikidata-6360
birim,31040015,Ötençay Köyü,tarihsel,wikidata-6360
birim,31040017,Şekere Köyü,tarihsel,wikidata-6360
birim,31040018,Şenbük Köyü,tarihsel,wikidata-6360
birim,31040019,Soğukoluk Köyü,tarihsel,wikidata-6360
birim,31050004,Aşağıokçular Köyü,tarihsel,wikidata-6360
birim,31050005,Bahçeköy Köyü,tarihsel,wikidata-6360
birim,31050006,Balıklıdere Köyü,tarihsel,wikidata-6360
birim,31050007,Ballıöz Köyü,tarihsel,wikidata-6360
birim,31050008,Bostancık Köyü,tarihsel,wikidata-6360
birim,31050009,Büyükçat Köyü,tarihsel,wikidata-6360
birim,31050010,Çardaklı Köyü,tarihsel,wikidata-6360
birim,31050012,Çınarlı Köyü,tarihsel,wikidata-6360
birim,31050013,Çökek Köyü,tarihsel,wikidata-6360
birim,31050014,Değirmenyolu Köyü,tarihsel,wikidata-6360
birim,31050015,Döver Köyü,tarihsel,wikidata-6360
birim,31050019,Güneysöğüt Köyü,tarihsel,wikidata-6360
birim,31050020,Hancağız Köyü,tarihsel,wikidata-6360
birim,31050022,Hüseyinli Köyü,tarihsel,wikidata-6360
birim,31050023,Karşıyaka Köyü,tarihsel,wikidata-6360
birim,31050024,Koçören Köyü,tarihsel,wikidata-6360
birim,31050025,Meydancık Köyü,tarihsel,wikidata-6360
birim,31050026,Orhanlı Köyü,tarihsel,wikidata-6360
birim,31050027,Özbek Köyü,tarihsel,wikidata-6360
birim,31050028,Samankaya Köyü,tarihsel,wikidata-6360
birim,31050029,Sinanlı Köyü,tarihsel,wikidata-6360
birim,31050035,Üzengili Köyü,tarihsel,wikidata-6360
birim,31050036,Yeniçağ Köyü,tarihsel,wikidata-6360
birim,31060002,Çatköy Köyü,tarihsel,wikidata-6360
birim,31060004,Kapılı Köyü,tarihsel,wikidata-6360
birim,31060007,Konaklı Köyü,tarihsel,wikidata-6360
birim,31070001,Aşağıburnaz Köyü,tarihsel,wikidata-6360
birim,31070003,Başlamış Köyü,tarihsel,wikidata-6360
birim,31070005,Gökdere Köyü,tarihsel,wikidata-6360
birim,31070006,Gökgöl Köyü,tarihsel,wikidata-6360
birim,31070011,Kızlarçayı Köyü,tarihsel,wikidata-6360
birim,31070012,Kuyuluk Köyü,tarihsel,wikidata-6360
birim,31070016,Turunçlu Köyü,tarihsel,wikidata-6360
birim,31070018,Yeşiltepe Köyü,tarihsel,wikidata-6360
birim,31070019,Yoncadüzü Köyü,tarihsel,wikidata-6360
birim,31070020,Yukarıburnaz Köyü,tarihsel,wikidata-6360
birim,31080006,Arpalıuşağı Köyü,tarihsel,wikidata-6360
birim,31080007,Aşağıkarafakılı Köyü,tarihsel,wikidata-6360
birim,31080008,Bademli Köyü,tarihsel,wikidata-6360
birim,31080009,Bintaş Köyü,tarihsel,wikidata-6360
birim,31080012,Çınarbaşı Köyü,tarihsel,wikidata-6360
birim,31080013,Dedemli Köyü,tarihsel,wikidata-6360
birim,31080014,Demrek Köyü,tarihsel,wikidata-6360
birim,31080016,Eğribucak Köyü,tarihsel,wikidata-6360
birim,31080017,Gazeluşağı Köyü,tarihsel,wikidata-6360
birim,31080020,Gülpınar Köyü,tarihsel,wikidata-6360
birim,31080021,Güvenç Köyü,tarihsel,wikidata-6360
birim,31080022,Hacılar Köyü,tarihsel,wikidata-6360
birim,31080024,Katranlık Köyü,tarihsel,wikidata-6360
birim,31080025,Koruhüyük Köyü,tarihsel,wikidata-6360
birim,31080027,Mazmanlı Köyü,tarihsel,wikidata-6360
birim,31080028,Sapanözü Köyü,tarihsel,wikidata-6360
birim,31080032,Tiyek Köyü,tarihsel,wikidata-6360
birim,31080034,Yeniyapan Köyü,tarihsel,wikidata-6360
birim,31080035,Yoluklar Köyü,tarihsel,wikidata-6360
birim,31080036,Yukarıbucak Köyü,tarihsel,wikidata-6360
birim,31080037,Yukarıkarafakılı Köyü,tarihsel,wikidata-6360
birim,31080038,Yuvalı Köyü,tarihsel,wikidata-6360
birim,31080039,Zeytinoba Köyü,tarihsel,wikidata-6360
birim,31090001,Akarca Köyü,tarihsel,wikidata-6360
birim,31090003,Aşkarbeyli Köyü,tarihsel,wikidata-6360
birim,31090006,Tepeler,semt,ptt-semt
birim,31090008,Bitişik Köyü,tarihsel,wikidata-6360
birim,31090009,Tepeler,semt,ptt-semt
birim,31090010,Büyükdere Köyü,tarihsel,wikidata-6360
birim,31090011,Sanayi,semt,ptt-semt
birim,31090012,Çınarlı Köyü,tarihsel,wikidata-6360
birim,31090013,Cırtıman Köyü,tarihsel,wikidata-6360
birim,31090016,Düğünyurdu Köyü,tarihsel,wikidata-6360
birim,31090017,Sanayi,semt,ptt-semt
birim,31090018,Tepeler,semt,ptt-semt
birim,31090019,Sanayi,semt,ptt-semt
birim,31090020,Tepeler,semt,ptt-semt
birim,31090022,Sanayi,semt,ptt-semt
birim,31090025,Kaledibi Köyü,tarihsel,wikidata-6360
birim,31090027,Kavaklıoluk Köyü,tarihsel,wikidata-6360
birim,31090028,Tepeler,semt,ptt-semt
birim,31090031,Sanayi,semt,ptt-semt
birim,31090032,Sanayi,semt,ptt-semt
birim,31090035,Orhangazi Köyü,tarihsel,wikidata-6360
birim,31090038,Sanayi,semt,ptt-semt
birim,31090041,Suçıkağı Köyü,tarihsel,wikidata-6360
birim,31090044,Tepeler,semt,ptt-semt
birim,31090045,Sanayi,semt,ptt-semt
birim,31100002,Abalaklı Köyü,tarihsel,wikidata-6360
birim,31100003,Adalar Köyü,tarihsel,wikidata-6360
birim,31100004,Alaybeyli Köyü,tarihsel,wikidata-6360
birim,31100005,Alibeyçağıllı Köyü,tarihsel,wikidata-6360
birim,31100008,Arkıtça Köyü,tarihsel,wikidata-6360
birim,31100009,Attutan Köyü,tarihsel,wikidata-6360
birim,31100011,Aygırgölü Köyü,tarihsel,wikidata-6360
birim,31100013,Balarmudu Köyü,tarihsel,wikidata-6360
birim,31100014,Baldıran Köyü,tarihsel,wikidata-6360
birim,31100016,Başpınar Köyü,tarihsel,wikidata-6360
birim,31100017,Bektaşlı Köyü,tarihsel,wikidata-6360
birim,31100018,Çamsarı Köyü,tarihsel,wikidata-6360
birim,31100019,Çamseki Köyü,tarihsel,wikidata-6360
birim,31100020,Camuzkışlası Köyü,tarihsel,wikidata-6360
birim,31100022,Çataltepe Köyü,tarihsel,wikidata-6360
birim,31100023,Ceylanlı Köyü,tarihsel,wikidata-6360
birim,31100024,Çiloğlanhüyüğü Köyü,tarihsel,wikidata-6360
birim,31100026,Danaahmetli Köyü,tarihsel,wikidata-6360
birim,31100027,Dedeçınar Köyü,tarihsel,wikidata-6360
birim,31100028,Delibekirli Köyü,tarihsel,wikidata-6360
birim,31100029,Demirkonak Köyü,tarihsel,wikidata-6360
birim,31100032,Gölbaşı Köyü,tarihsel,wikidata-6360
birim,31100033,Gültepe Köyü,tarihsel,wikidata-6360
birim,31100035,Güventaşı Köyü,tarihsel,wikidata-6360
birim,31100036,Güzelce Köyü,tarihsel,wikidata-6360
birim,31100037,İçada Köyü,tarihsel,wikidata-6360
birim,31100038,Ilıkpınar Köyü,tarihsel,wikidata-6360
birim,31100039,İncirli Köyü,tarihsel,wikidata-6360
birim,31100040,Kaletepe Köyü,tarihsel,wikidata-6360
birim,31100041,Kamberlikaya Köyü,tarihsel,wikidata-6360
birim,31100042,Kamışlar Köyü,tarihsel,wikidata-6360
birim,31100043,Kangallar Köyü,tarihsel,wikidata-6360
birim,31100044,Karaçağıl Köyü,tarihsel,wikidata-6360
birim,31100045,Karadurmuşlu Köyü,tarihsel,wikidata-6360
birim,31100046,Karaelmaslı Köyü,tarihsel,wikidata-6360
birim,31100047,Karamağara Köyü,tarihsel,wikidata-6360
birim,31100048,Karamankaşı Köyü,tarihsel,wikidata-6360
birim,31100049,Karataş Köyü,tarihsel,wikidata-6360
birim,31100050,Kazkeli Köyü,tarihsel,wikidata-6360
birim,31100051,Kızılkaya Köyü,tarihsel,wikidata-6360
birim,31100052,Kodallı Köyü,tarihsel,wikidata-6360
birim,31100053,Kurtlusarımazı Köyü,tarihsel,wikidata-6360
birim,31100056,Mahmutlu Köyü,tarihsel,wikidata-6360
birim,31100059,Muratpaşa Köyü,tarihsel,wikidata-6360
birim,31100060,Narlıhopur Köyü,tarihsel,wikidata-6360
birim,31100061,Özkızılkaya Köyü,tarihsel,wikidata-6360
birim,31100062,Özsoğuksu Köyü,tarihsel,wikidata-6360
birim,31100064,Reşatlı Köyü,tarihsel,wikidata-6360
birim,31100065,Saylak Köyü,tarihsel,wikidata-6360
birim,31100066,Söğütlüöz Köyü,tarihsel,wikidata-6360
birim,31100067,Sucuköy Köyü,tarihsel,wikidata-6360
birim,31100068,Taşoluk Köyü,tarihsel,wikidata-6360
birim,31100070,Torun Köyü,tarihsel,wikidata-6360
birim,31100071,Yalangoz Köyü,tarihsel,wikidata-6360
birim,31100073,Yılanlı Köyü,tarihsel,wikidata-6360
birim,31110001,Akkerpiç Köyü,tarihsel,wikidata-6360
birim,31110002,Akkuyu Köyü,tarihsel,wikidata-6360
birim,31110003,Akpınar Köyü,tarihsel,wikidata-6360
birim,31110004,Aktaş Köyü,tarihsel,wikidata-6360
birim,31110005,Batıayrancı Köyü,tarihsel,wikidata-6360
birim,31110007,Doğuayrancı Köyü,tarihsel,wikidata-6360
birim,31110010,Gülova Köyü,tarihsel,wikidata-6360
birim,31110011,Hamam Köyü,tarihsel,wikidata-6360
birim,31110012,Hatayhamamı Köyü,tarihsel,wikidata-6360
birim,31110013,Kaletepe Köyü,tarihsel,wikidata-6360
birim,31110014,Keli Köyü,tarihsel,wikidata-6360
birim,31110015,Kırcaoğlu Köyü,tarihsel,wikidata-6360
birim,31110016,Muharrem Köyü,tarihsel,wikidata-6360
birim,31130002,Ahmetbeyli Köyü,tarihsel,wikidata-6360
birim,31130003,Akyayla Köyü,tarihsel,wikidata-6360
birim,31130004,Alakuzu Köyü,tarihsel,wikidata-6360
birim,31130008,Beşaslan Köyü,tarihsel,wikidata-6360
birim,31130009,Bükülmez Köyü,tarihsel,wikidata-6360
birim,31130010,Çakıryiğit Köyü,tarihsel,wikidata-6360
birim,31130011,Cilvegözü Köyü,tarihsel,wikidata-6360
birim,31130014,Davutpaşa Köyü,tarihsel,wikidata-6360
birim,31130017,Fevzipaşa Köyü,tarihsel,wikidata-6360
birim,31130019,Gazimürseltepesi Köyü,tarihsel,wikidata-6360
birim,31130020,Göktepe Köyü,tarihsel,wikidata-6360
birim,31130022,Harran Köyü,tarihsel,wikidata-6360
birim,31130023,Karacanlık Köyü,tarihsel,wikidata-6360
birim,31130024,Karahüyük Köyü,tarihsel,wikidata-6360
birim,31130025,Karasüleymanlı Köyü,tarihsel,wikidata-6360
birim,31130026,Konuk Köyü,tarihsel,wikidata-6360
birim,31130027,Kuletepe Köyü,tarihsel,wikidata-6360
birim,31130028,Kumtepe Köyü,tarihsel,wikidata-6360
birim,31130030,Kuşaklı Köyü,tarihsel,wikidata-6360
birim,31130031,Mehmetbeyli Köyü,tarihsel,wikidata-6360
birim,31130033,Nergizli Köyü,tarihsel,wikidata-6360
birim,31130034,Oğulpınar Köyü,tarihsel,wikidata-6360
birim,31130035,Öz Kurtuluş Köyü,tarihsel,wikidata-6360
birim,31130036,Paşahüyük Köyü,tarihsel,wikidata-6360
birim,31130037,Paşaköy Köyü,tarihsel,wikidata-6360
birim,31130039,Suluköy Köyü,tarihsel,wikidata-6360
birim,31130040,Tayfursökmen Köyü,tarihsel,wikidata-6360
birim,31130041,Terzihüyük Köyü,tarihsel,wikidata-6360
birim,31130042,Üçtepe Köyü,tarihsel,wikidata-6360
birim,31130044,Varışlı Köyü,tarihsel,wikidata-6360
birim,31140001,Ataköy Köyü,tarihsel,wikidata-6360
birim,31140003,Avcılar Köyü,tarihsel,wikidata-6360
birim,31140004,Batıayaz Köyü,tarihsel,wikidata-6360
birim,31140005,Büyükoba Köyü,tarihsel,wikidata-6360
birim,31140006,Çamlıyayla Köyü,tarihsel,wikidata-6360
birim,31140007,Çanakoluk Köyü,tarihsel,wikidata-6360
birim,31140009,Ceylandere Köyü,tarihsel,wikidata-6360
birim,31140011,Çöğürlü Köyü,tarihsel,wikidata-6360
birim,31140012,Çubuklu Köyü,tarihsel,wikidata-6360
birim,31140016,Eriklikuyu Köyü,tarihsel,wikidata-6360
birim,31140017,Fidanlı Köyü,tarihsel,wikidata-6360
birim,31140019,Gözene Köyü,tarihsel,wikidata-6360
birim,31140020,Hıdırbey Köyü,tarihsel,wikidata-6360
birim,31140021,Huzurlu Köyü,tarihsel,wikidata-6360
birim,31140022,Kapısuyu Köyü,tarihsel,wikidata-6360
birim,31140023,Karaçay Köyü,tarihsel,wikidata-6360
birim,31140028,Meydan Köyü,tarihsel,wikidata-6360
birim,31140030,Seldiren Köyü,tarihsel,wikidata-6360
birim,31140035,Vakıfköy Köyü,tarihsel,wikidata-6360
birim,31140038,Yeniköy Köyü,tarihsel,wikidata-6360
birim,31140040,Yeşilköy Köyü,tarihsel,wikidata-6360
birim,31140041,Yeşilyazı Köyü,tarihsel,wikidata-6360
birim,31140042,Yoğunoluk Köyü,tarihsel,wikidata-6360
birim,31150001,Arslanyazı Köyü,tarihsel,wikidata-6360
birim,31150002,Aşağıpulluyazı Köyü,tarihsel,wikidata-6360
birim,31150003,Aydınbahçe Köyü,tarihsel,wikidata-6360
birim,31150004,Ayışığı Köyü,tarihsel,wikidata-6360
birim,31150005,Bezge Köyü,tarihsel,wikidata-6360
birim,31150006,Bozlu Köyü,tarihsel,wikidata-6360
birim,31150007,Çabala Köyü,tarihsel,wikidata-6360
birim,31150008,Çakı Köyü,tarihsel,wikidata-6360
birim,31150009,Çaksına Köyü,tarihsel,wikidata-6360
birim,31150011,Çandır Köyü,tarihsel,wikidata-6360
birim,31150012,Çatbaşı Köyü,tarihsel,wikidata-6360
birim,31150013,Çayır Köyü,tarihsel,wikidata-6360
birim,31150014,Denizgören Köyü,tarihsel,wikidata-6360
birim,31150015,Dusduru Köyü,tarihsel,wikidata-6360
birim,31150016,Eğerci Köyü,tarihsel,wikidata-6360
birim,31150017,Görentaş Köyü,tarihsel,wikidata-6360
birim,31150018,Gözlüce Köyü,tarihsel,wikidata-6360
birim,31150019,Gürışık Köyü,tarihsel,wikidata-6360
birim,31150020,Güveççi Köyü,tarihsel,wikidata-6360
birim,31150022,Hisarcık Köyü,tarihsel,wikidata-6360
birim,31150023,Karacurun Köyü,tarihsel,wikidata-6360
birim,31150025,Kışlak Köyü,tarihsel,wikidata-6360
birim,31150026,Kızılçat Köyü,tarihsel,wikidata-6360
birim,31150027,Kösrelik Köyü,tarihsel,wikidata-6360
birim,31150028,Kulaç Köyü,tarihsel,wikidata-6360
birim,31150030,Leylekli Köyü,tarihsel,wikidata-6360
birim,31150031,Olgunlar Köyü,tarihsel,wikidata-6360
birim,31150032,Şakşak Köyü,tarihsel,wikidata-6360
birim,31150033,Sebenoba Köyü,tarihsel,wikidata-6360
birim,31150035,Sungur Köyü,tarihsel,wikidata-6360
birim,31150036,Sürütme Köyü,tarihsel,wikidata-6360
birim,31150037,Turfanda Köyü,tarihsel,wikidata-6360
birim,31150039,Üçırmak Köyü,tarihsel,wikidata-6360
birim,31150040,Uluyol Köyü,tarihsel,wikidata-6360
birim,31150041,Yalaz Köyü,tarihsel,wikidata-6360
birim,31150042,Yayıkdamlar Köyü,tarihsel,wikidata-6360
birim,31150043,Yenice Köyü,tarihsel,wikidata-6360
birim,31150044,Yeşiltepe Köyü,tarihsel,wikidata-6360
birim,31150045,Yoncakaya Köyü,tarihsel,wikidata-6360
birim,31150046,Yukarıokçular Köyü,tarihsel,wikidata-6360
birim,31150047,Yukarıpulluyazı Köyü,tarihsel,wikidata-6360
birim,33010004,Huzurkent,semt,ptt-semt
birim,33010008,Bağcılar-İhsaniye Köyü,tarihsel,wikidata-6360
birim,33010009,Bağlarbaşı Köyü,tarihsel,wikidata-6360
birim,33010009,Huzurkent,semt,ptt-semt
birim,33010014,Huzurkent,semt,ptt-semt
birim,33010017,Camiişerif,semt,ptt-semt
birim,33010018,Camili Köyü,tarihsel,wikidata-6360
birim,33010022,Civanyaylağı Köyü,tarihsel,wikidata-6360
birim,33010024,Demirhisar Köyü,tarihsel,wikidata-6360
birim,33010028,Huzurkent,semt,ptt-semt
birim,33010035,Iğdır Köyü,tarihsel,wikidata-6360
birim,33010044,Huzurkent,semt,ptt-semt
birim,33010045,Huzurkent,semt,ptt-semt
birim,33010048,Camiişerif,semt,ptt-semt
birim,33010051,Huzurkent,semt,ptt-semt
birim,33010051,Nacarlı Köyü,tarihsel,wikidata-6360
birim,33010054,Parmakkurdu Köyü,tarihsel,wikidata-6360
birim,33010055,Puğkaracadağ Köyü,tarihsel,wikidata-6360
birim,33010066,Yeşilova Köyü,tarihsel,wikidata-6360
birim,33010069,Huzurkent,semt,ptt-semt
birim,33020003,Akine Köyü,tarihsel,wikidata-6360
birim,33020004,Alataş Köyü,tarihsel,wikidata-6360
birim,33020005,Anıtlı Köyü,tarihsel,wikidata-6360
birim,33020006,Aşağıkükür Köyü,tarihsel,wikidata-6360
birim,33020009,Boğuntu Köyü,tarihsel,wikidata-6360
birim,33020010,Bozdoğan Köyü,tarihsel,wikidata-6360
birim,33020011,Çaltıbükü Köyü,tarihsel,wikidata-6360
birim,33020012,Çamlıpınar Köyü,tarihsel,wikidata-6360
birim,33020013,Çamlıpınaralanı Köyü,tarihsel,wikidata-6360
birim,33020015,Çataloluk Köyü,tarihsel,wikidata-6360
birim,33020016,Çeltikçi Köyü,tarihsel,wikidata-6360
birim,33020017,Çukurabanoz Köyü,tarihsel,wikidata-6360
birim,33020018,Demirören Köyü,tarihsel,wikidata-6360
birim,33020019,Emirşah Köyü,tarihsel,wikidata-6360
birim,33020021,Evciler Köyü,tarihsel,wikidata-6360
birim,33020023,Gercebahşiş Köyü,tarihsel,wikidata-6360
birim,33020025,Güleç Köyü,tarihsel,wikidata-6360
birim,33020026,Güneybahşiş Köyü,tarihsel,wikidata-6360
birim,33020027,Güngören Köyü,tarihsel,wikidata-6360
birim,33020031,Karaağa Köyü,tarihsel,wikidata-6360
birim,33020032,Karaçukur Köyü,tarihsel,wikidata-6360
birim,33020033,Karadere Köyü,tarihsel,wikidata-6360
birim,33020034,Karalarbahşiş Köyü,tarihsel,wikidata-6360
birim,33020035,Kaşdişlen Köyü,tarihsel,wikidata-6360
birim,33020036,Kılıç Köyü,tarihsel,wikidata-6360
birim,33020037,Kızılaliler Köyü,tarihsel,wikidata-6360
birim,33020038,Köprübaşı Köyü,tarihsel,wikidata-6360
birim,33020039,Korucuk Köyü,tarihsel,wikidata-6360
birim,33020040,Lale Köyü,tarihsel,wikidata-6360
birim,33020041,Malaklar Köyü,tarihsel,wikidata-6360
birim,33020043,Ormancık Köyü,tarihsel,wikidata-6360
birim,33020044,Ovabaşı Köyü,tarihsel,wikidata-6360
birim,33020047,Sarıağaç Köyü,tarihsel,wikidata-6360
birim,33020048,Sarıdana Köyü,tarihsel,wikidata-6360
birim,33020049,Sugözü Köyü,tarihsel,wikidata-6360
birim,33020052,Uçarı Köyü,tarihsel,wikidata-6360
birim,33030003,Duruhan Köyü,tarihsel,wikidata-6360
birim,33030004,Eskiyürük Köyü,tarihsel,wikidata-6360
birim,33030005,Hacıbahattin Köyü,tarihsel,wikidata-6360
birim,33030007,Karadere Köyü,tarihsel,wikidata-6360
birim,33030008,Karaseki Köyü,tarihsel,wikidata-6360
birim,33030010,Pembecik Köyü,tarihsel,wikidata-6360
birim,33030011,Teknecik Köyü,tarihsel,wikidata-6360
birim,33030013,Yenikaş Köyü,tarihsel,wikidata-6360
birim,33030014,Yeniyürük Köyü,tarihsel,wikidata-6360
birim,33030015,Yeniyürükkaş Köyü,tarihsel,wikidata-6360
birim,33040001,Akcami Köyü,tarihsel,wikidata-6360
birim,33040002,Ardıçlıtaş Köyü,tarihsel,wikidata-6360
birim,33040003,Bahçekoyağı Köyü,tarihsel,wikidata-6360
birim,33040008,Derebaşı Köyü,tarihsel,wikidata-6360
birim,33040009,Dereköy Köyü,tarihsel,wikidata-6360
birim,33040010,Elmakuzu Köyü,tarihsel,wikidata-6360
birim,33040011,Gözce Köyü,tarihsel,wikidata-6360
birim,33040012,Gözsüzce Köyü,tarihsel,wikidata-6360
birim,33040015,Karaisalı Köyü,tarihsel,wikidata-6360
birim,33040016,Kızılca Köyü,tarihsel,wikidata-6360
birim,33040017,Kömürlü Köyü,tarihsel,wikidata-6360
birim,33040019,Lenger Köyü,tarihsel,wikidata-6360
birim,33040021,Narince Köyü,tarihsel,wikidata-6360
birim,33040023,Tekedüzü Köyü,tarihsel,wikidata-6360
birim,33050001,Bağçatağı Köyü,tarihsel,wikidata-6360
birim,33050002,Belçınar Köyü,tarihsel,wikidata-6360
birim,33050005,Darıpınarı Köyü,tarihsel,wikidata-6360
birim,33050006,Fakılar Köyü,tarihsel,wikidata-6360
birim,33050007,Giden Köyü,tarihsel,wikidata-6360
birim,33050009,Kesecik Köyü,tarihsel,wikidata-6360
birim,33050010,Körmenlik Köyü,tarihsel,wikidata-6360
birim,33050011,Korucak Köyü,tarihsel,wikidata-6360
birim,33050012,Sarıkavak Köyü,tarihsel,wikidata-6360
birim,33050013,Sarıkoyak Köyü,tarihsel,wikidata-6360
birim,33060005,Alibeyli Köyü,tarihsel,wikidata-6360
birim,33060007,Arslanlı Köyü,tarihsel,wikidata-6360
birim,33060009,Aydınlar Köyü,tarihsel,wikidata-6360
birim,33060011,Batısandal Köyü,tarihsel,wikidata-6360
birim,33060012,Çamlı Köyü,tarihsel,wikidata-6360
birim,33060013,Çerçili Köyü,tarihsel,wikidata-6360
birim,33060015,Çiftepınar Köyü,tarihsel,wikidata-6360
birim,33060016,Çiriş Köyü,tarihsel,wikidata-6360
birim,33060017,Dağlı Köyü,tarihsel,wikidata-6360
birim,33060018,Doğusandal Köyü,tarihsel,wikidata-6360
birim,33060019,Elbeyli Köyü,tarihsel,wikidata-6360
birim,33060020,Elvanlı Köyü,tarihsel,wikidata-6360
birim,33060023,Fakılı Köyü,tarihsel,wikidata-6360
birim,33060025,Gücüş Köyü,tarihsel,wikidata-6360
birim,33060026,Güneyli Köyü,tarihsel,wikidata-6360
birim,33060027,Güzeloluk Köyü,tarihsel,wikidata-6360
birim,33060029,Hacıhalilarpaç Köyü,tarihsel,wikidata-6360
birim,33060030,Harfilli Köyü,tarihsel,wikidata-6360
birim,33060031,Hüsametli Köyü,tarihsel,wikidata-6360
birim,33060032,İlemin Köyü,tarihsel,wikidata-6360
birim,33060033,Karaahmetli Köyü,tarihsel,wikidata-6360
birim,33060034,Karahıdırlı Köyü,tarihsel,wikidata-6360
birim,33060035,Karakeşli Köyü,tarihsel,wikidata-6360
birim,33060036,Karayakup Köyü,tarihsel,wikidata-6360
birim,33060039,Kayacı Köyü,tarihsel,wikidata-6360
birim,33060040,Kızılen Köyü,tarihsel,wikidata-6360
birim,33060043,Koramşalı Köyü,tarihsel,wikidata-6360
birim,33060044,Kösbucağı Köyü,tarihsel,wikidata-6360
birim,33060045,Kösereli Köyü,tarihsel,wikidata-6360
birim,33060048,Küstülü Köyü,tarihsel,wikidata-6360
birim,33060051,Pınarbaşı Köyü,tarihsel,wikidata-6360
birim,33060052,Şahna Köyü,tarihsel,wikidata-6360
birim,33060053,Sarıkaya Köyü,tarihsel,wikidata-6360
birim,33060054,Sarıyer Köyü,tarihsel,wikidata-6360
birim,33060055,Sinap Köyü,tarihsel,wikidata-6360
birim,33060056,Sıraç Köyü,tarihsel,wikidata-6360
birim,33060057,Sorgun Köyü,tarihsel,wikidata-6360
birim,33060059,Tapureli Köyü,tarihsel,wikidata-6360
birim,33060062,Toros Köyü,tarihsel,wikidata-6360
birim,33060065,Üçtepe Köyü,tarihsel,wikidata-6360
birim,33060066,Üzümlü Köyü,tarihsel,wikidata-6360
birim,33060067,Veyselli Köyü,tarihsel,wikidata-6360
birim,33060068,Yağda Köyü,tarihsel,wikidata-6360
birim,33060070,Yeniyurt Köyü,tarihsel,wikidata-6360
birim,33070002,Akova Köyü,tarihsel,wikidata-6360
birim,33070003,Ardıçpınarı Köyü,tarihsel,wikidata-6360
birim,33070004,Arıkuyusu Köyü,tarihsel,wikidata-6360
birim,33070006,Bereket Köyü,tarihsel,wikidata-6360
birim,33070007,Beydili Köyü,tarihsel,wikidata-6360
birim,33070008,Bolyaran Köyü,tarihsel,wikidata-6360
birim,33070009,Bozağaç Köyü,tarihsel,wikidata-6360
birim,33070011,Çavuşlar Köyü,tarihsel,wikidata-6360
birim,33070012,Çukurasma Köyü,tarihsel,wikidata-6360
birim,33070013,Çukurkonak Köyü,tarihsel,wikidata-6360
birim,33070014,Dayıcık Köyü,tarihsel,wikidata-6360
birim,33070015,Dedeler Köyü,tarihsel,wikidata-6360
birim,33070016,Delikkaya Köyü,tarihsel,wikidata-6360
birim,33070018,Emirhacı Köyü,tarihsel,wikidata-6360
birim,33070019,Gezende Köyü,tarihsel,wikidata-6360
birim,33070020,Göktürk Köyü,tarihsel,wikidata-6360
birim,33070022,Halifeler Köyü,tarihsel,wikidata-6360
birim,33070023,Ilısu Köyü,tarihsel,wikidata-6360
birim,33070024,İshaklar Köyü,tarihsel,wikidata-6360
birim,33070025,Kavakoluğu Köyü,tarihsel,wikidata-6360
birim,33070026,Kayrak Köyü,tarihsel,wikidata-6360
birim,33070027,Koçaşlı Köyü,tarihsel,wikidata-6360
birim,33070028,Konur Köyü,tarihsel,wikidata-6360
birim,33070029,Korucuk Köyü,tarihsel,wikidata-6360
birim,33070031,Kurbağa Köyü,tarihsel,wikidata-6360
birim,33070033,Mollaömerli Köyü,tarihsel,wikidata-6360
birim,33070034,Örenpınar Köyü,tarihsel,wikidata-6360
birim,33070035,Örtülü Köyü,tarihsel,wikidata-6360
birim,33070038,Şeyhömer Köyü,tarihsel,wikidata-6360
birim,33070039,Sipahili Köyü,tarihsel,wikidata-6360
birim,33070040,Taşoluk Köyü,tarihsel,wikidata-6360
birim,33070041,Tepe Köyü,tarihsel,wikidata-6360
birim,33070042,Tırnak Köyü,tarihsel,wikidata-6360
birim,33070043,Tozkovan Köyü,tarihsel,wikidata-6360
birim,33070044,Üçoluk Köyü,tarihsel,wikidata-6360
birim,33070045,Ulupınar Köyü,tarihsel,wikidata-6360
birim,33070046,Yanışlı Köyü,tarihsel,wikidata-6360
birim,33070047,Yarmasu Köyü,tarihsel,wikidata-6360
birim,33070048,Yassıbağ Köyü,tarihsel,wikidata-6360
birim,33070049,Yenice Köyü,tarihsel,wikidata-6360
birim,33080002,Akarca Köyü,tarihsel,wikidata-6360
birim,33080006,Bozön Köyü,tarihsel,wikidata-6360
birim,33080009,Cemilli Köyü,tarihsel,wikidata-6360
birim,33080010,Çevlik Köyü,tarihsel,wikidata-6360
birim,33080013,Demirışık Köyü,tarihsel,wikidata-6360
birim,33080015,Doğançay Köyü,tarihsel,wikidata-6360
birim,33080016,Doğlu Köyü,tarihsel,wikidata-6360
birim,33080023,Kaleköy Köyü,tarihsel,wikidata-6360
birim,33080024,Kocayer Köyü,tarihsel,wikidata-6360
birim,33080026,Kuzucu Köyü,tarihsel,wikidata-6360
birim,33080027,Kuzucubelen Köyü,tarihsel,wikidata-6360
birim,33080030,Pelitkoyağı Köyü,tarihsel,wikidata-6360
birim,33080032,Sarılar Köyü,tarihsel,wikidata-6360
birim,33080034,Takanlı Köyü,tarihsel,wikidata-6360
birim,33080037,Tol Köyü,tarihsel,wikidata-6360
birim,33080040,Zeybekler Köyü,tarihsel,wikidata-6360
birim,33090001,Alaçam Köyü,tarihsel,wikidata-6360
birim,33090002,Aşağıköselerli Köyü,tarihsel,wikidata-6360
birim,33090003,Aydınoğlu Köyü,tarihsel,wikidata-6360
birim,33090004,Bağcağız Köyü,tarihsel,wikidata-6360
birim,33090005,Ballı Köyü,tarihsel,wikidata-6360
birim,33090006,Barabanlı Köyü,tarihsel,wikidata-6360
birim,33090007,Bozdoğan Köyü,tarihsel,wikidata-6360
birim,33090008,Burunköy Köyü,tarihsel,wikidata-6360
birim,33090009,Çağlayangedik Köyü,tarihsel,wikidata-6360
birim,33090010,Çaltılı Köyü,tarihsel,wikidata-6360
birim,33090011,Çamlıca Köyü,tarihsel,wikidata-6360
birim,33090012,Çampınar Köyü,tarihsel,wikidata-6360
birim,33090013,Çatakbağ Köyü,tarihsel,wikidata-6360
birim,33090014,Çatalharman Köyü,tarihsel,wikidata-6360
birim,33090015,Ceritler Köyü,tarihsel,wikidata-6360
birim,33090016,Çınarlı Köyü,tarihsel,wikidata-6360
birim,33090017,Çivi Köyü,tarihsel,wikidata-6360
birim,33090018,Çömelek Köyü,tarihsel,wikidata-6360
birim,33090019,Çortak Köyü,tarihsel,wikidata-6360
birim,33090020,Çukurbağ Köyü,tarihsel,wikidata-6360
birim,33090022,Dağpazarı Köyü,tarihsel,wikidata-6360
birim,33090023,Demirkapı Köyü,tarihsel,wikidata-6360
birim,33090024,Dereköy Köyü,tarihsel,wikidata-6360
birim,33090025,Derinçay Köyü,tarihsel,wikidata-6360
birim,33090027,Diştaş Köyü,tarihsel,wikidata-6360
birim,33090029,Elbeyli Köyü,tarihsel,wikidata-6360
birim,33090030,Elmapınar Köyü,tarihsel,wikidata-6360
birim,33090031,Esençay Köyü,tarihsel,wikidata-6360
birim,33090032,Evren Köyü,tarihsel,wikidata-6360
birim,33090033,Fakırca Köyü,tarihsel,wikidata-6360
birim,33090034,Geçimli Köyü,tarihsel,wikidata-6360
birim,33090035,Gençali Köyü,tarihsel,wikidata-6360
birim,33090036,Göcekler Köyü,tarihsel,wikidata-6360
birim,33090037,Gökçetaş Köyü,tarihsel,wikidata-6360
birim,33090040,Güme Köyü,tarihsel,wikidata-6360
birim,33090041,Güzelköy Köyü,tarihsel,wikidata-6360
birim,33090042,Güzelyurt Köyü,tarihsel,wikidata-6360
birim,33090043,Hacıahmetli Köyü,tarihsel,wikidata-6360
birim,33090044,Hacıilyaslı Köyü,tarihsel,wikidata-6360
birim,33090045,Hacınuhlu Köyü,tarihsel,wikidata-6360
birim,33090046,Hacısait Köyü,tarihsel,wikidata-6360
birim,33090047,Hamam Köyü,tarihsel,wikidata-6360
birim,33090048,Haydarköy Köyü,tarihsel,wikidata-6360
birim,33090049,Hisarköy Köyü,tarihsel,wikidata-6360
birim,33090050,Hocalı Köyü,tarihsel,wikidata-6360
birim,33090051,İbrahimli Köyü,tarihsel,wikidata-6360
birim,33090052,Ilıca Köyü,tarihsel,wikidata-6360
birim,33090053,Irmaklı Köyü,tarihsel,wikidata-6360
birim,33090054,Işıklar Köyü,tarihsel,wikidata-6360
birim,33090055,Kadıköy Köyü,tarihsel,wikidata-6360
birim,33090057,Karacaoğlan Köyü,tarihsel,wikidata-6360
birim,33090058,Karadiken Köyü,tarihsel,wikidata-6360
birim,33090060,Kavaklı Köyü,tarihsel,wikidata-6360
birim,33090061,Kavaközü Köyü,tarihsel,wikidata-6360
birim,33090062,Kayabaşı Köyü,tarihsel,wikidata-6360
birim,33090063,Kayaönü Köyü,tarihsel,wikidata-6360
birim,33090064,Kelceköy Köyü,tarihsel,wikidata-6360
birim,33090065,Kemenli Köyü,tarihsel,wikidata-6360
birim,33090066,Kırkkavak Köyü,tarihsel,wikidata-6360
birim,33090067,Kışlaköy Köyü,tarihsel,wikidata-6360
birim,33090068,Kızılalan Köyü,tarihsel,wikidata-6360
birim,33090069,Köselerli Köyü,tarihsel,wikidata-6360
birim,33090071,Kumaçukuru Köyü,tarihsel,wikidata-6360
birim,33090072,Kürkçü Köyü,tarihsel,wikidata-6360
birim,33090073,Kurtsuyu Köyü,tarihsel,wikidata-6360
birim,33090074,Kurtuluş Köyü,tarihsel,wikidata-6360
birim,33090076,Mirahor Köyü,tarihsel,wikidata-6360
birim,33090077,Mucuk Köyü,tarihsel,wikidata-6360
birim,33090078,Narlı Köyü,tarihsel,wikidata-6360
birim,33090079,Narlıdere Köyü,tarihsel,wikidata-6360
birim,33090080,Ortaköy Köyü,tarihsel,wikidata-6360
birim,33090081,Özköy Köyü,tarihsel,wikidata-6360
birim,33090082,Özlü Köyü,tarihsel,wikidata-6360
birim,33090083,Palantepe Köyü,tarihsel,wikidata-6360
birim,33090084,Pamuklu Köyü,tarihsel,wikidata-6360
birim,33090086,Sakız Köyü,tarihsel,wikidata-6360
birim,33090087,Sarıveliler Köyü,tarihsel,wikidata-6360
birim,33090088,Selamlı Köyü,tarihsel,wikidata-6360
birim,33090089,Suçatı Köyü,tarihsel,wikidata-6360
birim,33090090,Tekeli Köyü,tarihsel,wikidata-6360
birim,33090091,Topkaya Köyü,tarihsel,wikidata-6360
birim,33090092,Topluca Köyü,tarihsel,wikidata-6360
birim,33090093,Tuğrul Köyü,tarihsel,wikidata-6360
birim,33090094,Yalnızcabağ Köyü,tarihsel,wikidata-6360
birim,33090095,Yapıntı Köyü,tarihsel,wikidata-6360
birim,33090098,Yeşilköy Köyü,tarihsel,wikidata-6360
birim,33090099,Yeşilyurt Köyü,tarihsel,wikidata-6360
birim,33090100,Yıldızköy Köyü,tarihsel,wikidata-6360
birim,33090101,Yukarıköselerli Köyü,tarihsel,wikidata-6360
birim,33090102,Zeytinçukuru Köyü,tarihsel,wikidata-6360
birim,33100006,Ayaştürkmenli Köyü,tarihsel,wikidata-6360
birim,33100007,Bahçe Köyü,tarihsel,wikidata-6360
birim,33100008,Bahçederesi Köyü,tarihsel,wikidata-6360
birim,33100009,Balandız Köyü,tarihsel,wikidata-6360
birim,33100010,Bayındır Köyü,tarihsel,wikidata-6360
birim,33100011,Bolacalıkoyuncu Köyü,tarihsel,wikidata-6360
birim,33100013,Bükdeğirmeni Köyü,tarihsel,wikidata-6360
birim,33100014,Burunucu Köyü,tarihsel,wikidata-6360
birim,33100015,Çadırlı Köyü,tarihsel,wikidata-6360
birim,33100016,Çaltıbozkır Köyü,tarihsel,wikidata-6360
birim,33100018,Çamlıbel Köyü,tarihsel,wikidata-6360
birim,33100019,Çamlıca Köyü,tarihsel,wikidata-6360
birim,33100020,Canbazlı Köyü,tarihsel,wikidata-6360
birim,33100021,Çatak Köyü,tarihsel,wikidata-6360
birim,33100022,Çeltikçi Köyü,tarihsel,wikidata-6360
birim,33100023,Cılbayır Köyü,tarihsel,wikidata-6360
birim,33100024,Demircili Köyü,tarihsel,wikidata-6360
birim,33100025,Ekşiler Köyü,tarihsel,wikidata-6360
birim,33100026,Evkafçiftliği Köyü,tarihsel,wikidata-6360
birim,33100028,Gedikpınarı Köyü,tarihsel,wikidata-6360
birim,33100029,Gökbelen Köyü,tarihsel,wikidata-6360
birim,33100031,Gülümpaşalı Köyü,tarihsel,wikidata-6360
birim,33100032,Gündüzler Köyü,tarihsel,wikidata-6360
birim,33100033,Hırmanlı Köyü,tarihsel,wikidata-6360
birim,33100034,Hüseyinler Köyü,tarihsel,wikidata-6360
birim,33100035,İmambekirli Köyü,tarihsel,wikidata-6360
birim,33100036,İmamlı Köyü,tarihsel,wikidata-6360
birim,33100037,İmamuşağı Köyü,tarihsel,wikidata-6360
birim,33100038,Işıklı Köyü,tarihsel,wikidata-6360
birim,33100040,Karahacılı Köyü,tarihsel,wikidata-6360
birim,33100041,Karakaya Köyü,tarihsel,wikidata-6360
birim,33100042,Kargıcak Köyü,tarihsel,wikidata-6360
birim,33100043,Kavak Köyü,tarihsel,wikidata-6360
birim,33100044,Keben Köyü,tarihsel,wikidata-6360
birim,33100045,Kepez Köyü,tarihsel,wikidata-6360
birim,33100046,Keşlitürkmenli Köyü,tarihsel,wikidata-6360
birim,33100047,Kıca Köyü,tarihsel,wikidata-6360
birim,33100048,Kırtıl Köyü,tarihsel,wikidata-6360
birim,33100049,Kızılgeçit Köyü,tarihsel,wikidata-6360
birim,33100050,Kocaoluk Köyü,tarihsel,wikidata-6360
birim,33100051,Kocapınar Köyü,tarihsel,wikidata-6360
birim,33100052,Kurtuluş Köyü,tarihsel,wikidata-6360
birim,33100056,Nasrullah Köyü,tarihsel,wikidata-6360
birim,33100057,Nuru Köyü,tarihsel,wikidata-6360
birim,33100058,Ören Köyü,tarihsel,wikidata-6360
birim,33100059,Ortaören Köyü,tarihsel,wikidata-6360
birim,33100060,Ovacık Köyü,tarihsel,wikidata-6360
birim,33100061,Özboynuinceli Köyü,tarihsel,wikidata-6360
birim,33100062,Öztürkmenli Köyü,tarihsel,wikidata-6360
birim,33100064,Pelitpınarı Köyü,tarihsel,wikidata-6360
birim,33100065,Sabak Köyü,tarihsel,wikidata-6360
birim,33100066,Şahmurlu Köyü,tarihsel,wikidata-6360
birim,33100068,Sarıaydın Köyü,tarihsel,wikidata-6360
birim,33100072,Senir Köyü,tarihsel,wikidata-6360
birim,33100073,Seydili Köyü,tarihsel,wikidata-6360
birim,33100074,Seyranlık Köyü,tarihsel,wikidata-6360
birim,33100075,Sökün Köyü,tarihsel,wikidata-6360
birim,33100076,Sömek Köyü,tarihsel,wikidata-6360
birim,33100079,Tosmurlu Köyü,tarihsel,wikidata-6360
birim,33100080,Türkmenuşağı Köyü,tarihsel,wikidata-6360
birim,33100081,Ulugöz Köyü,tarihsel,wikidata-6360
birim,33100082,Uşakpınarı Köyü,tarihsel,wikidata-6360
birim,33100084,Yeğenli Köyü,tarihsel,wikidata-6360
birim,33100086,Yenibahçe Köyü,tarihsel,wikidata-6360
birim,33100087,Yenisu Köyü,tarihsel,wikidata-6360
birim,33110002,Ağzıdelik Köyü,tarihsel,wikidata-6360
birim,33110002,Yolboyu,semt,ptt-semt
birim,33110003,Akarsu Köyü,tarihsel,wikidata-6360
birim,33110003,Yolboyu,semt,ptt-semt
birim,33110004,Akçakocalı Köyü,tarihsel,wikidata-6360
birim,33110005,Akgedik Köyü,tarihsel,wikidata-6360
birim,33110007,Aladağ Köyü,tarihsel,wikidata-6360
birim,33110008,Aliağa Köyü,tarihsel,wikidata-6360
birim,33110008,Yolboyu,semt,ptt-semt
birim,33110009,Alibeyli Köyü,tarihsel,wikidata-6360
birim,33110010,Aliefendioğlu Köyü,tarihsel,wikidata-6360
birim,33110010,Yolboyu,semt,ptt-semt
birim,33110011,Alifakı Köyü,tarihsel,wikidata-6360
birim,33110014,Ardıçlı Köyü,tarihsel,wikidata-6360
birim,33110015,Arıklı Köyü,tarihsel,wikidata-6360
birim,33110016,Yolboyu,semt,ptt-semt
birim,33110018,Avadan Köyü,tarihsel,wikidata-6360
birim,33110020,Baharlı Köyü,tarihsel,wikidata-6360
birim,33110020,Yolboyu,semt,ptt-semt
birim,33110022,Yolboyu,semt,ptt-semt
birim,33110023,Ballıca Köyü,tarihsel,wikidata-6360
birim,33110024,Baltalı Köyü,tarihsel,wikidata-6360
birim,33110026,Belen Köyü,tarihsel,wikidata-6360
birim,33110026,Çamlıyayla,semt,ptt-semt
birim,33110028,Beylice Köyü,tarihsel,wikidata-6360
birim,33110028,Çamlıyayla,semt,ptt-semt
birim,33110029,Boğazpınar Köyü,tarihsel,wikidata-6360
birim,33110030,Böğrüeğri Köyü,tarihsel,wikidata-6360
birim,33110030,Çamlıyayla,semt,ptt-semt
birim,33110031,Bolatlı Köyü,tarihsel,wikidata-6360
birim,33110032,Boztepe Köyü,tarihsel,wikidata-6360
birim,33110032,Çamlıyayla,semt,ptt-semt
birim,33110033,Büyükkösebalcı Köyü,tarihsel,wikidata-6360
birim,33110034,Çağbaşı Köyü,tarihsel,wikidata-6360
birim,33110036,Çakırlı Köyü,tarihsel,wikidata-6360
birim,33110036,Çamlıyayla,semt,ptt-semt
birim,33110037,Çamalan B.M Köyü,tarihsel,wikidata-6360
birim,33110038,Camilimanda Köyü,tarihsel,wikidata-6360
birim,33110040,Yolboyu,semt,ptt-semt
birim,33110040,Çamtepe Köyü,tarihsel,wikidata-6360
birim,33110041,Yolboyu,semt,ptt-semt
birim,33110041,Çatalca Köyü,tarihsel,wikidata-6360
birim,33110042,Çamlıyayla,semt,ptt-semt
birim,33110042,Çavdarlı Köyü,tarihsel,wikidata-6360
birim,33110043,Çavuşlu Köyü,tarihsel,wikidata-6360
birim,33110044,Çevreli Köyü,tarihsel,wikidata-6360
birim,33110045,Çiçekli Köyü,tarihsel,wikidata-6360
birim,33110046,Çiftlik Köyü,tarihsel,wikidata-6360
birim,33110047,Cin Köyü,tarihsel,wikidata-6360
birim,33110047,Çamlıyayla,semt,ptt-semt
birim,33110048,Cırbıklar Köyü,tarihsel,wikidata-6360
birim,33110049,Çamlıyayla,semt,ptt-semt
birim,33110049,Çiriştepe Köyü,tarihsel,wikidata-6360
birim,33110050,Çokak Köyü,tarihsel,wikidata-6360
birim,33110051,Yolboyu,semt,ptt-semt
birim,33110051,Çöplü Köyü,tarihsel,wikidata-6360
birim,33110052,Çukurbağ Köyü,tarihsel,wikidata-6360
birim,33110054,Dadalı Köyü,tarihsel,wikidata-6360
birim,33110055,Damlama Köyü,tarihsel,wikidata-6360
birim,33110056,Dedeler Köyü,tarihsel,wikidata-6360
birim,33110056,Çamlıyayla,semt,ptt-semt
birim,33110057,Dorak Köyü,tarihsel,wikidata-6360
birim,33110057,Çamlıyayla,semt,ptt-semt
birim,33110059,Egemen Köyü,tarihsel,wikidata-6360
birim,33110059,Yolboyu,semt,ptt-semt
birim,33110060,Eminlik Köyü,tarihsel,wikidata-6360
birim,33110061,Emirler Köyü,tarihsel,wikidata-6360
birim,33110063,Esenler Köyü,tarihsel,wikidata-6360
birim,33110065,Eskişehir Köyü,tarihsel,wikidata-6360
birim,33110073,Göçük Köyü,tarihsel,wikidata-6360
birim,33110074,Gömmece Köyü,tarihsel,wikidata-6360
birim,33110077,Günyurdu Köyü,tarihsel,wikidata-6360
birim,33110078,Hacıbozan Köyü,tarihsel,wikidata-6360
birim,33110079,Hacıhamzalı Köyü,tarihsel,wikidata-6360
birim,33110080,Halitağa Köyü,tarihsel,wikidata-6360
birim,33110080,Yolboyu,semt,ptt-semt
birim,33110081,Hasanağa Köyü,tarihsel,wikidata-6360
birim,33110081,Yolboyu,semt,ptt-semt
birim,33110082,Heleke Köyü,tarihsel,wikidata-6360
birim,33110084,Çamlıyayla,semt,ptt-semt
birim,33110084,İbrişim Köyü,tarihsel,wikidata-6360
birim,33110085,İncirgediği Köyü,tarihsel,wikidata-6360
birim,33110086,İncirlikuyu Köyü,tarihsel,wikidata-6360
birim,33110087,İnköy Köyü,tarihsel,wikidata-6360
birim,33110089,Kaburgediği Köyü,tarihsel,wikidata-6360
birim,33110090,Kadelli Köyü,tarihsel,wikidata-6360
birim,33110091,Kaklıktaşı Köyü,tarihsel,wikidata-6360
birim,33110091,Çamlıyayla,semt,ptt-semt
birim,33110092,Kaleburcu Köyü,tarihsel,wikidata-6360
birim,33110092,Çamlıyayla,semt,ptt-semt
birim,33110093,Kanberhüyüğü Köyü,tarihsel,wikidata-6360
birim,33110094,Karaçerçili Köyü,tarihsel,wikidata-6360
birim,33110095,Karadiken Köyü,tarihsel,wikidata-6360
birim,33110095,Çamlıyayla,semt,ptt-semt
birim,33110096,Karadirlik Köyü,tarihsel,wikidata-6360
birim,33110096,Çamlıyayla,semt,ptt-semt
birim,33110097,Karakütük Köyü,tarihsel,wikidata-6360
birim,33110098,Karayayla Köyü,tarihsel,wikidata-6360
birim,33110099,Kargılı Köyü,tarihsel,wikidata-6360
birim,33110100,Karsavran Köyü,tarihsel,wikidata-6360
birim,33110102,Kayadibi Köyü,tarihsel,wikidata-6360
birim,33110103,Kefeli Köyü,tarihsel,wikidata-6360
birim,33110103,Yolboyu,semt,ptt-semt
birim,33110104,Kelahmet Köyü,tarihsel,wikidata-6360
birim,33110104,Yolboyu,semt,ptt-semt
birim,33110106,Kerimler Köyü,tarihsel,wikidata-6360
birim,33110106,Çamlıyayla,semt,ptt-semt
birim,33110107,Keşli Köyü,tarihsel,wikidata-6360
birim,33110108,Kırıt Köyü,tarihsel,wikidata-6360
birim,33110110,Kızılçukur Köyü,tarihsel,wikidata-6360
birim,33110112,Kocaköy Köyü,tarihsel,wikidata-6360
birim,33110113,Koçmarlı Köyü,tarihsel,wikidata-6360
birim,33110114,Konaklar Köyü,tarihsel,wikidata-6360
birim,33110115,Körlü Beyi Köyü,tarihsel,wikidata-6360
birim,33110116,Kösebalcı Köyü,tarihsel,wikidata-6360
birim,33110117,Köselerli Köyü,tarihsel,wikidata-6360
birim,33110117,Yolboyu,semt,ptt-semt
birim,33110118,Kozoluk Köyü,tarihsel,wikidata-6360
birim,33110119,Kulak Köyü,tarihsel,wikidata-6360
birim,33110119,Yolboyu,semt,ptt-semt
birim,33110120,Kumdere Köyü,tarihsel,wikidata-6360
birim,33110121,Kurbanlı Köyü,tarihsel,wikidata-6360
birim,33110121,Yolboyu,semt,ptt-semt
birim,33110122,Kurtçukuru Köyü,tarihsel,wikidata-6360
birim,33110123,Kuşçular Köyü,tarihsel,wikidata-6360
birim,33110124,Kütüklü Köyü,tarihsel,wikidata-6360
birim,33110125,Mahmutağa Köyü,tarihsel,wikidata-6360
birim,33110126,Mantaş Köyü,tarihsel,wikidata-6360
birim,33110126,Yolboyu,semt,ptt-semt
birim,33110127,Meşelik Köyü,tarihsel,wikidata-6360
birim,33110127,Çamlıyayla,semt,ptt-semt
birim,33110129,Muratlı Köyü,tarihsel,wikidata-6360
birim,33110130,Nemiroğlu Köyü,tarihsel,wikidata-6360
birim,33110132,Olukkoyağı Köyü,tarihsel,wikidata-6360
birim,33110133,Yolboyu,semt,ptt-semt
birim,33110133,Özbek Köyü,tarihsel,wikidata-6360
birim,33110134,Özlüce Köyü,tarihsel,wikidata-6360
birim,33110135,Pirömerli Köyü,tarihsel,wikidata-6360
birim,33110135,Çamlıyayla,semt,ptt-semt
birim,33110137,Sağlıklı Köyü,tarihsel,wikidata-6360
birim,33110137,Yolboyu,semt,ptt-semt
birim,33110139,Sandal Köyü,tarihsel,wikidata-6360
birim,33110140,Sanlıca Köyü,tarihsel,wikidata-6360
birim,33110141,Sarıveli Köyü,tarihsel,wikidata-6360
birim,33110141,Çamlıyayla,semt,ptt-semt
birim,33110142,Sayköy Köyü,tarihsel,wikidata-6360
birim,33110142,Çamlıyayla,semt,ptt-semt
birim,33110147,Simithacılı Köyü,tarihsel,wikidata-6360
birim,33110148,Sıraköy Köyü,tarihsel,wikidata-6360
birim,33110149,Sucular Köyü,tarihsel,wikidata-6360
birim,33110149,Çamlıyayla,semt,ptt-semt
birim,33110150,Takbaş Köyü,tarihsel,wikidata-6360
birim,33110150,Çamlıyayla,semt,ptt-semt
birim,33110151,Taşçılı Köyü,tarihsel,wikidata-6360
birim,33110151,Çamlıyayla,semt,ptt-semt
birim,33110152,Taşkuyu Köyü,tarihsel,wikidata-6360
birim,33110152,Çamlıyayla,semt,ptt-semt
birim,33110153,Taşobası Köyü,tarihsel,wikidata-6360
birim,33110154,Tekeliören Köyü,tarihsel,wikidata-6360
birim,33110156,Tepeçaylak Köyü,tarihsel,wikidata-6360
birim,33110157,Tepeköy Köyü,tarihsel,wikidata-6360
birim,33110157,Çamlıyayla,semt,ptt-semt
birim,33110158,Tepetaşpınar Köyü,tarihsel,wikidata-6360
birim,33110158,Çamlıyayla,semt,ptt-semt
birim,33110159,Topaklı Köyü,tarihsel,wikidata-6360
birim,33110159,Çamlıyayla,semt,ptt-semt
birim,33110160,Topçu Köyü,tarihsel,wikidata-6360
birim,33110162,Ulaş Köyü,tarihsel,wikidata-6360
birim,33110162,Çamlıyayla,semt,ptt-semt
birim,33110163,Verimli Köyü,tarihsel,wikidata-6360
birim,33110164,Yalamık Köyü,tarihsel,wikidata-6360
birim,33110164,Çamlıyayla,semt,ptt-semt
birim,33110165,Yanıkkışla Köyü,tarihsel,wikidata-6360
birim,33110166,Yaramış Köyü,tarihsel,wikidata-6360
birim,33110166,Yolboyu,semt,ptt-semt
birim,33110168,Yazlık Köyü,tarihsel,wikidata-6360
birim,33110171,Yeniçay Köyü,tarihsel,wikidata-6360
birim,33110171,Yolboyu,semt,ptt-semt
birim,33110173,Yeniköy Köyü,tarihsel,wikidata-6360
birim,33110176,Yolboyu,semt,ptt-semt
birim,33110178,Yüksek Köyü,tarihsel,wikidata-6360
birim,33110180,Yunusoğlu Köyü,tarihsel,wikidata-6360
birim,33120002,Aladağ Köyü,tarihsel,wikidata-6360
birim,33120003,Alanyalı Köyü,tarihsel,wikidata-6360
birim,33120011,Çağlarca Köyü,tarihsel,wikidata-6360
birim,33120012,Çamlıdere Köyü,tarihsel,wikidata-6360
birim,33120013,Çandır Köyü,tarihsel,wikidata-6360
birim,33120015,Çelebili Köyü,tarihsel,wikidata-6360
birim,33120016,Çopurlu Köyü,tarihsel,wikidata-6360
birim,33120018,Dalakdere Köyü,tarihsel,wikidata-6360
birim,33120019,Darısekisi Köyü,tarihsel,wikidata-6360
birim,33120020,Değirmendere Köyü,tarihsel,wikidata-6360
birim,33120021,Değnek Köyü,tarihsel,wikidata-6360
birim,33120023,Doruklu Köyü,tarihsel,wikidata-6360
birim,33120025,Evrenli Köyü,tarihsel,wikidata-6360
birim,33120028,Güzelyayla Köyü,tarihsel,wikidata-6360
birim,33120031,Horozlu Köyü,tarihsel,wikidata-6360
birim,33120033,Işıktepe Köyü,tarihsel,wikidata-6360
birim,33120034,Karaisalı Köyü,tarihsel,wikidata-6360
birim,33120036,Kavaklıpınar Köyü,tarihsel,wikidata-6360
birim,33120037,Kayrakkeşli Köyü,tarihsel,wikidata-6360
birim,33120038,Kepirli Köyü,tarihsel,wikidata-6360
birim,33120039,Kerimler Köyü,tarihsel,wikidata-6360
birim,33120040,Kızılkaya Köyü,tarihsel,wikidata-6360
birim,33120041,Korucular Köyü,tarihsel,wikidata-6360
birim,33120044,Kurudere Köyü,tarihsel,wikidata-6360
birim,33120051,Resulköy Köyü,tarihsel,wikidata-6360
birim,33120052,Sadiye Köyü,tarihsel,wikidata-6360
birim,33120054,Şahinpınarı Köyü,tarihsel,wikidata-6360
birim,33120063,Yavca Köyü,tarihsel,wikidata-6360
birim,33120064,Yeniköy Köyü,tarihsel,wikidata-6360
birim,33120065,Yüksekoluk Köyü,tarihsel,wikidata-6360
birim,33130001,Afetevler,semt,ptt-semt
birim,33130012,Afetevler,semt,ptt-semt
birim,33130016,Afetevler,semt,ptt-semt
birim,33130018,Afetevler,semt,ptt-semt
birim,33130025,Afetevler,semt,ptt-semt
birim,33130026,Afetevler,semt,ptt-semt
birim,34010004,Büyükada,semt,ptt-semt
birim,34010005,Büyükada,semt,ptt-semt
birim,34020004,Boğazköy,semt,ptt-semt
birim,34020005,Baklalı Köyü,tarihsel,wikidata-6360
birim,34020006,Balaban Köyü,tarihsel,wikidata-6360
birim,34020007,Boğazköy,semt,ptt-semt
birim,34020009,Boyalık Köyü,tarihsel,wikidata-6360
birim,34020010,Çilingir Köyü,tarihsel,wikidata-6360
birim,34020011,Deliklikaya Köyü,tarihsel,wikidata-6360
birim,34020012,Dursunköy Köyü,tarihsel,wikidata-6360
birim,34020015,Hacımaşlı Köyü,tarihsel,wikidata-6360
birim,34020020,İmrahor Köyü,tarihsel,wikidata-6360
birim,34020022,Karaburun Köyü,tarihsel,wikidata-6360
birim,34020029,Ömerli Köyü,tarihsel,wikidata-6360
birim,34020030,Sazlıbosna Köyü,tarihsel,wikidata-6360
birim,34020032,Tayakadın Köyü,tarihsel,wikidata-6360
birim,34020034,Yassıören Köyü,tarihsel,wikidata-6360
birim,34020036,Yeniköy Köyü,tarihsel,wikidata-6360
birim,34020037,Yeşilbayır Köyü,tarihsel,wikidata-6360
birim,34020038,Boğazköy,semt,ptt-semt
birim,34060002,Yenibosna,semt,ptt-semt
birim,34060004,Yenibosna,semt,ptt-semt
birim,34060010,Yenibosna,semt,ptt-semt
birim,34060011,Yenibosna,semt,ptt-semt
birim,34070001,Ataköy,semt,ptt-semt
birim,34070002,Ataköy,semt,ptt-semt
birim,34070003,Ataköy,semt,ptt-semt
birim,34070004,Ataköy,semt,ptt-semt
birim,34070005,Florya,semt,ptt-semt
birim,34070010,Florya,semt,ptt-semt
birim,34080002,Bahçeşehir,semt,ptt-semt
birim,34080003,Bahçeşehir,semt,ptt-semt
birim,34080009,Şamlar Köyü,tarihsel,wikidata-6360
birim,34080010,İkitelli,semt,ptt-semt
birim,34080011,İkitelli,semt,ptt-semt
birim,34090007,Numunebağ,semt,ptt-semt
birim,34090010,Numunebağ,semt,ptt-semt
birim,34100002,Akatlar,semt,ptt-semt
birim,34110002,Akbaba Köyü,tarihsel,wikidata-6360
birim,34110003,Alibahadır Köyü,tarihsel,wikidata-6360
birim,34110006,Anadolufeneri Köyü,tarihsel,wikidata-6360
birim,34110007,Çavuşbaşı,semt,ptt-semt
birim,34110008,Bozhane Köyü,tarihsel,wikidata-6360
birim,34110010,Çavuşbaşı,semt,ptt-semt
birim,34110011,Çavuşbaşı,semt,ptt-semt
birim,34110014,Cumhuriyet Köyü,tarihsel,wikidata-6360
birim,34110015,Dereseki Köyü,tarihsel,wikidata-6360
birim,34110016,Elmalı Köyü,tarihsel,wikidata-6360
birim,34110017,Çavuşbaşı,semt,ptt-semt
birim,34110019,Göllü Köyü,tarihsel,wikidata-6360
birim,34110020,Görele Köyü,tarihsel,wikidata-6360
birim,34110024,İshaklı Köyü,tarihsel,wikidata-6360
birim,34110027,Kaynarca Köyü,tarihsel,wikidata-6360
birim,34110028,Kılıçlı Köyü,tarihsel,wikidata-6360
birim,34110029,Mahmutşevketpaşa Köyü,tarihsel,wikidata-6360
birim,34110031,Öğümce Köyü,tarihsel,wikidata-6360
birim,34110032,Örnekköy Köyü,tarihsel,wikidata-6360
birim,34110035,Paşamandıra Köyü,tarihsel,wikidata-6360
birim,34110036,Polonezköy Köyü,tarihsel,wikidata-6360
birim,34110037,Poyrazköy Köyü,tarihsel,wikidata-6360
birim,34110038,Riva Köyü,tarihsel,wikidata-6360
birim,34110043,Çavuşbaşı,semt,ptt-semt
birim,34110045,Zerzavatçı Köyü,tarihsel,wikidata-6360
birim,34130002,İstiklal,semt,ptt-semt
birim,34130003,Kasımpaşa,semt,ptt-semt
birim,34130005,Tarlabaşı,semt,ptt-semt
birim,34130006,Tarlabaşı,semt,ptt-semt
birim,34130007,Kasımpaşa,semt,ptt-semt
birim,34130008,İstiklal,semt,ptt-semt
birim,34130010,Tarlabaşı,semt,ptt-semt
birim,34130012,İstiklal,semt,ptt-semt
birim,34130014,Kemankeş,semt,ptt-semt
birim,34130015,Taksim,semt,ptt-semt
birim,34130016,Kasımpaşa,semt,ptt-semt
birim,34130017,Kemankeş,semt,ptt-semt
birim,34130019,Tarlabaşı,semt,ptt-semt
birim,34130020,Kasımpaşa,semt,ptt-semt
birim,34130021,Kasımpaşa,semt,ptt-semt
birim,34130022,Tarlabaşı,semt,ptt-semt
birim,34130023,Tarlabaşı,semt,ptt-semt
birim,34130024,Kasımpaşa,semt,ptt-semt
birim,34130027,Kemankeş,semt,ptt-semt
birim,34130029,Taksim,semt,ptt-semt
birim,34130030,Kasımpaşa,semt,ptt-semt
birim,34130031,Kasımpaşa,semt,ptt-semt
birim,34130033,Kemankeş,semt,ptt-semt
birim,34130034,Pürtelaş,semt,ptt-semt
birim,34130037,Kasımpaşa,semt,ptt-semt
birim,34130038,Pürtelaş,semt,ptt-semt
birim,34130040,Tarlabaşı,semt,ptt-semt
birim,34130041,Tarlabaşı,semt,ptt-semt
birim,34130044,Kasımpaşa,semt,ptt-semt
birim,34130045,Tarlabaşı,semt,ptt-semt
birim,34140002,Ahmediye Köyü,tarihsel,wikidata-6360
birim,34140002,Tepecik,semt,ptt-semt
birim,34140006,Çakmaklı Köyü,tarihsel,wikidata-6360
birim,34140013,Tepecik,semt,ptt-semt
birim,34140015,Karaağaç Köyü,tarihsel,wikidata-6360
birim,34140022,Tepecik,semt,ptt-semt
birim,34140022,Türkoba Köyü,tarihsel,wikidata-6360
birim,34140023,Tepecik,semt,ptt-semt
birim,34150001,Akalan Köyü,tarihsel,wikidata-6360
birim,34150002,Atatürk Köyü,tarihsel,wikidata-6360
birim,34150004,Bahşayiş Köyü,tarihsel,wikidata-6360
birim,34150005,Başak Köyü,tarihsel,wikidata-6360
birim,34150006,Belgrat Köyü,tarihsel,wikidata-6360
birim,34150007,Çakıl Köyü,tarihsel,wikidata-6360
birim,34150008,Çanakça Köyü,tarihsel,wikidata-6360
birim,34150009,Celepköy Köyü,tarihsel,wikidata-6360
birim,34150010,Çiftlikköy Köyü,tarihsel,wikidata-6360
birim,34150011,Dağyenice Köyü,tarihsel,wikidata-6360
birim,34150012,Elbasan Köyü,tarihsel,wikidata-6360
birim,34150013,Fatih Köyü,tarihsel,wikidata-6360
birim,34150016,Gökçeali Köyü,tarihsel,wikidata-6360
birim,34150017,Gümüşpınar Köyü,tarihsel,wikidata-6360
birim,34150018,Hallaçlı Köyü,tarihsel,wikidata-6360
birim,34150019,Hisarbeyli Köyü,tarihsel,wikidata-6360
birim,34150020,İhsaniye Köyü,tarihsel,wikidata-6360
birim,34150021,İnceğiz Köyü,tarihsel,wikidata-6360
birim,34150022,İzzettin Köyü,tarihsel,wikidata-6360
birim,34150023,Kabakça Köyü,tarihsel,wikidata-6360
birim,34150024,Kaleiçi Köyü,tarihsel,wikidata-6360
birim,34150025,Kalfa Köyü,tarihsel,wikidata-6360
birim,34150026,Karacaköy Merkez Köyü,tarihsel,wikidata-6360
birim,34150028,Kestanelik Köyü,tarihsel,wikidata-6360
birim,34150029,Kızılcaali Köyü,tarihsel,wikidata-6360
birim,34150031,Nakkaş Köyü,tarihsel,wikidata-6360
birim,34150032,Oklalı Köyü,tarihsel,wikidata-6360
birim,34150033,Örcünlü Köyü,tarihsel,wikidata-6360
birim,34150034,Örencik Köyü,tarihsel,wikidata-6360
birim,34150035,Ormanlı Köyü,tarihsel,wikidata-6360
birim,34150036,Ovayenice Köyü,tarihsel,wikidata-6360
birim,34150037,Subaşı Köyü,tarihsel,wikidata-6360
birim,34150038,Yalıköy Köyü,tarihsel,wikidata-6360
birim,34150039,Yaylacık Köyü,tarihsel,wikidata-6360
birim,34150040,Yazlık Köyü,tarihsel,wikidata-6360
birim,34160009,Hüseyinli Köyü,tarihsel,wikidata-6360
birim,34160011,Koçullu Köyü,tarihsel,wikidata-6360
birim,34160017,Reşadiye Köyü,tarihsel,wikidata-6360
birim,34160018,Sırapınar Köyü,tarihsel,wikidata-6360
birim,34170001,Atışalanı,semt,ptt-semt
birim,34170002,Atışalanı,semt,ptt-semt
birim,34170005,Karabayır,semt,ptt-semt
birim,34170007,Atışalanı,semt,ptt-semt
birim,34170008,Karabayır,semt,ptt-semt
birim,34170009,Atışalanı,semt,ptt-semt
birim,34170010,Karabayır,semt,ptt-semt
birim,34170014,Sanayi,semt,ptt-semt
birim,34170015,Karabayır,semt,ptt-semt
birim,34170016,Sanayi,semt,ptt-semt
birim,34180001,Sanayi,semt,ptt-semt
birim,34180005,Sanayi,semt,ptt-semt
birim,34180006,Kıraç,semt,ptt-semt
birim,34180009,Kıraç,semt,ptt-semt
birim,34180010,Kıraç,semt,ptt-semt
birim,34180013,Sanayi,semt,ptt-semt
birim,34180015,Kıraç,semt,ptt-semt
birim,34180017,Kıraç,semt,ptt-semt
birim,34180020,Kıraç,semt,ptt-semt
birim,34180021,Sanayi,semt,ptt-semt
birim,34180026,Kıraç,semt,ptt-semt
birim,34180027,Sanayi,semt,ptt-semt
birim,34180029,Sanayi,semt,ptt-semt
birim,34180033,Kıraç,semt,ptt-semt
birim,34190002,Ağaçlı Köyü,tarihsel,wikidata-6360
birim,34190003,Akpınar Köyü,tarihsel,wikidata-6360
birim,34190006,Çiftalan Köyü,tarihsel,wikidata-6360
birim,34190008,Eyüp,semt,ptt-semt
birim,34190009,Rami,semt,ptt-semt
birim,34190012,Göktürk,semt,ptt-semt
birim,34190014,İhsaniye Köyü,tarihsel,wikidata-6360
birim,34190015,Işıklar Köyü,tarihsel,wikidata-6360
birim,34190016,Eyüp,semt,ptt-semt
birim,34190018,Eyüp,semt,ptt-semt
birim,34190019,Kemerburgaz,semt,ptt-semt
birim,34190020,Kemerburgaz,semt,ptt-semt
birim,34190021,Eyüp,semt,ptt-semt
birim,34190022,Odayeri Köyü,tarihsel,wikidata-6360
birim,34190023,Pirinççi Köyü,tarihsel,wikidata-6360
birim,34190024,Rami,semt,ptt-semt
birim,34190025,Rami,semt,ptt-semt
birim,34190026,Eyüp,semt,ptt-semt
birim,34190027,Eyüp,semt,ptt-semt
birim,34190028,Rami,semt,ptt-semt
birim,34200003,Eminönü,semt,ptt-semt
birim,34200007,Vefa,semt,ptt-semt
birim,34200009,Bayazıt,semt,ptt-semt
birim,34200014,Vefa,semt,ptt-semt
birim,34200016,Bayazıt,semt,ptt-semt
birim,34200017,Vefa,semt,ptt-semt
birim,34200020,Sirkeci,semt,ptt-semt
birim,34200021,Vefa,semt,ptt-semt
birim,34200022,Eminönü,semt,ptt-semt
birim,34200024,Vefa,semt,ptt-semt
birim,34200026,Kumkapı,semt,ptt-semt
birim,34200027,Vefa,semt,ptt-semt
birim,34200031,Kumkapı,semt,ptt-semt
birim,34200033,Bayazıt,semt,ptt-semt
birim,34200034,Kumkapı,semt,ptt-semt
birim,34200035,Mahmutpaşa,semt,ptt-semt
birim,34200037,Vefa,semt,ptt-semt
birim,34200038,Kumkapı,semt,ptt-semt
birim,34200039,Kumkapı,semt,ptt-semt
birim,34200041,Kumkapı,semt,ptt-semt
birim,34200042,Vefa,semt,ptt-semt
birim,34200044,Bayazıt,semt,ptt-semt
birim,34200050,Mahmutpaşa,semt,ptt-semt
birim,34200052,Mahmutpaşa,semt,ptt-semt
birim,34200054,Vefa,semt,ptt-semt
birim,34210002,Küçükköy,semt,ptt-semt
birim,34210004,Küçükköy,semt,ptt-semt
birim,34210005,Küçükköy,semt,ptt-semt
birim,34210013,Küçükköy,semt,ptt-semt
birim,34210014,Küçükköy,semt,ptt-semt
birim,34230001,Ondokuzmayıs,semt,ptt-semt
birim,34230005,Moda,semt,el
birim,34240010,Kağıthane Merkez,semt,ptt-semt
birim,34240011,Kağıthane Merkez,semt,ptt-semt
birim,34250004,Yakacık,semt,ptt-semt
birim,34250006,Soğanlık,semt,ptt-semt
birim,34250007,Yakacık,semt,ptt-semt
birim,34250011,Soğanlık,semt,ptt-semt
birim,34250013,Soğanlık,semt,ptt-semt
birim,34250016,Yakacık,semt,ptt-semt
birim,34260003,Sefaköy,semt,ptt-semt
birim,34260007,Sefaköy,semt,ptt-semt
birim,34260008,Sefaköy,semt,ptt-semt
birim,34260009,Halkalı,semt,ptt-semt
birim,34260010,Sefaköy,semt,ptt-semt
birim,34260011,Halkalı,semt,ptt-semt
birim,34260013,Sefaköy,semt,ptt-semt
birim,34260014,Sefaköy,semt,ptt-semt
birim,34260016,Sefaköy,semt,ptt-semt
birim,34260017,Sefaköy,semt,ptt-semt
birim,34260018,Sefaköy,semt,ptt-semt
birim,34260019,Halkalı,semt,ptt-semt
birim,34260021,Sefaköy,semt,ptt-semt
birim,34270002,Küçükyalı,semt,ptt-semt
birim,34270016,Küçükyalı,semt,ptt-semt
birim,34280003,Ballıca Köyü,tarihsel,wikidata-6360
birim,34280004,Çarşı,semt,ptt-semt
birim,34280008,Çarşı,semt,ptt-semt
birim,34280010,Emirli Köyü,tarihsel,wikidata-6360
birim,34280016,Göçbeyli Köyü,tarihsel,wikidata-6360
birim,34280021,Çarşı,semt,ptt-semt
birim,34280022,Kurna Köyü,tarihsel,wikidata-6360
birim,34280023,Kurtdoğmuş Köyü,tarihsel,wikidata-6360
birim,34290014,Paşaköy Köyü,tarihsel,wikidata-6360
birim,34300002,Bahçeköy,semt,ptt-semt
birim,34300003,Bahçeköy,semt,ptt-semt
birim,34300004,Bahçeköy,semt,ptt-semt
birim,34300011,Demirciköy Köyü,tarihsel,wikidata-6360
birim,34300015,Garipçe Köyü,tarihsel,wikidata-6360
birim,34300016,Gümüşdere Köyü,tarihsel,wikidata-6360
birim,34300021,Kısırkaya Köyü,tarihsel,wikidata-6360
birim,34300023,Kumköy Köyü,tarihsel,wikidata-6360
birim,34300030,Rumelifeneri Köyü,tarihsel,wikidata-6360
birim,34300035,Uskumruköy Köyü,tarihsel,wikidata-6360
birim,34300038,Zekeriyaköy Köyü,tarihsel,wikidata-6360
birim,34310001,Ağaçdere Köyü,tarihsel,wikidata-6360
birim,34310002,Ağva,semt,ptt-semt
birim,34310003,Ahmetli Köyü,tarihsel,wikidata-6360
birim,34310004,Akçakese Köyü,tarihsel,wikidata-6360
birim,34310005,Alacalı Köyü,tarihsel,wikidata-6360
birim,34310006,Avcıkoru Köyü,tarihsel,wikidata-6360
birim,34310008,Bıçkıdere Köyü,tarihsel,wikidata-6360
birim,34310009,Bozgoca Köyü,tarihsel,wikidata-6360
birim,34310010,Ağva,semt,ptt-semt
birim,34310010,Bucaklı Köyü,tarihsel,wikidata-6360
birim,34310011,Ağva,semt,ptt-semt
birim,34310011,Çataklı Köyü,tarihsel,wikidata-6360
birim,34310013,Çayırbaşı Köyü,tarihsel,wikidata-6360
birim,34310014,Ağva,semt,ptt-semt
birim,34310014,Çelebi Köyü,tarihsel,wikidata-6360
birim,34310015,Çengilli Köyü,tarihsel,wikidata-6360
birim,34310016,Darlık Köyü,tarihsel,wikidata-6360
birim,34310017,Değirmençayırı Köyü,tarihsel,wikidata-6360
birim,34310018,Doğancılı Köyü,tarihsel,wikidata-6360
birim,34310019,Erenler Köyü,tarihsel,wikidata-6360
birim,34310020,Esenceli Köyü,tarihsel,wikidata-6360
birim,34310021,Ağva,semt,ptt-semt
birim,34310021,Geredeli Köyü,tarihsel,wikidata-6360
birim,34310022,Ağva,semt,ptt-semt
birim,34310022,Göçe Köyü,tarihsel,wikidata-6360
birim,34310023,Ağva,semt,ptt-semt
birim,34310023,Gökmaşlı Köyü,tarihsel,wikidata-6360
birim,34310024,Ağva,semt,ptt-semt
birim,34310024,Göksu Köyü,tarihsel,wikidata-6360
birim,34310026,Ağva,semt,ptt-semt
birim,34310026,Hacıllı Köyü,tarihsel,wikidata-6360
birim,34310027,Hasanlı Köyü,tarihsel,wikidata-6360
birim,34310028,İmrendere Köyü,tarihsel,wikidata-6360
birim,34310029,İmrenli Köyü,tarihsel,wikidata-6360
birim,34310030,Ağva,semt,ptt-semt
birim,34310030,İsaköy Köyü,tarihsel,wikidata-6360
birim,34310031,Kabakoz Köyü,tarihsel,wikidata-6360
birim,34310032,Ağva,semt,ptt-semt
birim,34310032,Kadıköy Köyü,tarihsel,wikidata-6360
birim,34310033,Ağva,semt,ptt-semt
birim,34310033,Kalem Köyü,tarihsel,wikidata-6360
birim,34310034,Karabeyli Köyü,tarihsel,wikidata-6360
birim,34310035,Karacaköy Köyü,tarihsel,wikidata-6360
birim,34310036,Karakiraz Köyü,tarihsel,wikidata-6360
birim,34310037,Karamandere Köyü,tarihsel,wikidata-6360
birim,34310038,Kervansaray Köyü,tarihsel,wikidata-6360
birim,34310039,Kızılca Köyü,tarihsel,wikidata-6360
birim,34310040,Kömürlük Köyü,tarihsel,wikidata-6360
birim,34310041,Korucu Köyü,tarihsel,wikidata-6360
birim,34310043,Ağva,semt,ptt-semt
birim,34310043,Kurfallı Köyü,tarihsel,wikidata-6360
birim,34310044,Kurna Köyü,tarihsel,wikidata-6360
birim,34310045,Meşrutiyet Köyü,tarihsel,wikidata-6360
birim,34310046,Oruçoğlu Köyü,tarihsel,wikidata-6360
birim,34310047,Osmanköy Köyü,tarihsel,wikidata-6360
birim,34310048,Ovacık Köyü,tarihsel,wikidata-6360
birim,34310049,Sahilköy Köyü,tarihsel,wikidata-6360
birim,34310050,Satmazlı Köyü,tarihsel,wikidata-6360
birim,34310051,Sofular Köyü,tarihsel,wikidata-6360
birim,34310052,Ağva,semt,ptt-semt
birim,34310052,Soğullu Köyü,tarihsel,wikidata-6360
birim,34310053,Sortullu Köyü,tarihsel,wikidata-6360
birim,34310054,Ağva,semt,ptt-semt
birim,34310054,Şuayipli Köyü,tarihsel,wikidata-6360
birim,34310055,Teke Köyü,tarihsel,wikidata-6360
birim,34310056,Ulupelit Köyü,tarihsel,wikidata-6360
birim,34310057,Üvezli Köyü,tarihsel,wikidata-6360
birim,34310058,Yaka Köyü,tarihsel,wikidata-6360
birim,34310059,Yaylalı Köyü,tarihsel,wikidata-6360
birim,34310060,Yazımanayır Köyü,tarihsel,wikidata-6360
birim,34310061,Yeniköy Köyü,tarihsel,wikidata-6360
birim,34310062,Yeşilvadi Köyü,tarihsel,wikidata-6360
birim,34320001,Akören Köyü,tarihsel,wikidata-6360
birim,34320003,Alipaşa Köyü,tarihsel,wikidata-6360
birim,34320004,Bekirli Köyü,tarihsel,wikidata-6360
birim,34320005,Beyciler Köyü,tarihsel,wikidata-6360
birim,34320007,Büyük Kılıçlı Köyü,tarihsel,wikidata-6360
birim,34320008,Büyük Sinekli Köyü,tarihsel,wikidata-6360
birim,34320009,Çanta,semt,ptt-semt
birim,34320010,Çanta,semt,ptt-semt
birim,34320011,Çayırdere Köyü,tarihsel,wikidata-6360
birim,34320012,Çeltik Köyü,tarihsel,wikidata-6360
birim,34320014,Danamandıra Köyü,tarihsel,wikidata-6360
birim,34320015,Değirmenköy,semt,ptt-semt
birim,34320016,Değirmenköy,semt,ptt-semt
birim,34320018,Fener Köyü,tarihsel,wikidata-6360
birim,34320019,Gazitepe Köyü,tarihsel,wikidata-6360
birim,34320022,Kavaklı,semt,ptt-semt
birim,34320023,Kavaklı,semt,ptt-semt
birim,34320024,Küçük Kılıçlı Köyü,tarihsel,wikidata-6360
birim,34320025,Küçük Sinekli Köyü,tarihsel,wikidata-6360
birim,34320026,Kurfallı Köyü,tarihsel,wikidata-6360
birim,34320030,Sayalar Köyü,tarihsel,wikidata-6360
birim,34320033,Seymen Köyü,tarihsel,wikidata-6360
birim,34320035,Yolçatı Köyü,tarihsel,wikidata-6360
birim,34330005,Pangaltı,semt,ptt-semt
birim,34330012,Okmeydanı,semt,ptt-semt
birim,34330013,Okmeydanı,semt,ptt-semt
birim,34330014,Nişantaşı,semt,el
birim,34330015,Pangaltı,semt,ptt-semt
birim,34330017,Okmeydanı,semt,ptt-semt
birim,34330019,Okmeydanı,semt,ptt-semt
birim,34330021,Okmeydanı,semt,ptt-semt
birim,34330024,Nişantaşı,semt,el
birim,34350013,Yayla Köyü,tarihsel,wikidata-6360
birim,34360006,Çarşı,semt,ptt-semt
birim,34360007,Tersaneler,semt,ptt-semt
birim,34360010,Çarşı,semt,ptt-semt
birim,34360015,Çarşı,semt,ptt-semt
birim,34360017,Tepeören Köyü,tarihsel,wikidata-6360
birim,34360018,Tersaneler,semt,ptt-semt
birim,34390005,Topkapı,semt,ptt-semt
birim,35010001,Aşağışakran Köyü,tarihsel,wikidata-6360
birim,35010004,Bahçedere Köyü,tarihsel,wikidata-6360
birim,35010005,Bozköy Köyü,tarihsel,wikidata-6360
birim,35010006,Çakmaklı Köyü,tarihsel,wikidata-6360
birim,35010007,Çaltılıdere Köyü,tarihsel,wikidata-6360
birim,35010008,Çıtak Köyü,tarihsel,wikidata-6360
birim,35010009,Çoraklar Köyü,tarihsel,wikidata-6360
birim,35010010,Helvacı,semt,ptt-semt
birim,35010011,Güzelhisar Köyü,tarihsel,wikidata-6360
birim,35010012,Hacıömerli Köyü,tarihsel,wikidata-6360
birim,35010013,Horozgediği Köyü,tarihsel,wikidata-6360
birim,35010014,Kalabak Köyü,tarihsel,wikidata-6360
birim,35010015,Kapukaya Köyü,tarihsel,wikidata-6360
birim,35010016,Karaköy Köyü,tarihsel,wikidata-6360
birim,35010017,Karakuzu Köyü,tarihsel,wikidata-6360
birim,35010022,Samurlu Köyü,tarihsel,wikidata-6360
birim,35010023,Şehitkemal Köyü,tarihsel,wikidata-6360
birim,35010025,Uzunhasanlar Köyü,tarihsel,wikidata-6360
birim,35010029,Yukarı Şehitkemal Köyü,tarihsel,wikidata-6360
birim,35010030,Yüksekköy Köyü,tarihsel,wikidata-6360
birim,35030001,Alankıyı Köyü,tarihsel,wikidata-6360
birim,35030002,Alanköy Köyü,tarihsel,wikidata-6360
birim,35030003,Arıkbaşı Köyü,tarihsel,wikidata-6360
birim,35030004,Canlı,semt,ptt-semt
birim,35030005,Balcılar Köyü,tarihsel,wikidata-6360
birim,35030007,Buruncuk Köyü,tarihsel,wikidata-6360
birim,35030009,Çamlıbel Köyü,tarihsel,wikidata-6360
birim,35030010,Çenikler Köyü,tarihsel,wikidata-6360
birim,35030011,Çiftçigediği Köyü,tarihsel,wikidata-6360
birim,35030013,Çınardibi Köyü,tarihsel,wikidata-6360
birim,35030014,Çırpı,semt,ptt-semt
birim,35030015,Canlı,semt,ptt-semt
birim,35030017,Dereköy Köyü,tarihsel,wikidata-6360
birim,35030018,Dernekli Köyü,tarihsel,wikidata-6360
birim,35030019,Elifli Köyü,tarihsel,wikidata-6360
birim,35030020,Ergenli Köyü,tarihsel,wikidata-6360
birim,35030022,Fırınlı Köyü,tarihsel,wikidata-6360
birim,35030023,Gaziler Köyü,tarihsel,wikidata-6360
birim,35030026,Hasköy Köyü,tarihsel,wikidata-6360
birim,35030026,Çırpı,semt,ptt-semt
birim,35030028,Havuzbaşı Köyü,tarihsel,wikidata-6360
birim,35030029,Hisarlık Köyü,tarihsel,wikidata-6360
birim,35030030,Çırpı,semt,ptt-semt
birim,35030031,Kabaağaç Köyü,tarihsel,wikidata-6360
birim,35030032,Karahalilli Köyü,tarihsel,wikidata-6360
birim,35030033,Karahayıt Köyü,tarihsel,wikidata-6360
birim,35030034,Karapınar Köyü,tarihsel,wikidata-6360
birim,35030035,Canlı,semt,ptt-semt
birim,35030035,Karaveliler Köyü,tarihsel,wikidata-6360
birim,35030036,Kızılcaağaç Köyü,tarihsel,wikidata-6360
birim,35030037,Kızılcaova Köyü,tarihsel,wikidata-6360
birim,35030038,Kızılkeçili Köyü,tarihsel,wikidata-6360
birim,35030039,Kızıloba Köyü,tarihsel,wikidata-6360
birim,35030041,Lütuflar Köyü,tarihsel,wikidata-6360
birim,35030042,Çırpı,semt,ptt-semt
birim,35030044,Çırpı,semt,ptt-semt
birim,35030046,Osmanlar Köyü,tarihsel,wikidata-6360
birim,35030047,Pınarlı Köyü,tarihsel,wikidata-6360
birim,35030049,Sarıyurt Köyü,tarihsel,wikidata-6360
birim,35030050,Söğütören Köyü,tarihsel,wikidata-6360
birim,35030051,Tokatbaşı Köyü,tarihsel,wikidata-6360
birim,35030052,Turan Köyü,tarihsel,wikidata-6360
birim,35030053,Yakacık Köyü,tarihsel,wikidata-6360
birim,35030054,Yakapınar Köyü,tarihsel,wikidata-6360
birim,35030057,Yeşilova Köyü,tarihsel,wikidata-6360
birim,35030058,Yusuflu Köyü,tarihsel,wikidata-6360
birim,35050001,Ahmetbeyler Köyü,tarihsel,wikidata-6360
birim,35050002,Akçenger Köyü,tarihsel,wikidata-6360
birim,35050003,Alacalar Köyü,tarihsel,wikidata-6360
birim,35050004,Alhatlı Köyü,tarihsel,wikidata-6360
birim,35050005,Alibeyli Köyü,tarihsel,wikidata-6360
birim,35050006,Armağanlar Köyü,tarihsel,wikidata-6360
birim,35050007,Aşağıbey Köyü,tarihsel,wikidata-6360
birim,35050008,Aşağıcuma Köyü,tarihsel,wikidata-6360
birim,35050009,Aşağıılgındere Köyü,tarihsel,wikidata-6360
birim,35050010,Aşağıkırıklar Köyü,tarihsel,wikidata-6360
birim,35050012,Atçılar Köyü,tarihsel,wikidata-6360
birim,35050014,Avunduk Köyü,tarihsel,wikidata-6360
birim,35050015,Avunduruk Köyü,tarihsel,wikidata-6360
birim,35050017,Ayvatlar Köyü,tarihsel,wikidata-6360
birim,35050018,Aziziye Köyü,tarihsel,wikidata-6360
birim,35050020,Balaban Köyü,tarihsel,wikidata-6360
birim,35050022,Bayramcılar Köyü,tarihsel,wikidata-6360
birim,35050023,Bekirler Köyü,tarihsel,wikidata-6360
birim,35050025,Bozköy Köyü,tarihsel,wikidata-6360
birim,35050026,Bozyerler Köyü,tarihsel,wikidata-6360
birim,35050027,Çakırlar Köyü,tarihsel,wikidata-6360
birim,35050028,Çalıbahçe Köyü,tarihsel,wikidata-6360
birim,35050029,Çaltıkoru Köyü,tarihsel,wikidata-6360
birim,35050030,Çamavlu Köyü,tarihsel,wikidata-6360
birim,35050031,Çamköy Köyü,tarihsel,wikidata-6360
birim,35050032,Çamoba Köyü,tarihsel,wikidata-6360
birim,35050033,Çeltikçi Köyü,tarihsel,wikidata-6360
birim,35050034,Cevaplı Köyü,tarihsel,wikidata-6360
birim,35050035,Çitköy Köyü,tarihsel,wikidata-6360
birim,35050036,Çobanlar Köyü,tarihsel,wikidata-6360
birim,35050037,Çürükbağlar Köyü,tarihsel,wikidata-6360
birim,35050038,Dağıstan Köyü,tarihsel,wikidata-6360
birim,35050039,Demircidere Köyü,tarihsel,wikidata-6360
birim,35050040,Dereköy Köyü,tarihsel,wikidata-6360
birim,35050041,Doğancı Köyü,tarihsel,wikidata-6360
birim,35050042,Durmuşlar Köyü,tarihsel,wikidata-6360
birim,35050043,Eğiller Köyü,tarihsel,wikidata-6360
birim,35050044,Eğrigöl Köyü,tarihsel,wikidata-6360
birim,35050047,Ferizler Köyü,tarihsel,wikidata-6360
birim,35050049,Gaylan Köyü,tarihsel,wikidata-6360
birim,35050052,Göbeller Köyü,tarihsel,wikidata-6360
birim,35050054,Gökçeyurt Köyü,tarihsel,wikidata-6360
birim,35050055,Gültepe Köyü,tarihsel,wikidata-6360
birim,35050056,Güneşli Köyü,tarihsel,wikidata-6360
birim,35050057,Hacıhamzalar Köyü,tarihsel,wikidata-6360
birim,35050060,Halilağalar Köyü,tarihsel,wikidata-6360
birim,35050061,Hamzalısüleymaniye Köyü,tarihsel,wikidata-6360
birim,35050062,Hisarköy Köyü,tarihsel,wikidata-6360
birim,35050063,İkizler Köyü,tarihsel,wikidata-6360
birim,35050065,İncecikler Köyü,tarihsel,wikidata-6360
birim,35050066,İneşir Köyü,tarihsel,wikidata-6360
birim,35050069,İsmailli Köyü,tarihsel,wikidata-6360
birim,35050070,Kadıköy Köyü,tarihsel,wikidata-6360
birim,35050071,Kadriye Köyü,tarihsel,wikidata-6360
birim,35050072,Kaleardı Köyü,tarihsel,wikidata-6360
birim,35050075,Kapukaya Köyü,tarihsel,wikidata-6360
birim,35050076,Karahıdırlı Köyü,tarihsel,wikidata-6360
birim,35050077,Karalar Köyü,tarihsel,wikidata-6360
birim,35050078,Karaveliler Köyü,tarihsel,wikidata-6360
birim,35050079,Kaşıkçı Köyü,tarihsel,wikidata-6360
birim,35050080,Katrancı Köyü,tarihsel,wikidata-6360
birim,35050081,Kıranlı Köyü,tarihsel,wikidata-6360
birim,35050082,Kırcalar Köyü,tarihsel,wikidata-6360
birim,35050083,Kızıltepe Köyü,tarihsel,wikidata-6360
birim,35050084,Kocahaliller Köyü,tarihsel,wikidata-6360
birim,35050085,Kocaköy Köyü,tarihsel,wikidata-6360
birim,35050086,Koyuneli Köyü,tarihsel,wikidata-6360
birim,35050087,Kozluca Köyü,tarihsel,wikidata-6360
birim,35050088,Kurfallı Köyü,tarihsel,wikidata-6360
birim,35050090,Mahmudiye Köyü,tarihsel,wikidata-6360
birim,35050092,Maruflar Köyü,tarihsel,wikidata-6360
birim,35050093,Muratlar Köyü,tarihsel,wikidata-6360
birim,35050094,Narlıca Köyü,tarihsel,wikidata-6360
birim,35050095,Okçular Köyü,tarihsel,wikidata-6360
birim,35050096,Öksüzler Köyü,tarihsel,wikidata-6360
birim,35050097,Örenli Köyü,tarihsel,wikidata-6360
birim,35050098,Örlemiş Köyü,tarihsel,wikidata-6360
birim,35050099,Oruşlar Köyü,tarihsel,wikidata-6360
birim,35050100,Ovacık Köyü,tarihsel,wikidata-6360
birim,35050101,Paşaköy Köyü,tarihsel,wikidata-6360
birim,35050102,Pınarköy Köyü,tarihsel,wikidata-6360
birim,35050103,Pireveliler Köyü,tarihsel,wikidata-6360
birim,35050104,Rahmanlar Köyü,tarihsel,wikidata-6360
birim,35050105,Sağancı Köyü,tarihsel,wikidata-6360
birim,35050106,Sarıcalar Köyü,tarihsel,wikidata-6360
birim,35050107,Sarıcaoğlu Köyü,tarihsel,wikidata-6360
birim,35050108,Sarıdere Köyü,tarihsel,wikidata-6360
birim,35050109,Seklik Köyü,tarihsel,wikidata-6360
birim,35050111,Sindel Köyü,tarihsel,wikidata-6360
birim,35050112,Süleymanlı Köyü,tarihsel,wikidata-6360
birim,35050114,Tavukçukuru Köyü,tarihsel,wikidata-6360
birim,35050115,Tekkedere Köyü,tarihsel,wikidata-6360
birim,35050116,Tepeköy Köyü,tarihsel,wikidata-6360
birim,35050117,Terzihaliller Köyü,tarihsel,wikidata-6360
birim,35050118,Tırmanlar Köyü,tarihsel,wikidata-6360
birim,35050119,Tiyelti Köyü,tarihsel,wikidata-6360
birim,35050120,Topallar Köyü,tarihsel,wikidata-6360
birim,35050122,Üçtepe Köyü,tarihsel,wikidata-6360
birim,35050124,Ürkütler Köyü,tarihsel,wikidata-6360
birim,35050125,Yalnızdam Köyü,tarihsel,wikidata-6360
birim,35050126,Yalnızev Köyü,tarihsel,wikidata-6360
birim,35050128,Yeniler Köyü,tarihsel,wikidata-6360
birim,35050129,Yerlitahtacı Köyü,tarihsel,wikidata-6360
birim,35050130,Yortanlı Köyü,tarihsel,wikidata-6360
birim,35050131,Yukarıada Köyü,tarihsel,wikidata-6360
birim,35050132,Yukarıbey Köyü,tarihsel,wikidata-6360
birim,35050133,Yukarıcuma Köyü,tarihsel,wikidata-6360
birim,35050134,Yukarıkırıklar Köyü,tarihsel,wikidata-6360
birim,35050136,Zağnoz Köyü,tarihsel,wikidata-6360
birim,35060001,Adaküre Köyü,tarihsel,wikidata-6360
birim,35060003,Alakeçili Köyü,tarihsel,wikidata-6360
birim,35060005,Bakırköy Köyü,tarihsel,wikidata-6360
birim,35060007,Çamlık Köyü,tarihsel,wikidata-6360
birim,35060008,Çiftlikköy Köyü,tarihsel,wikidata-6360
birim,35060009,Çomaklar Köyü,tarihsel,wikidata-6360
birim,35060011,Eğridere Köyü,tarihsel,wikidata-6360
birim,35060012,Erikli Köyü,tarihsel,wikidata-6360
birim,35060013,Halıköy Köyü,tarihsel,wikidata-6360
birim,35060014,Karaoba Köyü,tarihsel,wikidata-6360
birim,35060015,Kurudere Köyü,tarihsel,wikidata-6360
birim,35060016,Menderes Köyü,tarihsel,wikidata-6360
birim,35060017,Mutaflar Köyü,tarihsel,wikidata-6360
birim,35060018,Palamutçuk Köyü,tarihsel,wikidata-6360
birim,35060019,Sarıkaya Köyü,tarihsel,wikidata-6360
birim,35060020,Tabaklar Köyü,tarihsel,wikidata-6360
birim,35060021,Yağcılar Köyü,tarihsel,wikidata-6360
birim,35060022,Yeniyurt Köyü,tarihsel,wikidata-6360
birim,35060023,Yeşiltepe Köyü,tarihsel,wikidata-6360
birim,35060024,Yukarıaktepe Köyü,tarihsel,wikidata-6360
birim,35060025,Yukarıtosunlar Köyü,tarihsel,wikidata-6360
birim,35070002,Çamdibi,semt,ptt-semt
birim,35070003,Beşyol Köyü,tarihsel,wikidata-6360
birim,35070004,Altındağ,semt,ptt-semt
birim,35070005,Çamiçi Köyü,tarihsel,wikidata-6360
birim,35070006,Altındağ,semt,ptt-semt
birim,35070007,Çiçekli Köyü,tarihsel,wikidata-6360
birim,35070008,Çamdibi,semt,ptt-semt
birim,35070010,Işıkkent,semt,ptt-semt
birim,35070011,Eğridere Köyü,tarihsel,wikidata-6360
birim,35070016,Çamdibi,semt,ptt-semt
birim,35070017,Gökdere Köyü,tarihsel,wikidata-6360
birim,35070018,Pınarbaşı,semt,ptt-semt
birim,35070020,Işıkkent,semt,ptt-semt
birim,35070021,Karaçam Köyü,tarihsel,wikidata-6360
birim,35070022,Işıkkent,semt,ptt-semt
birim,35070023,Kavaklıdere Köyü,tarihsel,wikidata-6360
birim,35070024,Kayadibi Köyü,tarihsel,wikidata-6360
birim,35070026,Pınarbaşı,semt,ptt-semt
birim,35070028,Altındağ,semt,ptt-semt
birim,35070029,Kurudere Köyü,tarihsel,wikidata-6360
birim,35070030,Laka Köyü,tarihsel,wikidata-6360
birim,35070031,Çamdibi,semt,ptt-semt
birim,35070032,Altındağ,semt,ptt-semt
birim,35070035,Çamdibi,semt,ptt-semt
birim,35070036,Sarnıçköy Köyü,tarihsel,wikidata-6360
birim,35070037,Altındağ,semt,ptt-semt
birim,35070038,Çamdibi,semt,ptt-semt
birim,35070039,Pınarbaşı,semt,ptt-semt
birim,35070040,Yakaköy Köyü,tarihsel,wikidata-6360
birim,35070042,Altındağ,semt,ptt-semt
birim,35070043,Çamdibi,semt,ptt-semt
birim,35070044,Pınarbaşı,semt,ptt-semt
birim,35070045,Altındağ,semt,ptt-semt
birim,35080001,Kaynaklar,semt,ptt-semt
birim,35080002,Evka1,semt,ptt-semt
birim,35080003,Şirinyer,semt,ptt-semt
birim,35080005,Evka1,semt,ptt-semt
birim,35080006,İşçievleri,semt,ptt-semt
birim,35080007,Belenbaşı Köyü,tarihsel,wikidata-6360
birim,35080009,Evka1,semt,ptt-semt
birim,35080010,İşçievleri,semt,ptt-semt
birim,35080011,İşçievleri,semt,ptt-semt
birim,35080014,Evka1,semt,ptt-semt
birim,35080015,İşçievleri,semt,ptt-semt
birim,35080016,Doğancılar Köyü,tarihsel,wikidata-6360
birim,35080017,Evka1,semt,ptt-semt
birim,35080018,Şirinyer,semt,ptt-semt
birim,35080019,Şirinyer,semt,ptt-semt
birim,35080020,Evka1,semt,ptt-semt
birim,35080021,Şirinyer,semt,ptt-semt
birim,35080022,İşçievleri,semt,ptt-semt
birim,35080023,İşçievleri,semt,ptt-semt
birim,35080024,Şirinyer,semt,ptt-semt
birim,35080025,Şirinyer,semt,ptt-semt
birim,35080026,Evka1,semt,ptt-semt
birim,35080027,Karacaağaç Köyü,tarihsel,wikidata-6360
birim,35080028,Evka1,semt,ptt-semt
birim,35080030,Kırklar Köyü,tarihsel,wikidata-6360
birim,35080033,İşçievleri,semt,ptt-semt
birim,35080034,İşçievleri,semt,ptt-semt
birim,35080035,Evka1,semt,ptt-semt
birim,35080036,Şirinyer,semt,ptt-semt
birim,35080037,Şirinyer,semt,ptt-semt
birim,35080038,Evka1,semt,ptt-semt
birim,35080039,İşçievleri,semt,ptt-semt
birim,35080040,Şirinyer,semt,ptt-semt
birim,35080041,Evka1,semt,ptt-semt
birim,35080043,Şirinyer,semt,ptt-semt
birim,35080044,İşçievleri,semt,ptt-semt
birim,35080046,Kaynaklar,semt,ptt-semt
birim,35080047,Kaynaklar,semt,ptt-semt
birim,35080048,Evka1,semt,ptt-semt
birim,35090013,Germiyan Köyü,tarihsel,wikidata-6360
birim,35090014,Ildır Köyü,tarihsel,wikidata-6360
birim,35090017,Karaköy Köyü,tarihsel,wikidata-6360
birim,35090019,Ovacık Köyü,tarihsel,wikidata-6360
birim,35100001,Harmandalı,semt,ptt-semt
birim,35100002,Büyükçiğli,semt,ptt-semt
birim,35100005,Büyükçiğli,semt,ptt-semt
birim,35100008,Harmandalı,semt,ptt-semt
birim,35100011,Büyükçiğli,semt,ptt-semt
birim,35100013,Büyükçiğli,semt,ptt-semt
birim,35100014,Büyükçiğli,semt,ptt-semt
birim,35100015,Harmandalı,semt,ptt-semt
birim,35100016,Harmandalı,semt,ptt-semt
birim,35100018,Kaklıç Köyü,tarihsel,wikidata-6360
birim,35100019,Büyükçiğli,semt,ptt-semt
birim,35100021,Büyükçiğli,semt,ptt-semt
birim,35100023,Büyükçiğli,semt,ptt-semt
birim,35100024,Harmandalı,semt,ptt-semt
birim,35100025,Büyükçiğli,semt,ptt-semt
birim,35110001,Bademli Köyü,tarihsel,wikidata-6360
birim,35110002,Bahçeli Köyü,tarihsel,wikidata-6360
birim,35110003,Çağlan Köyü,tarihsel,wikidata-6360
birim,35110005,Çukuralanı Köyü,tarihsel,wikidata-6360
birim,35110007,Deliktaş Köyü,tarihsel,wikidata-6360
birim,35110008,Demirtaş Köyü,tarihsel,wikidata-6360
birim,35110009,Denizköy Köyü,tarihsel,wikidata-6360
birim,35110010,Esentepe Köyü,tarihsel,wikidata-6360
birim,35110012,Gökçeağıl Köyü,tarihsel,wikidata-6360
birim,35110013,İslamlar Köyü,tarihsel,wikidata-6360
birim,35110015,Kabakum Köyü,tarihsel,wikidata-6360
birim,35110016,Katıralanı Köyü,tarihsel,wikidata-6360
birim,35110017,Kıratlı Köyü,tarihsel,wikidata-6360
birim,35110018,Kıroba Köyü,tarihsel,wikidata-6360
birim,35110019,Kızılçukur Köyü,tarihsel,wikidata-6360
birim,35110020,Kocaoba Köyü,tarihsel,wikidata-6360
birim,35110021,Mazılı Köyü,tarihsel,wikidata-6360
birim,35110022,Merdivenli Köyü,tarihsel,wikidata-6360
birim,35110023,Nebiler Köyü,tarihsel,wikidata-6360
birim,35110024,Salihler Köyü,tarihsel,wikidata-6360
birim,35110026,Samanlıkköy Köyü,tarihsel,wikidata-6360
birim,35110027,Uzunburun Köyü,tarihsel,wikidata-6360
birim,35110028,Yahşibey Köyü,tarihsel,wikidata-6360
birim,35110029,Yaylayurt Köyü,tarihsel,wikidata-6360
birim,35110030,Yenice Köyü,tarihsel,wikidata-6360
birim,35120002,Yenifoça,semt,ptt-semt
birim,35120003,Yenifoça,semt,ptt-semt
birim,35120004,Yenifoça,semt,ptt-semt
birim,35120006,Bağarası,semt,ptt-semt
birim,35120007,Ilıpınar Köyü,tarihsel,wikidata-6360
birim,35120009,Bağarası,semt,ptt-semt
birim,35120012,Kozbeyli Köyü,tarihsel,wikidata-6360
birim,35120015,Yenibağarası Köyü,tarihsel,wikidata-6360
birim,35120016,Yeniköy Köyü,tarihsel,wikidata-6360
birim,35140002,Çamlı Köyü,tarihsel,wikidata-6360
birim,35140005,Küçükkaya Köyü,tarihsel,wikidata-6360
birim,35140008,Payamlı Köyü,tarihsel,wikidata-6360
birim,35150003,Yeşilyurt,semt,ptt-semt
birim,35150004,Yeşilyurt,semt,ptt-semt
birim,35150005,Hatay,semt,ptt-semt
birim,35150006,Zincirlikuyu,semt,ptt-semt
birim,35150008,Zincirlikuyu,semt,ptt-semt
birim,35150009,Hatay,semt,ptt-semt
birim,35150010,Yeşilyurt,semt,ptt-semt
birim,35150012,Hatay,semt,ptt-semt
birim,35150013,Zincirlikuyu,semt,ptt-semt
birim,35150014,Zincirlikuyu,semt,ptt-semt
birim,35150016,Zincirlikuyu,semt,ptt-semt
birim,35150018,Yeşilyurt,semt,ptt-semt
birim,35150019,Yeşilyurt,semt,ptt-semt
birim,35150024,Zincirlikuyu,semt,ptt-semt
birim,35150026,Zincirlikuyu,semt,ptt-semt
birim,35150029,Zincirlikuyu,semt,ptt-semt
birim,35150030,Kavacık Köyü,tarihsel,wikidata-6360
birim,35150031,Yeşilyurt,semt,ptt-semt
birim,35150033,Yeşilyurt,semt,ptt-semt
birim,35150037,Zincirlikuyu,semt,ptt-semt
birim,35150041,Yeşilyurt,semt,ptt-semt
birim,35150042,Yeşilyurt,semt,ptt-semt
birim,35150043,Yeşilyurt,semt,ptt-semt
birim,35150044,Zincirlikuyu,semt,ptt-semt
birim,35150048,Yeşilyurt,semt,ptt-semt
birim,35150049,Tırazlı Köyü,tarihsel,wikidata-6360
birim,35150051,Zincirlikuyu,semt,ptt-semt
birim,35150054,Yeşilyurt,semt,ptt-semt
birim,35160001,Anbarseki Köyü,tarihsel,wikidata-6360
birim,35160002,Bozköy Köyü,tarihsel,wikidata-6360
birim,35160003,Eğlenhoca Köyü,tarihsel,wikidata-6360
birim,35160004,Hasseki Köyü,tarihsel,wikidata-6360
birim,35160005,İnecik Köyü,tarihsel,wikidata-6360
birim,35160007,Kösedere Köyü,tarihsel,wikidata-6360
birim,35160008,Küçükbahçe Köyü,tarihsel,wikidata-6360
birim,35160011,Parlak Köyü,tarihsel,wikidata-6360
birim,35160012,Saip Köyü,tarihsel,wikidata-6360
birim,35160013,Salman Köyü,tarihsel,wikidata-6360
birim,35160014,Sarpıncık Köyü,tarihsel,wikidata-6360
birim,35160015,Tepeboz Köyü,tarihsel,wikidata-6360
birim,35160016,Yayla Köyü,tarihsel,wikidata-6360
birim,35170003,Denizbostanlısı,semt,ptt-semt
birim,35170007,Denizbostanlısı,semt,ptt-semt
birim,35170017,Denizbostanlısı,semt,ptt-semt
birim,35170021,Sancaklı Köyü,tarihsel,wikidata-6360
birim,35170026,Yamanlar Köyü,tarihsel,wikidata-6360
birim,35180001,Akalan Köyü,tarihsel,wikidata-6360
birim,35180002,Ansızca Köyü,tarihsel,wikidata-6360
birim,35180003,Armutlu,semt,ptt-semt
birim,35180004,Armutlu,semt,ptt-semt
birim,35180006,Aşağıkızılca Köyü,tarihsel,wikidata-6360
birim,35180008,Bağyurdu,semt,ptt-semt
birim,35180009,Bağyurdu,semt,ptt-semt
birim,35180010,Bağyurdu,semt,ptt-semt
birim,35180011,Bağyurdu,semt,ptt-semt
birim,35180012,Bayramlı Köyü,tarihsel,wikidata-6360
birim,35180013,Beşpınar Köyü,tarihsel,wikidata-6360
birim,35180014,Çambel Köyü,tarihsel,wikidata-6360
birim,35180015,Çınarköy Köyü,tarihsel,wikidata-6360
birim,35180016,Çiniliköy Köyü,tarihsel,wikidata-6360
birim,35180017,Cumalı Köyü,tarihsel,wikidata-6360
birim,35180018,Damlacık Köyü,tarihsel,wikidata-6360
birim,35180019,Dereköy Köyü,tarihsel,wikidata-6360
birim,35180020,Gökçeyurt Köyü,tarihsel,wikidata-6360
birim,35180021,Gökyaka Köyü,tarihsel,wikidata-6360
birim,35180022,Bağyurdu,semt,ptt-semt
birim,35180022,Halilbeyli Köyü,tarihsel,wikidata-6360
birim,35180023,Hamzababa Köyü,tarihsel,wikidata-6360
birim,35180024,Kamberler Köyü,tarihsel,wikidata-6360
birim,35180025,Kızılüzüm Köyü,tarihsel,wikidata-6360
birim,35180026,Kuyucak Köyü,tarihsel,wikidata-6360
birim,35180028,Nazarköy Köyü,tarihsel,wikidata-6360
birim,35180030,Ören,semt,ptt-semt
birim,35180031,Örnekköy Köyü,tarihsel,wikidata-6360
birim,35180032,Ovacık Köyü,tarihsel,wikidata-6360
birim,35180033,Sarıçalı Köyü,tarihsel,wikidata-6360
birim,35180034,Sarılar Köyü,tarihsel,wikidata-6360
birim,35180036,Sinancılar Köyü,tarihsel,wikidata-6360
birim,35180038,Sütçüler Köyü,tarihsel,wikidata-6360
birim,35180039,Ulucak,semt,ptt-semt
birim,35180040,Ulucak,semt,ptt-semt
birim,35180041,Ulucak,semt,ptt-semt
birim,35180042,Vişneli Köyü,tarihsel,wikidata-6360
birim,35180043,Yenikurudere Köyü,tarihsel,wikidata-6360
birim,35180044,Yenmiş Köyü,tarihsel,wikidata-6360
birim,35180045,Yeşilköy Köyü,tarihsel,wikidata-6360
birim,35180046,Yeşilyurt Köyü,tarihsel,wikidata-6360
birim,35180047,Yiğitler Köyü,tarihsel,wikidata-6360
birim,35180049,Zeamet Köyü,tarihsel,wikidata-6360
birim,35190001,Arpadere Köyü,tarihsel,wikidata-6360
birim,35190002,Arpaseki Köyü,tarihsel,wikidata-6360
birim,35190004,Aziziye Köyü,tarihsel,wikidata-6360
birim,35190005,Bademalan Köyü,tarihsel,wikidata-6360
birim,35190006,Bağalan Köyü,tarihsel,wikidata-6360
birim,35190007,Balaban Köyü,tarihsel,wikidata-6360
birim,35190008,Büyükoba Köyü,tarihsel,wikidata-6360
birim,35190009,Çaltı Köyü,tarihsel,wikidata-6360
birim,35190010,Çanköy Köyü,tarihsel,wikidata-6360
birim,35190011,Çiftlikköy Köyü,tarihsel,wikidata-6360
birim,35190012,Cumalı Köyü,tarihsel,wikidata-6360
birim,35190013,Değirmencieli Köyü,tarihsel,wikidata-6360
birim,35190014,Dündarlı Köyü,tarihsel,wikidata-6360
birim,35190015,Elmadere Köyü,tarihsel,wikidata-6360
birim,35190017,Hamzahocalı Köyü,tarihsel,wikidata-6360
birim,35190018,İbrahimağa Köyü,tarihsel,wikidata-6360
birim,35190019,Işıklar Köyü,tarihsel,wikidata-6360
birim,35190020,Kalemköy Köyü,tarihsel,wikidata-6360
birim,35190021,Karadere Köyü,tarihsel,wikidata-6360
birim,35190022,Karatekeli Köyü,tarihsel,wikidata-6360
birim,35190023,Kocaömer Köyü,tarihsel,wikidata-6360
birim,35190024,Kodukburun Köyü,tarihsel,wikidata-6360
birim,35190025,Köseler Köyü,tarihsel,wikidata-6360
birim,35190026,Mıstıklar Köyü,tarihsel,wikidata-6360
birim,35190027,Musacalı Köyü,tarihsel,wikidata-6360
birim,35190028,Örtülü Köyü,tarihsel,wikidata-6360
birim,35190031,Sucahlı Köyü,tarihsel,wikidata-6360
birim,35190032,Taştepe Köyü,tarihsel,wikidata-6360
birim,35190035,Yaylaköy Köyü,tarihsel,wikidata-6360
birim,35200001,Ahmetler Köyü,tarihsel,wikidata-6360
birim,35200002,Akpınar Köyü,tarihsel,wikidata-6360
birim,35200003,Altınoluk Köyü,tarihsel,wikidata-6360
birim,35200004,Arkacılar Köyü,tarihsel,wikidata-6360
birim,35200005,Avunduruk Köyü,tarihsel,wikidata-6360
birim,35200006,Aydoğdu Köyü,tarihsel,wikidata-6360
birim,35200007,Bahçearası Köyü,tarihsel,wikidata-6360
birim,35200008,Başaran Köyü,tarihsel,wikidata-6360
birim,35200009,Çanakçı Köyü,tarihsel,wikidata-6360
birim,35200010,Çatak Köyü,tarihsel,wikidata-6360
birim,35200011,Çayağzı Köyü,tarihsel,wikidata-6360
birim,35200012,Ceritler Köyü,tarihsel,wikidata-6360
birim,35200014,Çömlekçi Köyü,tarihsel,wikidata-6360
birim,35200016,Doğancılar Köyü,tarihsel,wikidata-6360
birim,35200017,Dokuzlar Köyü,tarihsel,wikidata-6360
birim,35200018,Emenler Köyü,tarihsel,wikidata-6360
birim,35200019,Gedik Köyü,tarihsel,wikidata-6360
birim,35200020,Haliller Köyü,tarihsel,wikidata-6360
birim,35200021,Hisar Köyü,tarihsel,wikidata-6360
birim,35200022,İğdeli Köyü,tarihsel,wikidata-6360
birim,35200024,Kaleköy Köyü,tarihsel,wikidata-6360
birim,35200025,Karabağ Köyü,tarihsel,wikidata-6360
birim,35200026,Karabulu Köyü,tarihsel,wikidata-6360
birim,35200027,Karaburç Köyü,tarihsel,wikidata-6360
birim,35200028,Karaman Köyü,tarihsel,wikidata-6360
birim,35200029,Kibar Köyü,tarihsel,wikidata-6360
birim,35200031,Mavidere Köyü,tarihsel,wikidata-6360
birim,35200032,Mersinlidere Köyü,tarihsel,wikidata-6360
birim,35200033,Olgunlar Köyü,tarihsel,wikidata-6360
birim,35200034,Ören Köyü,tarihsel,wikidata-6360
birim,35200035,Örencik Köyü,tarihsel,wikidata-6360
birim,35200036,Ovacık Köyü,tarihsel,wikidata-6360
birim,35200037,Pınarbaşı Köyü,tarihsel,wikidata-6360
birim,35200038,Saçlı Köyü,tarihsel,wikidata-6360
birim,35200039,Sarıkaya Köyü,tarihsel,wikidata-6360
birim,35200040,Sarısu Köyü,tarihsel,wikidata-6360
birim,35200041,Şemsiler Köyü,tarihsel,wikidata-6360
birim,35200042,Sırımlı Köyü,tarihsel,wikidata-6360
birim,35200043,Solaklar Köyü,tarihsel,wikidata-6360
birim,35200044,Suludere Köyü,tarihsel,wikidata-6360
birim,35200045,Taşlıyatak Köyü,tarihsel,wikidata-6360
birim,35200046,Tekbıçaklar Köyü,tarihsel,wikidata-6360
birim,35200047,Tumbullar Köyü,tarihsel,wikidata-6360
birim,35200048,Umurcalı Köyü,tarihsel,wikidata-6360
birim,35200049,Umurlu Köyü,tarihsel,wikidata-6360
birim,35200050,Uzunköy Köyü,tarihsel,wikidata-6360
birim,35200051,Veliler Köyü,tarihsel,wikidata-6360
birim,35200052,Yağlar Köyü,tarihsel,wikidata-6360
birim,35200054,Yeniköy Köyü,tarihsel,wikidata-6360
birim,35200055,Yenişehir Köyü,tarihsel,wikidata-6360
birim,35200056,Yeşildere Köyü,tarihsel,wikidata-6360
birim,35210001,Eşrefpaşa,semt,ptt-semt
birim,35210002,Eşrefpaşa,semt,ptt-semt
birim,35210003,Eşrefpaşa,semt,ptt-semt
birim,35210004,Gültepe,semt,ptt-semt
birim,35210005,Basmane,semt,ptt-semt
birim,35210006,Pasaport,semt,ptt-semt
birim,35210007,Küçükyalı,semt,ptt-semt
birim,35210008,Basmane,semt,ptt-semt
birim,35210009,Basmane,semt,ptt-semt
birim,35210011,Basmane,semt,ptt-semt
birim,35210012,Basmane,semt,ptt-semt
birim,35210014,Gültepe,semt,ptt-semt
birim,35210015,Gültepe,semt,ptt-semt
birim,35210016,Eşrefpaşa,semt,ptt-semt
birim,35210017,Eşrefpaşa,semt,ptt-semt
birim,35210018,Eşrefpaşa,semt,ptt-semt
birim,35210020,Gürçeşme,semt,ptt-semt
birim,35210023,Küçükyalı,semt,ptt-semt
birim,35210024,Gürçeşme,semt,ptt-semt
birim,35210025,Eşrefpaşa,semt,ptt-semt
birim,35210027,Gültepe,semt,ptt-semt
birim,35210028,Basmane,semt,ptt-semt
birim,35210029,Basmane,semt,ptt-semt
birim,35210030,Eşrefpaşa,semt,ptt-semt
birim,35210032,Gürçeşme,semt,ptt-semt
birim,35210033,Basmane,semt,ptt-semt
birim,35210034,Basmane,semt,ptt-semt
birim,35210036,Gürçeşme,semt,ptt-semt
birim,35210039,Kemeraltı,semt,ptt-semt
birim,35210040,Eşrefpaşa,semt,ptt-semt
birim,35210041,Gürçeşme,semt,ptt-semt
birim,35210044,Kemeraltı,semt,ptt-semt
birim,35210046,Eşrefpaşa,semt,ptt-semt
birim,35210048,Basmane,semt,ptt-semt
birim,35210049,Gültepe,semt,ptt-semt
birim,35210050,Eşrefpaşa,semt,ptt-semt
birim,35210051,Pasaport,semt,ptt-semt
birim,35210052,Gürçeşme,semt,ptt-semt
birim,35210053,Eşrefpaşa,semt,ptt-semt
birim,35210056,Küçükyalı,semt,ptt-semt
birim,35210057,Kemeraltı,semt,ptt-semt
birim,35210058,Küçükyalı,semt,ptt-semt
birim,35210059,Basmane,semt,ptt-semt
birim,35210060,Eşrefpaşa,semt,ptt-semt
birim,35210061,Kemeraltı,semt,ptt-semt
birim,35210062,Eşrefpaşa,semt,ptt-semt
birim,35210063,Basmane,semt,ptt-semt
birim,35210064,Gürçeşme,semt,ptt-semt
birim,35210066,Basmane,semt,ptt-semt
birim,35210067,Gürçeşme,semt,ptt-semt
birim,35210068,Gürçeşme,semt,ptt-semt
birim,35210070,Gültepe,semt,ptt-semt
birim,35210072,Gürçeşme,semt,ptt-semt
birim,35210074,Gültepe,semt,ptt-semt
birim,35210076,Basmane,semt,ptt-semt
birim,35210077,Küçükyalı,semt,ptt-semt
birim,35210078,Gültepe,semt,ptt-semt
birim,35210079,Küçükyalı,semt,ptt-semt
birim,35210080,Basmane,semt,ptt-semt
birim,35210084,Basmane,semt,ptt-semt
birim,35210085,Küçükyalı,semt,ptt-semt
birim,35210086,Basmane,semt,ptt-semt
birim,35210087,Gültepe,semt,ptt-semt
birim,35210089,Basmane,semt,ptt-semt
birim,35210091,Basmane,semt,ptt-semt
birim,35210093,Eşrefpaşa,semt,ptt-semt
birim,35210094,Gültepe,semt,ptt-semt
birim,35210095,Küçükyalı,semt,ptt-semt
birim,35210097,Basmane,semt,ptt-semt
birim,35210099,Basmane,semt,ptt-semt
birim,35210100,Gültepe,semt,ptt-semt
birim,35210102,Eşrefpaşa,semt,ptt-semt
birim,35210103,Gültepe,semt,ptt-semt
birim,35210104,Basmane,semt,ptt-semt
birim,35210105,Gürçeşme,semt,ptt-semt
birim,35210106,Kemeraltı,semt,ptt-semt
birim,35210108,Eşrefpaşa,semt,ptt-semt
birim,35210111,Eşrefpaşa,semt,ptt-semt
birim,35210112,Gültepe,semt,ptt-semt
birim,35210113,Gürçeşme,semt,ptt-semt
birim,35220001,Ahmetbeyli Köyü,tarihsel,wikidata-6360
birim,35220002,Akçaköy Köyü,tarihsel,wikidata-6360
birim,35220004,Görece,semt,ptt-semt
birim,35220005,Ataköy Köyü,tarihsel,wikidata-6360
birim,35220008,Çakaltepe Köyü,tarihsel,wikidata-6360
birim,35220009,Çamönü Köyü,tarihsel,wikidata-6360
birim,35220010,Çatalca Köyü,tarihsel,wikidata-6360
birim,35220011,Çile Köyü,tarihsel,wikidata-6360
birim,35220012,Çileme Köyü,tarihsel,wikidata-6360
birim,35220013,Özdere,semt,ptt-semt
birim,35220017,Develi Köyü,tarihsel,wikidata-6360
birim,35220018,Efemçukuru Köyü,tarihsel,wikidata-6360
birim,35220021,Gölova Köyü,tarihsel,wikidata-6360
birim,35220022,Görece,semt,ptt-semt
birim,35220023,Gümüldür,semt,ptt-semt
birim,35220024,Gümüldür,semt,ptt-semt
birim,35220025,Gümüldür,semt,ptt-semt
birim,35220026,Gümüldür,semt,ptt-semt
birim,35220027,Görece,semt,ptt-semt
birim,35220028,Karakuyu Köyü,tarihsel,wikidata-6360
birim,35220030,Keler Köyü,tarihsel,wikidata-6360
birim,35220032,Kısık Köyü,tarihsel,wikidata-6360
birim,35220033,Küner Köyü,tarihsel,wikidata-6360
birim,35220034,Kuyucak Köyü,tarihsel,wikidata-6360
birim,35220038,Özdere,semt,ptt-semt
birim,35220039,Özdere,semt,ptt-semt
birim,35220040,Sancaklı Köyü,tarihsel,wikidata-6360
birim,35220041,Şaşal Köyü,tarihsel,wikidata-6360
birim,35220042,Tekeli,semt,ptt-semt
birim,35220043,Tekeli,semt,ptt-semt
birim,35220044,Yeniköy Köyü,tarihsel,wikidata-6360
birim,35230007,Alaniçi Köyü,tarihsel,wikidata-6360
birim,35230009,Ayvacık Köyü,tarihsel,wikidata-6360
birim,35230010,Bağcılar Köyü,tarihsel,wikidata-6360
birim,35230011,Belen Köyü,tarihsel,wikidata-6360
birim,35230012,Bozalan Köyü,tarihsel,wikidata-6360
birim,35230013,Buruncuk Köyü,tarihsel,wikidata-6360
birim,35230014,Çaltı Köyü,tarihsel,wikidata-6360
birim,35230016,Çavuş Köyü,tarihsel,wikidata-6360
birim,35230017,Çukurköy Köyü,tarihsel,wikidata-6360
birim,35230020,Doğa Köyü,tarihsel,wikidata-6360
birim,35230027,Göktepe Köyü,tarihsel,wikidata-6360
birim,35230030,Günerli Köyü,tarihsel,wikidata-6360
birim,35230031,Hasanlar Köyü,tarihsel,wikidata-6360
birim,35230032,Hatundere Köyü,tarihsel,wikidata-6360
birim,35230033,Haykıran Köyü,tarihsel,wikidata-6360
birim,35230034,İğnedere Köyü,tarihsel,wikidata-6360
birim,35230040,Karaorman Köyü,tarihsel,wikidata-6360
birim,35230044,Kesik Köyü,tarihsel,wikidata-6360
birim,35230048,Musabey Köyü,tarihsel,wikidata-6360
birim,35230051,Süleymanlı Köyü,tarihsel,wikidata-6360
birim,35230052,Süzbeyli Köyü,tarihsel,wikidata-6360
birim,35230053,Telekler Köyü,tarihsel,wikidata-6360
birim,35230055,Turgutlar Köyü,tarihsel,wikidata-6360
birim,35230056,Tuzçullu Köyü,tarihsel,wikidata-6360
birim,35230060,Yahşelli Köyü,tarihsel,wikidata-6360
birim,35230061,Yanıkköy Köyü,tarihsel,wikidata-6360
birim,35250002,Alaşarlı Köyü,tarihsel,wikidata-6360
birim,35250004,Artıcak Köyü,tarihsel,wikidata-6360
birim,35250007,Balabanlı Köyü,tarihsel,wikidata-6360
birim,35250008,Bayırlı Köyü,tarihsel,wikidata-6360
birim,35250009,Bebekler Köyü,tarihsel,wikidata-6360
birim,35250011,Beyazıtlar Köyü,tarihsel,wikidata-6360
birim,35250012,Bıçakçı Köyü,tarihsel,wikidata-6360
birim,35250014,Bozcayaka Köyü,tarihsel,wikidata-6360
birim,35250016,Bucak Köyü,tarihsel,wikidata-6360
birim,35250017,Bülbüller Köyü,tarihsel,wikidata-6360
birim,35250018,Büyükavulcuk Köyü,tarihsel,wikidata-6360
birim,35250019,Çağlayan Köyü,tarihsel,wikidata-6360
birim,35250020,Çamlıca Köyü,tarihsel,wikidata-6360
birim,35250021,Çamyayla Köyü,tarihsel,wikidata-6360
birim,35250022,Çayır Köyü,tarihsel,wikidata-6360
birim,35250024,Cevizalan Köyü,tarihsel,wikidata-6360
birim,35250025,Çobanlar Köyü,tarihsel,wikidata-6360
birim,35250027,Demircili Köyü,tarihsel,wikidata-6360
birim,35250028,Demirdere Köyü,tarihsel,wikidata-6360
birim,35250029,Dereuzunyer Köyü,tarihsel,wikidata-6360
birim,35250030,Dolaylar Köyü,tarihsel,wikidata-6360
birim,35250031,Emirli Köyü,tarihsel,wikidata-6360
birim,35250033,Ertuğrul Köyü,tarihsel,wikidata-6360
birim,35250034,Gerçekli Köyü,tarihsel,wikidata-6360
birim,35250035,Gereli Köyü,tarihsel,wikidata-6360
birim,35250037,Güney Köyü,tarihsel,wikidata-6360
birim,35250038,Günlüce Köyü,tarihsel,wikidata-6360
birim,35250039,Hacıhasan Köyü,tarihsel,wikidata-6360
birim,35250040,Hamam Köyü,tarihsel,wikidata-6360
birim,35250041,Horzum Köyü,tarihsel,wikidata-6360
birim,35250043,İlkkurşun Köyü,tarihsel,wikidata-6360
birim,35250045,Işık Köyü,tarihsel,wikidata-6360
birim,35250046,Karadoğan Köyü,tarihsel,wikidata-6360
birim,35250047,Karakova Köyü,tarihsel,wikidata-6360
birim,35250050,Kazanlı Köyü,tarihsel,wikidata-6360
birim,35250051,Kemenler Köyü,tarihsel,wikidata-6360
birim,35250052,Kemer Köyü,tarihsel,wikidata-6360
birim,35250053,Kerpiçlik Köyü,tarihsel,wikidata-6360
birim,35250054,Kışla Köyü,tarihsel,wikidata-6360
birim,35250055,Kızılca Köyü,tarihsel,wikidata-6360
birim,35250056,Kızılcaavlu Köyü,tarihsel,wikidata-6360
birim,35250057,Köfündere Köyü,tarihsel,wikidata-6360
birim,35250059,Köseler Köyü,tarihsel,wikidata-6360
birim,35250060,Küçükavulcuk Köyü,tarihsel,wikidata-6360
birim,35250061,Küçükören Köyü,tarihsel,wikidata-6360
birim,35250062,Küre Köyü,tarihsel,wikidata-6360
birim,35250064,Kutlubeyler Köyü,tarihsel,wikidata-6360
birim,35250066,Mescitli Köyü,tarihsel,wikidata-6360
birim,35250069,Mursallı Köyü,tarihsel,wikidata-6360
birim,35250070,Ocaklı Köyü,tarihsel,wikidata-6360
birim,35250071,Oğuzlar Köyü,tarihsel,wikidata-6360
birim,35250072,Orhangazi Köyü,tarihsel,wikidata-6360
birim,35250073,Ortaköy Köyü,tarihsel,wikidata-6360
birim,35250074,Ovacık Köyü,tarihsel,wikidata-6360
birim,35250076,Pirinççi Köyü,tarihsel,wikidata-6360
birim,35250077,Sekiköy Köyü,tarihsel,wikidata-6360
birim,35250078,Seyrekli Köyü,tarihsel,wikidata-6360
birim,35250079,Şirinköy Köyü,tarihsel,wikidata-6360
birim,35250080,Suçıktı Köyü,tarihsel,wikidata-6360
birim,35250082,Süleymanlar Köyü,tarihsel,wikidata-6360
birim,35250083,Tekke Köyü,tarihsel,wikidata-6360
birim,35250084,Tosunlar Köyü,tarihsel,wikidata-6360
birim,35250086,Türkönü Köyü,tarihsel,wikidata-6360
birim,35250088,Üçkonak Köyü,tarihsel,wikidata-6360
birim,35250090,Üzümlü Köyü,tarihsel,wikidata-6360
birim,35250091,Uzundere Köyü,tarihsel,wikidata-6360
birim,35250092,Veliler Köyü,tarihsel,wikidata-6360
birim,35250093,Yeniceköy Köyü,tarihsel,wikidata-6360
birim,35250094,Yeniköy Köyü,tarihsel,wikidata-6360
birim,35250095,Yeşilköy Köyü,tarihsel,wikidata-6360
birim,35250096,Yılanlı Köyü,tarihsel,wikidata-6360
birim,35250097,Yolüstü Köyü,tarihsel,wikidata-6360
birim,35250098,Yusufdere Köyü,tarihsel,wikidata-6360
birim,35260001,Doğanbey,semt,ptt-semt
birim,35260002,Ürkmez,semt,ptt-semt
birim,35260003,Beyler Köyü,tarihsel,wikidata-6360
birim,35260005,Çamtepe Köyü,tarihsel,wikidata-6360
birim,35260007,Doğanbey,semt,ptt-semt
birim,35260008,Düzce Köyü,tarihsel,wikidata-6360
birim,35260009,Gödence Köyü,tarihsel,wikidata-6360
birim,35260010,Gölcük Köyü,tarihsel,wikidata-6360
birim,35260012,İhsaniye Köyü,tarihsel,wikidata-6360
birim,35260013,Kavakdere Köyü,tarihsel,wikidata-6360
birim,35260014,Ürkmez,semt,ptt-semt
birim,35260015,Orhanlı Köyü,tarihsel,wikidata-6360
birim,35260016,Doğanbey,semt,ptt-semt
birim,35260020,Turgut Köyü,tarihsel,wikidata-6360
birim,35260021,Ulamış Köyü,tarihsel,wikidata-6360
birim,35270002,Acarlar Köyü,tarihsel,wikidata-6360
birim,35270004,Barutçu Köyü,tarihsel,wikidata-6360
birim,35270006,Çamlık Köyü,tarihsel,wikidata-6360
birim,35270008,Gökçealan Köyü,tarihsel,wikidata-6360
birim,35270009,Havutçulu Köyü,tarihsel,wikidata-6360
birim,35270011,Şirince Köyü,tarihsel,wikidata-6360
birim,35270012,Sultaniye Köyü,tarihsel,wikidata-6360
birim,35270014,Zeytinköy Köyü,tarihsel,wikidata-6360
birim,35280003,Akçaşehir Köyü,tarihsel,wikidata-6360
birim,35280004,Akkoyunlu Köyü,tarihsel,wikidata-6360
birim,35280005,Akmescit Köyü,tarihsel,wikidata-6360
birim,35280006,Akyurt Köyü,tarihsel,wikidata-6360
birim,35280007,Alacalı Köyü,tarihsel,wikidata-6360
birim,35280008,Alaylı Köyü,tarihsel,wikidata-6360
birim,35280009,Armutlu Köyü,tarihsel,wikidata-6360
birim,35280011,Ayaklıkırı Köyü,tarihsel,wikidata-6360
birim,35280013,Başköy Köyü,tarihsel,wikidata-6360
birim,35280014,Boynuyoğun Köyü,tarihsel,wikidata-6360
birim,35280015,Büyükkale Köyü,tarihsel,wikidata-6360
birim,35280016,Büyükkemerdere Köyü,tarihsel,wikidata-6360
birim,35280017,Büyükkömürcü Köyü,tarihsel,wikidata-6360
birim,35280018,Cambazlı Köyü,tarihsel,wikidata-6360
birim,35280019,Çayırlı Köyü,tarihsel,wikidata-6360
birim,35280020,Çeriközü Köyü,tarihsel,wikidata-6360
birim,35280021,Çiniyeri Köyü,tarihsel,wikidata-6360
birim,35280022,Çobanköy Köyü,tarihsel,wikidata-6360
birim,35280023,Çukurköy Köyü,tarihsel,wikidata-6360
birim,35280025,Dağdere Köyü,tarihsel,wikidata-6360
birim,35280026,Dallık Köyü,tarihsel,wikidata-6360
birim,35280028,Derebaşı Köyü,tarihsel,wikidata-6360
birim,35280029,Dereli Köyü,tarihsel,wikidata-6360
birim,35280030,Dibekçi Köyü,tarihsel,wikidata-6360
birim,35280031,Doyranlı Köyü,tarihsel,wikidata-6360
birim,35280034,Dündarlı Köyü,tarihsel,wikidata-6360
birim,35280035,Eğridere Köyü,tarihsel,wikidata-6360
birim,35280037,Eskioba Köyü,tarihsel,wikidata-6360
birim,35280040,Halkapınar Köyü,tarihsel,wikidata-6360
birim,35280041,Hasançavuşlar Köyü,tarihsel,wikidata-6360
birim,35280042,Hisarlık Köyü,tarihsel,wikidata-6360
birim,35280047,Işıklar Köyü,tarihsel,wikidata-6360
birim,35280048,Işıklı Köyü,tarihsel,wikidata-6360
birim,35280051,Kaplan Köyü,tarihsel,wikidata-6360
birim,35280053,Karateke Köyü,tarihsel,wikidata-6360
birim,35280055,Kireli Köyü,tarihsel,wikidata-6360
birim,35280056,Kırtepe Köyü,tarihsel,wikidata-6360
birim,35280057,Kızılcahavlu Köyü,tarihsel,wikidata-6360
birim,35280058,Kocaaliler Köyü,tarihsel,wikidata-6360
birim,35280059,Küçükburun Köyü,tarihsel,wikidata-6360
birim,35280060,Küçükkale Köyü,tarihsel,wikidata-6360
birim,35280061,Küçükkemerdere Köyü,tarihsel,wikidata-6360
birim,35280062,Küçükkömürcü Köyü,tarihsel,wikidata-6360
birim,35280063,Kürdüllü Köyü,tarihsel,wikidata-6360
birim,35280064,Kurşak Köyü,tarihsel,wikidata-6360
birim,35280066,Mahmutlar Köyü,tarihsel,wikidata-6360
birim,35280067,Mehmetler Köyü,tarihsel,wikidata-6360
birim,35280068,Musalar Köyü,tarihsel,wikidata-6360
birim,35280069,Ortaköy Köyü,tarihsel,wikidata-6360
birim,35280070,Osmancık Köyü,tarihsel,wikidata-6360
birim,35280072,Peşrefli Köyü,tarihsel,wikidata-6360
birim,35280073,Sarılar Köyü,tarihsel,wikidata-6360
birim,35280074,Saruhanlı Köyü,tarihsel,wikidata-6360
birim,35280075,Somak Köyü,tarihsel,wikidata-6360
birim,35280077,Topalak Köyü,tarihsel,wikidata-6360
birim,35280078,Toparlar Köyü,tarihsel,wikidata-6360
birim,35280080,Turgutlu Köyü,tarihsel,wikidata-6360
birim,35280081,Üzümler Köyü,tarihsel,wikidata-6360
birim,35280082,Yamandere Köyü,tarihsel,wikidata-6360
birim,35280083,Yeğenli Köyü,tarihsel,wikidata-6360
birim,35280084,Yemişler Köyü,tarihsel,wikidata-6360
birim,35280086,Yeniçiftlik Köyü,tarihsel,wikidata-6360
birim,35280087,Yenioba Köyü,tarihsel,wikidata-6360
birim,35280088,Yenişehir Köyü,tarihsel,wikidata-6360
birim,35290002,Ahmetli Köyü,tarihsel,wikidata-6360
birim,35290004,Arslanlar Köyü,tarihsel,wikidata-6360
birim,35290005,Atalan Köyü,tarihsel,wikidata-6360
birim,35290009,Bozköy Köyü,tarihsel,wikidata-6360
birim,35290010,Bülbüldere Köyü,tarihsel,wikidata-6360
birim,35290011,Çakırbeyli Köyü,tarihsel,wikidata-6360
birim,35290012,Çamlıca Köyü,tarihsel,wikidata-6360
birim,35290013,Çapak Köyü,tarihsel,wikidata-6360
birim,35290016,Dağkızılca Köyü,tarihsel,wikidata-6360
birim,35290017,Dağteke Köyü,tarihsel,wikidata-6360
birim,35290018,Demirci Köyü,tarihsel,wikidata-6360
birim,35290019,Dirmil Köyü,tarihsel,wikidata-6360
birim,35290020,Düverlik Köyü,tarihsel,wikidata-6360
birim,35290021,Eğerci Köyü,tarihsel,wikidata-6360
birim,35290025,Göllüce Köyü,tarihsel,wikidata-6360
birim,35290026,Helvacı Köyü,tarihsel,wikidata-6360
birim,35290029,Kaplancık Köyü,tarihsel,wikidata-6360
birim,35290030,Karakızlar Köyü,tarihsel,wikidata-6360
birim,35290032,Karaot Köyü,tarihsel,wikidata-6360
birim,35290035,Kırbaş Köyü,tarihsel,wikidata-6360
birim,35290036,Kuşçuburun Köyü,tarihsel,wikidata-6360
birim,35290039,Naime Köyü,tarihsel,wikidata-6360
birim,35290040,Ormanköy Köyü,tarihsel,wikidata-6360
birim,35290042,Özbey Köyü,tarihsel,wikidata-6360
birim,35290043,Pamukyazı Köyü,tarihsel,wikidata-6360
birim,35290045,Sağlık Köyü,tarihsel,wikidata-6360
birim,35290046,Saipler Köyü,tarihsel,wikidata-6360
birim,35290047,Şehitler Köyü,tarihsel,wikidata-6360
birim,35290049,Taşkesik Köyü,tarihsel,wikidata-6360
birim,35290052,Tulum Köyü,tarihsel,wikidata-6360
birim,35290058,Yeniköy Köyü,tarihsel,wikidata-6360
birim,35290059,Yeşilköy Köyü,tarihsel,wikidata-6360
birim,35290060,Yoğurtçular Köyü,tarihsel,wikidata-6360
birim,35300003,Bademler Köyü,tarihsel,wikidata-6360
birim,35300004,Balıklıova Köyü,tarihsel,wikidata-6360
birim,35300005,Barbaros Köyü,tarihsel,wikidata-6360
birim,35300006,Birgi Köyü,tarihsel,wikidata-6360
birim,35300009,Demircili Köyü,tarihsel,wikidata-6360
birim,35300010,Çeşmealtı,semt,ptt-semt
birim,35300011,Gülbahçe Köyü,tarihsel,wikidata-6360
birim,35300011,İyte,semt,ptt-semt
birim,35300012,Çeşmealtı,semt,ptt-semt
birim,35300016,Kadıovacık Köyü,tarihsel,wikidata-6360
birim,35300018,Kuşçular Köyü,tarihsel,wikidata-6360
birim,35300021,Nohutalan Köyü,tarihsel,wikidata-6360
birim,35300022,Ovacık Köyü,tarihsel,wikidata-6360
birim,35300023,Özbek Köyü,tarihsel,wikidata-6360
birim,35300028,Uzunkuyu Köyü,tarihsel,wikidata-6360
birim,35300029,Yağcılar Köyü,tarihsel,wikidata-6360
birim,35300036,Zeytineli Köyü,tarihsel,wikidata-6360
birim,35300037,Zeytinler Köyü,tarihsel,wikidata-6360
birim,36050001,Kars,semt,ptt-semt
birim,36050002,Kars,semt,ptt-semt
birim,36050003,Kars,semt,ptt-semt
birim,36050004,Kars,semt,ptt-semt
birim,36050005,Kars,semt,ptt-semt
birim,36050006,Kars,semt,ptt-semt
birim,36050007,Kars,semt,ptt-semt
birim,36050008,Kars,semt,ptt-semt
birim,36050009,Kars,semt,ptt-semt
birim,36050010,Kars,semt,ptt-semt
birim,36050011,Kars,semt,ptt-semt
birim,36050012,Kars,semt,ptt-semt
birim,36050013,Kars,semt,ptt-semt
birim,36050014,Kars,semt,ptt-semt
birim,36050015,Kars,semt,ptt-semt
birim,36050016,Kars,semt,ptt-semt
birim,36050017,Kars,semt,ptt-semt
birim,36050018,Kars,semt,ptt-semt
birim,36050019,Kars,semt,ptt-semt
birim,36050020,Kars,semt,ptt-semt
birim,36050021,Kars,semt,ptt-semt
birim,36050022,Kars,semt,ptt-semt
birim,36050023,Kars,semt,ptt-semt
birim,36050101,Kars,semt,ptt-semt
birim,36050102,Kars,semt,ptt-semt
birim,37070001,Bağyurdu Köyü,tarihsel,wikidata-6360
birim,37070004,Gebeş Köyü,tarihsel,wikidata-6360
birim,37070005,Irmak Köyü,tarihsel,wikidata-6360
birim,37070006,Kalafat Köyü,tarihsel,wikidata-6360
birim,37070008,Kasım Köyü,tarihsel,wikidata-6360
birim,37070010,Kırcı Köyü,tarihsel,wikidata-6360
birim,37070011,Kumluca Köyü,tarihsel,wikidata-6360
birim,37070014,Sipahi Köyü,tarihsel,wikidata-6360
birim,37070015,Sofular Köyü,tarihsel,wikidata-6360
birim,37070016,Tarakçı Köyü,tarihsel,wikidata-6360
birim,37130005,Çamlıca Köyü,tarihsel,wikidata-6360
birim,37130010,Musa Köyü,tarihsel,wikidata-6360
birim,37130011,Yakaboyu Köyü,tarihsel,wikidata-6360
birim,37130013,Yeşilöz Köyü,tarihsel,wikidata-6360
birim,37150005,Budamış Köyü,tarihsel,wikidata-6360
birim,37160002,Çalkaya Köyü,tarihsel,wikidata-6360
birim,37160003,Çamkışla Köyü,tarihsel,wikidata-6360
birim,37160006,Uzunçam Köyü,tarihsel,wikidata-6360
birim,38010001,Akin Köyü,tarihsel,wikidata-6360
birim,38010002,Alevkışla Köyü,tarihsel,wikidata-6360
birim,38010003,Ganişeyh Köyü,tarihsel,wikidata-6360
birim,38010004,Girinci Köyü,tarihsel,wikidata-6360
birim,38010007,Gümüşsu Köyü,tarihsel,wikidata-6360
birim,38010009,Manavuz Köyü,tarihsel,wikidata-6360
birim,38010010,Ortaköy Köyü,tarihsel,wikidata-6360
birim,38020001,Ağcalı Köyü,tarihsel,wikidata-6360
birim,38020002,Akçatı Köyü,tarihsel,wikidata-6360
birim,38020004,Asmakaya Köyü,tarihsel,wikidata-6360
birim,38020006,Burhaniye Köyü,tarihsel,wikidata-6360
birim,38020011,Dağardı Köyü,tarihsel,wikidata-6360
birim,38020016,Emirören Köyü,tarihsel,wikidata-6360
birim,38020019,Girveli Köyü,tarihsel,wikidata-6360
birim,38020021,Hazarşah Köyü,tarihsel,wikidata-6360
birim,38020023,İğdecik Köyü,tarihsel,wikidata-6360
birim,38020024,Kahveci Köyü,tarihsel,wikidata-6360
birim,38020025,Karacaören Köyü,tarihsel,wikidata-6360
birim,38020026,Karahıdır Köyü,tarihsel,wikidata-6360
birim,38020028,Karatay Köyü,tarihsel,wikidata-6360
birim,38020029,Kardeşler Köyü,tarihsel,wikidata-6360
birim,38020030,Köprübaşı Köyü,tarihsel,wikidata-6360
birim,38020031,Kösehacılı Köyü,tarihsel,wikidata-6360
birim,38020033,Musaşeyh Köyü,tarihsel,wikidata-6360
birim,38020034,Pirahmet Köyü,tarihsel,wikidata-6360
birim,38020036,Samağır Köyü,tarihsel,wikidata-6360
birim,38020037,Sıvgın Köyü,tarihsel,wikidata-6360
birim,38020038,Sultanhanı Köyü,tarihsel,wikidata-6360
birim,38020040,Topsöğüt Köyü,tarihsel,wikidata-6360
birim,38020041,Yağmurbey Köyü,tarihsel,wikidata-6360
birim,38020046,Yünören Köyü,tarihsel,wikidata-6360
birim,38030005,Ayşepınar Köyü,tarihsel,wikidata-6360
birim,38030006,Ayvazhacı Köyü,tarihsel,wikidata-6360
birim,38030009,Büyükkünye Köyü,tarihsel,wikidata-6360
birim,38030010,Çadıryeri Köyü,tarihsel,wikidata-6360
birim,38030012,Çataloluk Köyü,tarihsel,wikidata-6360
birim,38030013,Çayırözü Köyü,tarihsel,wikidata-6360
birim,38030014,Çaylıca Köyü,tarihsel,wikidata-6360
birim,38030015,Çomaklı Köyü,tarihsel,wikidata-6360
birim,38030016,Çöten Köyü,tarihsel,wikidata-6360
birim,38030017,Çukuryurt Köyü,tarihsel,wikidata-6360
birim,38030019,Derebaşı Köyü,tarihsel,wikidata-6360
birim,38030020,Dereşimli Köyü,tarihsel,wikidata-6360
birim,38030023,Epçe Köyü,tarihsel,wikidata-6360
birim,38030024,Eşelik Köyü,tarihsel,wikidata-6360
birim,38030029,Gömedi Köyü,tarihsel,wikidata-6360
birim,38030030,Gümüşören Köyü,tarihsel,wikidata-6360
birim,38030034,Havadan Köyü,tarihsel,wikidata-6360
birim,38030035,Hoşça Köyü,tarihsel,wikidata-6360
birim,38030036,Hüseyinli Köyü,tarihsel,wikidata-6360
birim,38030038,İncesu Köyü,tarihsel,wikidata-6360
birim,38030040,Kabaklı Köyü,tarihsel,wikidata-6360
birim,38030041,Kaleköy Köyü,tarihsel,wikidata-6360
birim,38030042,Karacaören Köyü,tarihsel,wikidata-6360
birim,38030043,Kılıçkaya Köyü,tarihsel,wikidata-6360
birim,38030044,Kızık Köyü,tarihsel,wikidata-6360
birim,38030046,Köseler Köyü,tarihsel,wikidata-6360
birim,38030047,Kozluca Köyü,tarihsel,wikidata-6360
birim,38030048,Küçükkünye Köyü,tarihsel,wikidata-6360
birim,38030049,Kulpak Köyü,tarihsel,wikidata-6360
birim,38030051,Millidere Köyü,tarihsel,wikidata-6360
birim,38030053,Öksüt Köyü,tarihsel,wikidata-6360
birim,38030055,Şahmelik Köyü,tarihsel,wikidata-6360
birim,38030056,Saraycık Köyü,tarihsel,wikidata-6360
birim,38030057,Sarıca Köyü,tarihsel,wikidata-6360
birim,38030058,Sarıkaya Köyü,tarihsel,wikidata-6360
birim,38030059,Satı Köyü,tarihsel,wikidata-6360
birim,38030065,Soysallı Köyü,tarihsel,wikidata-6360
birim,38030066,Taşcı Bucak Merkezi Köyü,tarihsel,wikidata-6360
birim,38030067,Tombak Köyü,tarihsel,wikidata-6360
birim,38030068,Yaylacık Köyü,tarihsel,wikidata-6360
birim,38030069,Yazıbaşı Köyü,tarihsel,wikidata-6360
birim,38030072,Yenice Köyü,tarihsel,wikidata-6360
birim,38030073,Yenihayat Köyü,tarihsel,wikidata-6360
birim,38030074,Yeniköy Köyü,tarihsel,wikidata-6360
birim,38030075,Yeşilyurt Köyü,tarihsel,wikidata-6360
birim,38040001,Acırlı Köyü,tarihsel,wikidata-6360
birim,38040002,Alparslan Köyü,tarihsel,wikidata-6360
birim,38040007,Darılı Köyü,tarihsel,wikidata-6360
birim,38040008,İsabey Köyü,tarihsel,wikidata-6360
birim,38040010,Karaşeyh Köyü,tarihsel,wikidata-6360
birim,38040013,Kepiç Köyü,tarihsel,wikidata-6360
birim,38040014,Kuruhüyük Köyü,tarihsel,wikidata-6360
birim,38040015,Menteşe Köyü,tarihsel,wikidata-6360
birim,38040016,Silahtar Köyü,tarihsel,wikidata-6360
birim,38050006,Hürmetci Köyü,tarihsel,wikidata-6360
birim,38050007,Karpuzsekisi Köyü,tarihsel,wikidata-6360
birim,38050009,Sakarçiftliği Köyü,tarihsel,wikidata-6360
birim,38060004,Çardaklı Köyü,tarihsel,wikidata-6360
birim,38060005,Dokuzpınar Köyü,tarihsel,wikidata-6360
birim,38060007,Garipçe Köyü,tarihsel,wikidata-6360
birim,38060009,Hamurcu Köyü,tarihsel,wikidata-6360
birim,38060010,Karahüyük Köyü,tarihsel,wikidata-6360
birim,38060016,Küllü Köyü,tarihsel,wikidata-6360
birim,38060018,Saraycık Köyü,tarihsel,wikidata-6360
birim,38060019,Sarıkürklü Köyü,tarihsel,wikidata-6360
birim,38060021,Şeyhşaban Köyü,tarihsel,wikidata-6360
birim,38060022,Subaşı Köyü,tarihsel,wikidata-6360
birim,38060026,Tahirinli Köyü,tarihsel,wikidata-6360
birim,38060027,Üçkuyu Köyü,tarihsel,wikidata-6360
birim,38070002,Akcatepe Köyü,tarihsel,wikidata-6360
birim,38070003,Akin Köyü,tarihsel,wikidata-6360
birim,38070008,Barsama Köyü,tarihsel,wikidata-6360
birim,38070009,Bayramhacı Köyü,tarihsel,wikidata-6360
birim,38070014,Yeni Mahalle,semt,ptt-semt
birim,38070015,Buğdaylı Köyü,tarihsel,wikidata-6360
birim,38070016,Erkilet,semt,ptt-semt
birim,38070017,Çevril Köyü,tarihsel,wikidata-6360
birim,38070019,Dadağı Köyü,tarihsel,wikidata-6360
birim,38070020,Doruklu Köyü,tarihsel,wikidata-6360
birim,38070023,Elagöz Köyü,tarihsel,wikidata-6360
birim,38070023,Yeni Mahalle,semt,ptt-semt
birim,38070024,Elmalı Köyü,tarihsel,wikidata-6360
birim,38070025,Emmiler Köyü,tarihsel,wikidata-6360
birim,38070028,Erkilet,semt,ptt-semt
birim,38070029,Eskiömerler Köyü,tarihsel,wikidata-6360
birim,38070030,Eyim Köyü,tarihsel,wikidata-6360
birim,38070033,Erkilet,semt,ptt-semt
birim,38070035,Gömeç Köyü,tarihsel,wikidata-6360
birim,38070038,Hasan Arpa Köyü,tarihsel,wikidata-6360
birim,38070039,Hasancı Köyü,tarihsel,wikidata-6360
birim,38070041,Hırkaköy Köyü,tarihsel,wikidata-6360
birim,38070042,Höbek Köyü,tarihsel,wikidata-6360
birim,38070043,Yeni Mahalle,semt,ptt-semt
birim,38070044,Kalkancık Köyü,tarihsel,wikidata-6360
birim,38070045,Karahöyük Köyü,tarihsel,wikidata-6360
birim,38070046,Karakimse Köyü,tarihsel,wikidata-6360
birim,38070047,Kaşköy Köyü,tarihsel,wikidata-6360
birim,38070049,Kemer Köyü,tarihsel,wikidata-6360
birim,38070050,Kızık Köyü,tarihsel,wikidata-6360
birim,38070052,Kuşcağız Köyü,tarihsel,wikidata-6360
birim,38070055,Yeni Mahalle,semt,ptt-semt
birim,38070058,Mollahacı Köyü,tarihsel,wikidata-6360
birim,38070059,Molu Köyü,tarihsel,wikidata-6360
birim,38070060,Obruk Köyü,tarihsel,wikidata-6360
birim,38070062,Erkilet,semt,ptt-semt
birim,38070063,Oymaağaç Köyü,tarihsel,wikidata-6360
birim,38070064,Valilik,semt,ptt-semt
birim,38070065,Salur Köyü,tarihsel,wikidata-6360
birim,38070067,Yeni Mahalle,semt,ptt-semt
birim,38070068,Yeni Mahalle,semt,ptt-semt
birim,38070069,Saraycık Köyü,tarihsel,wikidata-6360
birim,38070070,Kazım Karabekir,semt,ptt-semt
birim,38070071,Yeni Mahalle,semt,ptt-semt
birim,38070072,Yeni Mahalle,semt,ptt-semt
birim,38070074,Taşhan Köyü,tarihsel,wikidata-6360
birim,38070077,Vatan Köyü,tarihsel,wikidata-6360
birim,38070078,Yeni Mahalle,semt,ptt-semt
birim,38070081,Yazır Köyü,tarihsel,wikidata-6360
birim,38070083,Yeni Mahalle,semt,ptt-semt
birim,38070086,Yeni Mahalle,semt,ptt-semt
birim,38070088,Yukarıhasinli Köyü,tarihsel,wikidata-6360
birim,38070090,Yüreğil Köyü,tarihsel,wikidata-6360
birim,38070091,Yuvalı Köyü,tarihsel,wikidata-6360
birim,38070093,Yeni Mahalle,semt,ptt-semt
birim,38080001,Belsin,semt,ptt-semt
birim,38080002,Belsin,semt,ptt-semt
birim,38080006,Belsin,semt,ptt-semt
birim,38080007,Belsin,semt,ptt-semt
birim,38080008,Belsin,semt,ptt-semt
birim,38080015,Çarşı,semt,ptt-semt
birim,38080025,İldem,semt,ptt-semt
birim,38080034,İldem,semt,ptt-semt
birim,38080037,Belsin,semt,ptt-semt
birim,38080040,Belsin,semt,ptt-semt
birim,38080046,Belsin,semt,ptt-semt
birim,38080049,Belsin,semt,ptt-semt
birim,38080054,Belsin,semt,ptt-semt
birim,38080060,Belsin,semt,ptt-semt
birim,38090001,Çukur,semt,ptt-semt
birim,38090002,Çukur,semt,ptt-semt
birim,38090003,Çukur,semt,ptt-semt
birim,38090004,Çukur,semt,ptt-semt
birim,38090005,Çukur,semt,ptt-semt
birim,38090006,Çukur,semt,ptt-semt
birim,38090007,Kavaklı Köyü,tarihsel,wikidata-6360
birim,38090007,Çukur,semt,ptt-semt
birim,38090008,Kermelik Köyü,tarihsel,wikidata-6360
birim,38090008,Çukur,semt,ptt-semt
birim,38090009,Çukur,semt,ptt-semt
birim,38090010,Taşlık Köyü,tarihsel,wikidata-6360
birim,38090010,Çukur,semt,ptt-semt
birim,38090011,Tuğlaşah Köyü,tarihsel,wikidata-6360
birim,38090011,Çukur,semt,ptt-semt
birim,38090012,Çukur,semt,ptt-semt
birim,38090013,Çukur,semt,ptt-semt
birim,38100001,Akören Köyü,tarihsel,wikidata-6360
birim,38100002,Akpınar Köyü,tarihsel,wikidata-6360
birim,38100003,Alagazili Köyü,tarihsel,wikidata-6360
birim,38100004,Alamescit Köyü,tarihsel,wikidata-6360
birim,38100005,Altıkesek Köyü,tarihsel,wikidata-6360
birim,38100006,Arslanbeyli Köyü,tarihsel,wikidata-6360
birim,38100007,Artmak Köyü,tarihsel,wikidata-6360
birim,38100008,Aşağıbeyçayırı Köyü,tarihsel,wikidata-6360
birim,38100009,Aşağıborandere Köyü,tarihsel,wikidata-6360
birim,38100010,Aşağıkaragöz Köyü,tarihsel,wikidata-6360
birim,38100011,Aşağıkızılçevlik Köyü,tarihsel,wikidata-6360
birim,38100012,Avşarpotuklu Köyü,tarihsel,wikidata-6360
birim,38100013,Aygörmez Köyü,tarihsel,wikidata-6360
birim,38100014,Bahçecik Köyü,tarihsel,wikidata-6360
birim,38100015,Beserek Köyü,tarihsel,wikidata-6360
birim,38100016,Büyükgümüşgün Köyü,tarihsel,wikidata-6360
birim,38100017,Büyükgürleğen Köyü,tarihsel,wikidata-6360
birim,38100018,Büyükkabaktepe Köyü,tarihsel,wikidata-6360
birim,38100019,Büyükkaramanlı Köyü,tarihsel,wikidata-6360
birim,38100020,Büyükkaramuklu Köyü,tarihsel,wikidata-6360
birim,38100021,Büyükkömarmut Köyü,tarihsel,wikidata-6360
birim,38100022,Büyükpotuklu Köyü,tarihsel,wikidata-6360
birim,38100023,Cabe Köyü,tarihsel,wikidata-6360
birim,38100024,Çakılkaya Köyü,tarihsel,wikidata-6360
birim,38100025,Çaybaşı Köyü,tarihsel,wikidata-6360
birim,38100026,Cinahmet Köyü,tarihsel,wikidata-6360
birim,38100027,Cinliören Köyü,tarihsel,wikidata-6360
birim,38100028,Çördüklü Köyü,tarihsel,wikidata-6360
birim,38100029,Çukuryurt Köyü,tarihsel,wikidata-6360
birim,38100030,Demircili Köyü,tarihsel,wikidata-6360
birim,38100031,Demirciören Köyü,tarihsel,wikidata-6360
birim,38100032,Devederesi Köyü,tarihsel,wikidata-6360
birim,38100033,Dikilitaş Köyü,tarihsel,wikidata-6360
birim,38100034,Dilciler Köyü,tarihsel,wikidata-6360
birim,38100035,Eğrisöğüt Köyü,tarihsel,wikidata-6360
birim,38100036,Elmalı Köyü,tarihsel,wikidata-6360
birim,38100037,Emeğil Köyü,tarihsel,wikidata-6360
birim,38100038,Esenköy Köyü,tarihsel,wikidata-6360
birim,38100040,Eskiyassıpınar Köyü,tarihsel,wikidata-6360
birim,38100041,Fakıekinciliği Köyü,tarihsel,wikidata-6360
birim,38100042,Gebelek Köyü,tarihsel,wikidata-6360
birim,38100043,Gölcük Köyü,tarihsel,wikidata-6360
birim,38100044,Gültepe Köyü,tarihsel,wikidata-6360
birim,38100047,Halitbeyören Köyü,tarihsel,wikidata-6360
birim,38100048,Han Köyü,tarihsel,wikidata-6360
birim,38100049,Hasırcı Köyü,tarihsel,wikidata-6360
birim,38100050,Hassa Köyü,tarihsel,wikidata-6360
birim,38100051,Hayriye Köyü,tarihsel,wikidata-6360
birim,38100052,Hilmiye Köyü,tarihsel,wikidata-6360
birim,38100054,İğdelipayaslı Köyü,tarihsel,wikidata-6360
birim,38100055,İnliören Köyü,tarihsel,wikidata-6360
birim,38100057,Kadılı Köyü,tarihsel,wikidata-6360
birim,38100058,Kaftangiyen Köyü,tarihsel,wikidata-6360
birim,38100059,Kaman Köyü,tarihsel,wikidata-6360
birim,38100060,Karaboğaz Köyü,tarihsel,wikidata-6360
birim,38100061,Karahacılı Köyü,tarihsel,wikidata-6360
birim,38100062,Karahalka Köyü,tarihsel,wikidata-6360
birim,38100063,Karakuyu Köyü,tarihsel,wikidata-6360
birim,38100064,Kavakköy Köyü,tarihsel,wikidata-6360
birim,38100065,Kavlaklar Köyü,tarihsel,wikidata-6360
birim,38100066,Kayaaltı Köyü,tarihsel,wikidata-6360
birim,38100067,Kayabaşı Köyü,tarihsel,wikidata-6360
birim,38100070,Kazancık Köyü,tarihsel,wikidata-6360
birim,38100072,Kılıçkışla Köyü,tarihsel,wikidata-6360
birim,38100073,Kılıçmehmet Köyü,tarihsel,wikidata-6360
birim,38100074,Kırkgeçit Köyü,tarihsel,wikidata-6360
birim,38100075,Kırkpınar Köyü,tarihsel,wikidata-6360
birim,38100076,Kızıldere Köyü,tarihsel,wikidata-6360
birim,38100077,Kızılhan Köyü,tarihsel,wikidata-6360
birim,38100078,Kızılören Köyü,tarihsel,wikidata-6360
birim,38100079,Köşkerli Köyü,tarihsel,wikidata-6360
birim,38100080,Küçükkömarmut Köyü,tarihsel,wikidata-6360
birim,38100081,Küçükpotuklu Köyü,tarihsel,wikidata-6360
birim,38100082,Kurbağalık Köyü,tarihsel,wikidata-6360
birim,38100083,Kurttepe Köyü,tarihsel,wikidata-6360
birim,38100084,Kuşçular Köyü,tarihsel,wikidata-6360
birim,38100085,Malakköy Köyü,tarihsel,wikidata-6360
birim,38100086,Melikgazi Köyü,tarihsel,wikidata-6360
birim,38100087,Methiye Köyü,tarihsel,wikidata-6360
birim,38100088,Olukkaya Köyü,tarihsel,wikidata-6360
birim,38100089,Örenşehir Bucak Merkezi Köyü,tarihsel,wikidata-6360
birim,38100090,Oruçoğlu Köyü,tarihsel,wikidata-6360
birim,38100091,Panlı Köyü,tarihsel,wikidata-6360
birim,38100092,Paşalı Köyü,tarihsel,wikidata-6360
birim,38100094,Pazarsu Köyü,tarihsel,wikidata-6360
birim,38100095,Pulpınar Köyü,tarihsel,wikidata-6360
birim,38100096,Şabanlı Köyü,tarihsel,wikidata-6360
birim,38100097,Saçayağı Köyü,tarihsel,wikidata-6360
birim,38100098,Saçlı Köyü,tarihsel,wikidata-6360
birim,38100099,Şerefiye Köyü,tarihsel,wikidata-6360
birim,38100100,Serinyurt Köyü,tarihsel,wikidata-6360
birim,38100101,Söğütlü Köyü,tarihsel,wikidata-6360
birim,38100102,Solaklar Köyü,tarihsel,wikidata-6360
birim,38100103,Tahtaköprü Köyü,tarihsel,wikidata-6360
birim,38100104,Taşlıgeçit Köyü,tarihsel,wikidata-6360
birim,38100105,Taşlıoğlu Köyü,tarihsel,wikidata-6360
birim,38100106,Taşoluk Köyü,tarihsel,wikidata-6360
birim,38100107,Tersakan Köyü,tarihsel,wikidata-6360
birim,38100118,Yukarıbeyçayırı Köyü,tarihsel,wikidata-6360
birim,38100119,Yukarıborandere Köyü,tarihsel,wikidata-6360
birim,38100120,Yukarıkaragöz Köyü,tarihsel,wikidata-6360
birim,38100121,Yukarıkızılçevlik Köyü,tarihsel,wikidata-6360
birim,38100122,Yusuflar Köyü,tarihsel,wikidata-6360
birim,38110003,Burunören Köyü,tarihsel,wikidata-6360
birim,38110005,Düzencik Köyü,tarihsel,wikidata-6360
birim,38110006,Ebülhayır Köyü,tarihsel,wikidata-6360
birim,38110009,İğdeli Köyü,tarihsel,wikidata-6360
birim,38110011,Kadılı Köyü,tarihsel,wikidata-6360
birim,38110012,Kaleköy Köyü,tarihsel,wikidata-6360
birim,38110014,Karpınar Köyü,tarihsel,wikidata-6360
birim,38110015,Keklikoğlu Köyü,tarihsel,wikidata-6360
birim,38110016,Kızılpınar Köyü,tarihsel,wikidata-6360
birim,38110017,Muratbeyli Köyü,tarihsel,wikidata-6360
birim,38110018,Ömerhacılı Köyü,tarihsel,wikidata-6360
birim,38110019,Ömürlü Köyü,tarihsel,wikidata-6360
birim,38110022,Sofumahmut Köyü,tarihsel,wikidata-6360
birim,38110023,Tatılı Köyü,tarihsel,wikidata-6360
birim,38110024,Üzerlik Köyü,tarihsel,wikidata-6360
birim,38110025,Yahyalı Köyü,tarihsel,wikidata-6360
birim,38110026,Yerlikuyu Köyü,tarihsel,wikidata-6360
birim,38110027,Yıldırım Köyü,tarihsel,wikidata-6360
birim,38120001,Akoluk Köyü,tarihsel,wikidata-6360
birim,38120002,Altısöğüt Köyü,tarihsel,wikidata-6360
birim,38120003,Avşarobası Köyü,tarihsel,wikidata-6360
birim,38120004,Ayranlık Köyü,tarihsel,wikidata-6360
birim,38120006,Büyük Örtülü Köyü,tarihsel,wikidata-6360
birim,38120007,Büyük Söbeçimen Köyü,tarihsel,wikidata-6360
birim,38120008,Çağşak Köyü,tarihsel,wikidata-6360
birim,38120010,Çavdar Köyü,tarihsel,wikidata-6360
birim,38120011,Çörekdere Köyü,tarihsel,wikidata-6360
birim,38120012,Dallıkavak Köyü,tarihsel,wikidata-6360
birim,38120013,Damızlık Köyü,tarihsel,wikidata-6360
birim,38120014,Darıdere Köyü,tarihsel,wikidata-6360
birim,38120015,Dayoluk Köyü,tarihsel,wikidata-6360
birim,38120016,Değirmentaş Köyü,tarihsel,wikidata-6360
birim,38120017,Fettahdere Köyü,tarihsel,wikidata-6360
birim,38120018,Gümüşali Köyü,tarihsel,wikidata-6360
birim,38120020,İmirzaağa Köyü,tarihsel,wikidata-6360
birim,38120022,İncemağara Köyü,tarihsel,wikidata-6360
birim,38120024,Karayurt Köyü,tarihsel,wikidata-6360
birim,38120025,Kemer Köyü,tarihsel,wikidata-6360
birim,38120026,Kırkısrak Köyü,tarihsel,wikidata-6360
birim,38120027,Kıskaçlı Köyü,tarihsel,wikidata-6360
birim,38120029,Küçük Kabaktepe Köyü,tarihsel,wikidata-6360
birim,38120030,Küçük Örtülü Köyü,tarihsel,wikidata-6360
birim,38120031,Küçük Söbeçimen Köyü,tarihsel,wikidata-6360
birim,38120033,Kurudere Köyü,tarihsel,wikidata-6360
birim,38120035,Mollahüseyinler Köyü,tarihsel,wikidata-6360
birim,38120036,Oğlakkaya Köyü,tarihsel,wikidata-6360
birim,38120037,Ördekli Köyü,tarihsel,wikidata-6360
birim,38120038,Sancakağıl Köyü,tarihsel,wikidata-6360
birim,38120039,Tavla Köyü,tarihsel,wikidata-6360
birim,38120040,Tekneli Köyü,tarihsel,wikidata-6360
birim,38120041,Yaylacı Köyü,tarihsel,wikidata-6360
birim,38120042,Yedioluk Köyü,tarihsel,wikidata-6360
birim,38130001,Akçakaya Köyü,tarihsel,wikidata-6360
birim,38130002,Alaybeyli Köyü,tarihsel,wikidata-6360
birim,38130003,Ardıç Köyü,tarihsel,wikidata-6360
birim,38130006,Çatakdere Köyü,tarihsel,wikidata-6360
birim,38130007,Cebir Köyü,tarihsel,wikidata-6360
birim,38130008,Çevlik Köyü,tarihsel,wikidata-6360
birim,38130009,Çömlekçi Köyü,tarihsel,wikidata-6360
birim,38130013,Kamber Köyü,tarihsel,wikidata-6360
birim,38130014,Kepez Köyü,tarihsel,wikidata-6360
birim,38130016,Koçcağız Köyü,tarihsel,wikidata-6360
birim,38130017,Kuruköprü Köyü,tarihsel,wikidata-6360
birim,38130018,Mengücek Köyü,tarihsel,wikidata-6360
birim,38130020,Örencik Köyü,tarihsel,wikidata-6360
birim,38130024,Süleymanlı Köyü,tarihsel,wikidata-6360
birim,38130026,Yamaçlı Köyü,tarihsel,wikidata-6360
birim,38130027,Yazyurdu Köyü,tarihsel,wikidata-6360
birim,38140001,Akdere Köyü,tarihsel,wikidata-6360
birim,38140002,Akmezar Köyü,tarihsel,wikidata-6360
birim,38140003,Arslantaş Köyü,tarihsel,wikidata-6360
birim,38140005,Bektaş Köyü,tarihsel,wikidata-6360
birim,38140006,Böke Köyü,tarihsel,wikidata-6360
birim,38140007,Bostanlık Köyü,tarihsel,wikidata-6360
birim,38140008,Büyükcanlı Köyü,tarihsel,wikidata-6360
birim,38140009,Çanakpınar Köyü,tarihsel,wikidata-6360
birim,38140010,Çayinli Köyü,tarihsel,wikidata-6360
birim,38140011,Cücün Köyü,tarihsel,wikidata-6360
birim,38140012,Çukurağaç Köyü,tarihsel,wikidata-6360
birim,38140013,Culha Köyü,tarihsel,wikidata-6360
birim,38140016,Dağyurdu Köyü,tarihsel,wikidata-6360
birim,38140017,Ekinli Köyü,tarihsel,wikidata-6360
birim,38140019,Göktepe Köyü,tarihsel,wikidata-6360
birim,38140020,Gülveren Köyü,tarihsel,wikidata-6360
birim,38140022,Güzelsu Köyü,tarihsel,wikidata-6360
birim,38140023,Hacıpaşa Köyü,tarihsel,wikidata-6360
birim,38140024,İcadiye Köyü,tarihsel,wikidata-6360
birim,38140026,İncili Köyü,tarihsel,wikidata-6360
birim,38140027,Işıklar Köyü,tarihsel,wikidata-6360
birim,38140028,Kale Köyü,tarihsel,wikidata-6360
birim,38140029,Kapukaya Köyü,tarihsel,wikidata-6360
birim,38140030,Karamuklu Köyü,tarihsel,wikidata-6360
birim,38140031,Karaören Köyü,tarihsel,wikidata-6360
birim,38140032,Kesir Köyü,tarihsel,wikidata-6360
birim,38140033,Kevenağıl Köyü,tarihsel,wikidata-6360
birim,38140034,Kızılören Köyü,tarihsel,wikidata-6360
birim,38140035,Kömür Köyü,tarihsel,wikidata-6360
birim,38140036,Köprübaşı Köyü,tarihsel,wikidata-6360
birim,38140037,Küçükcanlı Köyü,tarihsel,wikidata-6360
birim,38140039,Kuşcağız Köyü,tarihsel,wikidata-6360
birim,38140040,Melikören Köyü,tarihsel,wikidata-6360
birim,38140041,Pusatlı Köyü,tarihsel,wikidata-6360
birim,38140043,Şıhbarak Köyü,tarihsel,wikidata-6360
birim,38140044,Şiraz Köyü,tarihsel,wikidata-6360
birim,38140045,Söğütlü Köyü,tarihsel,wikidata-6360
birim,38140046,Süvegenler Köyü,tarihsel,wikidata-6360
birim,38140047,Tahtakemer Köyü,tarihsel,wikidata-6360
birim,38140048,Tatar Köyü,tarihsel,wikidata-6360
birim,38140049,Toklar Köyü,tarihsel,wikidata-6360
birim,38140050,Turanlı Köyü,tarihsel,wikidata-6360
birim,38140051,Üçkonak Köyü,tarihsel,wikidata-6360
birim,38140054,Yeşilbağ Köyü,tarihsel,wikidata-6360
birim,38160001,Akköy Köyü,tarihsel,wikidata-6360
birim,38160002,Araplı Köyü,tarihsel,wikidata-6360
birim,38160003,Başköy Köyü,tarihsel,wikidata-6360
birim,38160005,Büget Köyü,tarihsel,wikidata-6360
birim,38160006,Çadırkaya Köyü,tarihsel,wikidata-6360
birim,38160009,Derbentbaşı Köyü,tarihsel,wikidata-6360
birim,38160010,Doğanlı Köyü,tarihsel,wikidata-6360
birim,38160011,Erdemli Köyü,tarihsel,wikidata-6360
birim,38160014,Gülbayır Köyü,tarihsel,wikidata-6360
birim,38160016,Güzelöz Köyü,tarihsel,wikidata-6360
birim,38160017,İçmece Köyü,tarihsel,wikidata-6360
birim,38160019,Kale Köyü,tarihsel,wikidata-6360
birim,38160021,Kavak Köyü,tarihsel,wikidata-6360
birim,38160022,Kayadibi Köyü,tarihsel,wikidata-6360
birim,38160024,Keşlik Köyü,tarihsel,wikidata-6360
birim,38160026,Kovalı Köyü,tarihsel,wikidata-6360
birim,38160027,Kuşçu Köyü,tarihsel,wikidata-6360
birim,38160030,Musahacılı Köyü,tarihsel,wikidata-6360
birim,38160031,Ovaçiftlik Köyü,tarihsel,wikidata-6360
birim,38160032,Soğanlı Köyü,tarihsel,wikidata-6360
birim,38160035,Yeşilova Köyü,tarihsel,wikidata-6360
birim,39010004,Demirkapı Köyü,tarihsel,wikidata-6360
birim,39040021,Küçükkarıştıran Köyü,tarihsel,wikidata-6360
birim,39050001,Kırklareli,semt,ptt-semt
birim,39050002,Kırklareli,semt,ptt-semt
birim,39050003,Kırklareli,semt,ptt-semt
birim,39050007,Kırklareli,semt,ptt-semt
birim,39050008,Kırklareli,semt,ptt-semt
birim,39050009,Kırklareli,semt,ptt-semt
birim,39050011,Kırklareli,semt,ptt-semt
birim,39050012,Kırklareli,semt,ptt-semt
birim,39050013,Kırklareli,semt,ptt-semt
birim,39050014,Kırklareli,semt,ptt-semt
birim,39050018,Kırklareli,semt,ptt-semt
birim,39050020,Kırklareli,semt,ptt-semt
birim,39050023,Kırklareli,semt,ptt-semt
birim,39050028,Dereköy,semt,ptt-semt
birim,39050032,Dereköy,semt,ptt-semt
birim,39050038,Dereköy,semt,ptt-semt
birim,39050042,Dereköy,semt,ptt-semt
birim,39050045,Dereköy,semt,ptt-semt
birim,39050047,Dereköy,semt,ptt-semt
birim,39050048,Dereköy,semt,ptt-semt
birim,39050056,Dereköy,semt,ptt-semt
birim,39050060,Dereköy,semt,ptt-semt
birim,40010006,Kösefakılı,semt,ptt-semt
birim,40010008,Kösefakılı,semt,ptt-semt
birim,40010010,Kösefakılı,semt,ptt-semt
birim,40010012,Kösefakılı,semt,ptt-semt
birim,40010016,Kösefakılı,semt,ptt-semt
birim,40010018,Kösefakılı,semt,ptt-semt
birim,40010019,Kösefakılı,semt,ptt-semt
birim,40010020,Kösefakılı,semt,ptt-semt
birim,40010021,Kösefakılı,semt,ptt-semt
birim,40010022,Kösefakılı,semt,ptt-semt
birim,40010023,Kösefakılı,semt,ptt-semt
birim,40010026,Kösefakılı,semt,ptt-semt
birim,40010027,Kösefakılı,semt,ptt-semt
birim,40010029,Kösefakılı,semt,ptt-semt
birim,40010030,Kösefakılı,semt,ptt-semt
birim,40010031,Kösefakılı,semt,ptt-semt
birim,40060001,Çarşı,semt,ptt-semt
birim,40060002,Çarşı,semt,ptt-semt
birim,40060003,Çarşı,semt,ptt-semt
birim,40060004,Çarşı,semt,ptt-semt
birim,40060005,Çarşı,semt,ptt-semt
birim,40060006,Çarşı,semt,ptt-semt
birim,40060007,Çarşı,semt,ptt-semt
birim,40060010,Çarşı,semt,ptt-semt
birim,40060011,Çarşı,semt,ptt-semt
birim,40060012,Çarşı,semt,ptt-semt
birim,40060015,Çarşı,semt,ptt-semt
birim,40060016,Çarşı,semt,ptt-semt
birim,40060017,Çarşı,semt,ptt-semt
birim,40060021,Çarşı,semt,ptt-semt
birim,40060097,Çarşı,semt,ptt-semt
birim,41010003,Yeniköy,semt,ptt-semt
birim,41010004,Yuvacık,semt,ptt-semt
birim,41010008,Doğantepe Köyü,tarihsel,wikidata-6360
birim,41010010,Yuvacık,semt,ptt-semt
birim,41010011,Bahçecik,semt,ptt-semt
birim,41010012,Kullar,semt,ptt-semt
birim,41010014,Kazandere Köyü,tarihsel,wikidata-6360
birim,41010015,Bahçecik,semt,ptt-semt
birim,41010017,Kullar,semt,ptt-semt
birim,41010018,Kullar,semt,ptt-semt
birim,41010019,Kullar,semt,ptt-semt
birim,41010020,Kullar,semt,ptt-semt
birim,41010021,Kullar,semt,ptt-semt
birim,41010022,Yuvacık,semt,ptt-semt
birim,41010024,Bahçecik,semt,ptt-semt
birim,41010025,Yeniköy,semt,ptt-semt
birim,41010026,Yeniköy,semt,ptt-semt
birim,41010027,Yuvacık,semt,ptt-semt
birim,41010029,Servetiye Cami Köyü,tarihsel,wikidata-6360
birim,41010033,Kullar,semt,ptt-semt
birim,41010034,Kullar,semt,ptt-semt
birim,41010035,Yeniköy,semt,ptt-semt
birim,41010036,Bahçecik,semt,ptt-semt
birim,41010037,Yuvacık,semt,ptt-semt
birim,41010038,Yuvacık,semt,ptt-semt
birim,41040001,Çavuşlu Köyü,tarihsel,wikidata-6360
birim,41040007,Geredeli Köyü,tarihsel,wikidata-6360
birim,41040009,Karagöllü Köyü,tarihsel,wikidata-6360
birim,41040010,Kaşıkçı Köyü,tarihsel,wikidata-6360
birim,41040013,Tahtalı Köyü,tarihsel,wikidata-6360
birim,41040014,Terziler Köyü,tarihsel,wikidata-6360
birim,41040015,Toylar Köyü,tarihsel,wikidata-6360
birim,41050001,Çerkeşli Köyü,tarihsel,wikidata-6360
birim,41050003,Demirciler Köyü,tarihsel,wikidata-6360
birim,41050007,Köseler Köyü,tarihsel,wikidata-6360
birim,41050011,Tepecik Köyü,tarihsel,wikidata-6360
birim,41060002,Ahatlı Köyü,tarihsel,wikidata-6360
birim,41060004,Balçık Köyü,tarihsel,wikidata-6360
birim,41060008,Cumaköy Köyü,tarihsel,wikidata-6360
birim,41060010,Denizli Köyü,tarihsel,wikidata-6360
birim,41060011,Duraklı Köyü,tarihsel,wikidata-6360
birim,41060012,Elbizli Köyü,tarihsel,wikidata-6360
birim,41060013,Eskihisar Köyü,tarihsel,wikidata-6360
birim,41060017,Hatipler Köyü,tarihsel,wikidata-6360
birim,41060021,Kadıllı Köyü,tarihsel,wikidata-6360
birim,41060022,Kargalı Köyü,tarihsel,wikidata-6360
birim,41060027,Mollafenari Köyü,tarihsel,wikidata-6360
birim,41060028,Muallimköy Köyü,tarihsel,wikidata-6360
birim,41060029,Mudarlı Köyü,tarihsel,wikidata-6360
birim,41060032,Ovacık Köyü,tarihsel,wikidata-6360
birim,41060033,Pelitli Köyü,tarihsel,wikidata-6360
birim,41060036,Tavşanlı Köyü,tarihsel,wikidata-6360
birim,41060037,Tepemanayır Köyü,tarihsel,wikidata-6360
birim,41060039,Yağcılar Köyü,tarihsel,wikidata-6360
birim,41070001,Değirmendere,semt,ptt-semt
birim,41070002,Ayvazpınarı Köyü,tarihsel,wikidata-6360
birim,41070004,Değirmendere,semt,ptt-semt
birim,41070005,Değirmendere,semt,ptt-semt
birim,41070006,Değirmendere,semt,ptt-semt
birim,41070011,Eskiferhadiye Köyü,tarihsel,wikidata-6360
birim,41070012,Ferhadiye Köyü,tarihsel,wikidata-6360
birim,41070013,Değirmendere,semt,ptt-semt
birim,41070014,Değirmendere,semt,ptt-semt
birim,41070015,Hamidiye Köyü,tarihsel,wikidata-6360
birim,41070016,Hasaneyn Köyü,tarihsel,wikidata-6360
birim,41070018,İcadiye Köyü,tarihsel,wikidata-6360
birim,41070021,İrşadiye Köyü,tarihsel,wikidata-6360
birim,41070024,Değirmendere,semt,ptt-semt
birim,41070025,Lütfiye Köyü,tarihsel,wikidata-6360
birim,41070026,Mamuriye Köyü,tarihsel,wikidata-6360
birim,41070028,Mesruriye Köyü,tarihsel,wikidata-6360
birim,41070029,Nimetiye Köyü,tarihsel,wikidata-6360
birim,41070030,Nüzhetiye Köyü,tarihsel,wikidata-6360
birim,41070031,Örcün Köyü,tarihsel,wikidata-6360
birim,41070034,Saraylı Köyü,tarihsel,wikidata-6360
birim,41070036,Selimiye Köyü,tarihsel,wikidata-6360
birim,41070037,Şevketiye Köyü,tarihsel,wikidata-6360
birim,41070038,Şirinköy Köyü,tarihsel,wikidata-6360
birim,41070039,Siyretiye Köyü,tarihsel,wikidata-6360
birim,41070040,Sofular Köyü,tarihsel,wikidata-6360
birim,41070041,Değirmendere,semt,ptt-semt
birim,41070042,Değirmendere,semt,ptt-semt
birim,41070043,Değirmendere,semt,ptt-semt
birim,41070044,Ümmiye Köyü,tarihsel,wikidata-6360
birim,41070048,Değirmendere,semt,ptt-semt
birim,41070050,Değirmendere,semt,ptt-semt
birim,41080002,Alikahya,semt,ptt-semt
birim,41080003,Saraybahçe,semt,ptt-semt
birim,41080004,Alikahya,semt,ptt-semt
birim,41080005,Alikahya,semt,ptt-semt
birim,41080006,Akpınar Köyü,tarihsel,wikidata-6360
birim,41080007,Alikahya,semt,ptt-semt
birim,41080008,Alikahya,semt,ptt-semt
birim,41080009,Alikahya,semt,ptt-semt
birim,41080010,Alikahya,semt,ptt-semt
birim,41080011,Ambarcı Köyü,tarihsel,wikidata-6360
birim,41080012,Arızlı Köyü,tarihsel,wikidata-6360
birim,41080013,Arpalıkihsaniye Köyü,tarihsel,wikidata-6360
birim,41080014,Alikahya,semt,ptt-semt
birim,41080016,Bağlıca Köyü,tarihsel,wikidata-6360
birim,41080017,Balören Köyü,tarihsel,wikidata-6360
birim,41080018,Bayraktar Köyü,tarihsel,wikidata-6360
birim,41080020,Biberoğlu Köyü,tarihsel,wikidata-6360
birim,41080021,Böğürgen Köyü,tarihsel,wikidata-6360
birim,41080022,Bulduk Köyü,tarihsel,wikidata-6360
birim,41080023,Çağırgan Köyü,tarihsel,wikidata-6360
birim,41080024,Çavuşoğlu Köyü,tarihsel,wikidata-6360
birim,41080025,Çayırköy Köyü,tarihsel,wikidata-6360
birim,41080026,Çarşı,semt,ptt-semt
birim,41080027,Çubuklubala Köyü,tarihsel,wikidata-6360
birim,41080028,Çubukluosmaniye Köyü,tarihsel,wikidata-6360
birim,41080029,Çarşı,semt,ptt-semt
birim,41080031,Dağköy Köyü,tarihsel,wikidata-6360
birim,41080033,Düğmeciler Köyü,tarihsel,wikidata-6360
birim,41080034,Durhasan Köyü,tarihsel,wikidata-6360
birim,41080035,Emirhan Köyü,tarihsel,wikidata-6360
birim,41080037,Eseler Köyü,tarihsel,wikidata-6360
birim,41080039,Fethiye Köyü,tarihsel,wikidata-6360
birim,41080040,Alikahya,semt,ptt-semt
birim,41080041,Gedikli Köyü,tarihsel,wikidata-6360
birim,41080042,Gökçeören Köyü,tarihsel,wikidata-6360
birim,41080043,Gülbahçe Kadriye Köyü,tarihsel,wikidata-6360
birim,41080046,Güvercinlik Köyü,tarihsel,wikidata-6360
birim,41080047,Saraybahçe,semt,ptt-semt
birim,41080048,Saraybahçe,semt,ptt-semt
birim,41080049,Hakaniye Köyü,tarihsel,wikidata-6360
birim,41080050,Hasancıklar Köyü,tarihsel,wikidata-6360
birim,41080052,Kabaoğlu Köyü,tarihsel,wikidata-6360
birim,41080054,Karaabdülbaki Köyü,tarihsel,wikidata-6360
birim,41080055,Sahil,semt,ptt-semt
birim,41080056,Alikahya,semt,ptt-semt
birim,41080058,Saraybahçe,semt,ptt-semt
birim,41080059,Kısalar Köyü,tarihsel,wikidata-6360
birim,41080061,Sahil,semt,ptt-semt
birim,41080062,Kozluca Köyü,tarihsel,wikidata-6360
birim,41080063,Saraybahçe,semt,ptt-semt
birim,41080064,Kulfallı Köyü,tarihsel,wikidata-6360
birim,41080065,Kulmahmut Köyü,tarihsel,wikidata-6360
birim,41080066,Kurtdere Köyü,tarihsel,wikidata-6360
birim,41080070,Mecidiye Köyü,tarihsel,wikidata-6360
birim,41080071,Nebihoca Köyü,tarihsel,wikidata-6360
birim,41080072,Çarşı,semt,ptt-semt
birim,41080073,Saraybahçe,semt,ptt-semt
birim,41080074,Orhaniye Köyü,tarihsel,wikidata-6360
birim,41080075,Ortaburun Köyü,tarihsel,wikidata-6360
birim,41080076,Şahinler Köyü,tarihsel,wikidata-6360
birim,41080077,Sahil,semt,ptt-semt
birim,41080078,Sapakpınar Köyü,tarihsel,wikidata-6360
birim,41080079,Sarışeyh Köyü,tarihsel,wikidata-6360
birim,41080080,Sekbanlı Köyü,tarihsel,wikidata-6360
birim,41080081,Sepetçi Köyü,tarihsel,wikidata-6360
birim,41080084,Süleymaniye Köyü,tarihsel,wikidata-6360
birim,41080085,Sultaniye Köyü,tarihsel,wikidata-6360
birim,41080086,Süverler Köyü,tarihsel,wikidata-6360
birim,41080088,Saraybahçe,semt,ptt-semt
birim,41080089,Tepeköy Köyü,tarihsel,wikidata-6360
birim,41080090,Çarşı,semt,ptt-semt
birim,41080091,Çarşı,semt,ptt-semt
birim,41080092,Saraybahçe,semt,ptt-semt
birim,41080094,Saraybahçe,semt,ptt-semt
birim,41080096,Yassıbağ Köyü,tarihsel,wikidata-6360
birim,41080098,Yenice Köyü,tarihsel,wikidata-6360
birim,41080104,Alikahya,semt,ptt-semt
birim,41090001,Ağaçağıl Köyü,tarihsel,wikidata-6360
birim,41090002,Ahmethacılar Köyü,tarihsel,wikidata-6360
birim,41090004,Akçabeyli Köyü,tarihsel,wikidata-6360
birim,41090005,Akçakese Köyü,tarihsel,wikidata-6360
birim,41090006,Akçaova Köyü,tarihsel,wikidata-6360
birim,41090008,Akıncı Köyü,tarihsel,wikidata-6360
birim,41090010,Alefli Köyü,tarihsel,wikidata-6360
birim,41090011,Antaplı Köyü,tarihsel,wikidata-6360
birim,41090012,Avdan Köyü,tarihsel,wikidata-6360
birim,41090014,Babaköy Köyü,tarihsel,wikidata-6360
birim,41090015,Babalı Köyü,tarihsel,wikidata-6360
birim,41090016,Bağırganlı Köyü,tarihsel,wikidata-6360
birim,41090017,Balaban Köyü,tarihsel,wikidata-6360
birim,41090018,Balcı Köyü,tarihsel,wikidata-6360
birim,41090019,Ballar Köyü,tarihsel,wikidata-6360
birim,41090020,Beyce Köyü,tarihsel,wikidata-6360
birim,41090021,Beylerbeyi Köyü,tarihsel,wikidata-6360
birim,41090022,Bolu Köyü,tarihsel,wikidata-6360
birim,41090023,Bozburun Köyü,tarihsel,wikidata-6360
birim,41090024,Çakırcaali Köyü,tarihsel,wikidata-6360
birim,41090025,Çakmaklar Köyü,tarihsel,wikidata-6360
birim,41090026,Çalca Köyü,tarihsel,wikidata-6360
birim,41090027,Çalköy Köyü,tarihsel,wikidata-6360
birim,41090028,Çalyer Köyü,tarihsel,wikidata-6360
birim,41090029,Çamkonak Köyü,tarihsel,wikidata-6360
birim,41090031,Cebeci Köyü,tarihsel,wikidata-6360
birim,41090032,Çerçili Köyü,tarihsel,wikidata-6360
birim,41090033,Dalca Köyü,tarihsel,wikidata-6360
birim,41090034,Deliveli Köyü,tarihsel,wikidata-6360
birim,41090035,Doğancılı Köyü,tarihsel,wikidata-6360
birim,41090036,Döngelli Köyü,tarihsel,wikidata-6360
birim,41090037,Duraklı Köyü,tarihsel,wikidata-6360
birim,41090038,Eğercili Köyü,tarihsel,wikidata-6360
birim,41090039,Elmacık Köyü,tarihsel,wikidata-6360
birim,41090040,Esentepe Köyü,tarihsel,wikidata-6360
birim,41090041,Ferizli Köyü,tarihsel,wikidata-6360
birim,41090042,Gebeşler Köyü,tarihsel,wikidata-6360
birim,41090043,Goncaaydın Köyü,tarihsel,wikidata-6360
birim,41090044,Hacılar Köyü,tarihsel,wikidata-6360
birim,41090045,Hacımazlı Köyü,tarihsel,wikidata-6360
birim,41090046,Hacışeyh Köyü,tarihsel,wikidata-6360
birim,41090047,Hediyeli Köyü,tarihsel,wikidata-6360
birim,41090048,Hıdırlar Köyü,tarihsel,wikidata-6360
birim,41090049,Hüdaverdiler Köyü,tarihsel,wikidata-6360
birim,41090050,İncecik Köyü,tarihsel,wikidata-6360
birim,41090051,Kabaağaç Köyü,tarihsel,wikidata-6360
birim,41090052,Kanatlar Köyü,tarihsel,wikidata-6360
birim,41090053,Karaağaç Köyü,tarihsel,wikidata-6360
birim,41090054,Karadivan Köyü,tarihsel,wikidata-6360
birim,41090055,Karlı Köyü,tarihsel,wikidata-6360
birim,41090056,Kaymaz Köyü,tarihsel,wikidata-6360
birim,41090057,Kaymaz Erikli Köyü,tarihsel,wikidata-6360
birim,41090058,Kefken Köyü,tarihsel,wikidata-6360
birim,41090060,Kırkarmut Köyü,tarihsel,wikidata-6360
birim,41090061,Kızılcapınar Köyü,tarihsel,wikidata-6360
birim,41090062,Kocakaymas Köyü,tarihsel,wikidata-6360
birim,41090063,Kubuzcu Köyü,tarihsel,wikidata-6360
birim,41090064,Kurtyeri Köyü,tarihsel,wikidata-6360
birim,41090065,Lokmanlı Köyü,tarihsel,wikidata-6360
birim,41090066,Mancarlar Köyü,tarihsel,wikidata-6360
birim,41090067,Merkez Erikli Köyü,tarihsel,wikidata-6360
birim,41090068,Mülküşehsuvar Köyü,tarihsel,wikidata-6360
birim,41090069,Nasuhlar Köyü,tarihsel,wikidata-6360
birim,41090070,Ömerli Köyü,tarihsel,wikidata-6360
birim,41090072,Özbey Köyü,tarihsel,wikidata-6360
birim,41090073,Pelitpınarı Köyü,tarihsel,wikidata-6360
birim,41090074,Pınardüzü Köyü,tarihsel,wikidata-6360
birim,41090075,Pınarlı Köyü,tarihsel,wikidata-6360
birim,41090076,Pirceler Köyü,tarihsel,wikidata-6360
birim,41090077,Safalı Köyü,tarihsel,wikidata-6360
birim,41090078,Sarıahmetler Köyü,tarihsel,wikidata-6360
birim,41090079,Sarıcaali Köyü,tarihsel,wikidata-6360
birim,41090080,Sarıgazi Köyü,tarihsel,wikidata-6360
birim,41090081,Sarnıçlar Köyü,tarihsel,wikidata-6360
birim,41090082,Selametli Köyü,tarihsel,wikidata-6360
birim,41090083,Selimköy Köyü,tarihsel,wikidata-6360
birim,41090084,Sepetçi Köyü,tarihsel,wikidata-6360
birim,41090085,Şerefsungur Köyü,tarihsel,wikidata-6360
birim,41090086,Seyitaliler Köyü,tarihsel,wikidata-6360
birim,41090087,Sinanlıbilallı Köyü,tarihsel,wikidata-6360
birim,41090088,Sucuali Köyü,tarihsel,wikidata-6360
birim,41090089,Süllü Köyü,tarihsel,wikidata-6360
birim,41090090,Tatarahmet Köyü,tarihsel,wikidata-6360
birim,41090091,Teksen Köyü,tarihsel,wikidata-6360
birim,41090092,Terziler Köyü,tarihsel,wikidata-6360
birim,41090093,Topluca Köyü,tarihsel,wikidata-6360
birim,41090094,Üğümce Köyü,tarihsel,wikidata-6360
birim,41090095,Yağcılar Köyü,tarihsel,wikidata-6360
birim,41090096,Yusufça Köyü,tarihsel,wikidata-6360
birim,41100003,Akpınar Köyü,tarihsel,wikidata-6360
birim,41100004,Avcıköy Köyü,tarihsel,wikidata-6360
birim,41100005,Çamçukur Köyü,tarihsel,wikidata-6360
birim,41100006,Çamdibi Köyü,tarihsel,wikidata-6360
birim,41100009,Fulacık Köyü,tarihsel,wikidata-6360
birim,41100010,Hayriye Köyü,tarihsel,wikidata-6360
birim,41100011,İhsaniye Köyü,tarihsel,wikidata-6360
birim,41100012,İnebeyli Köyü,tarihsel,wikidata-6360
birim,41100013,Kadriye Köyü,tarihsel,wikidata-6360
birim,41100014,Karaahmetli Köyü,tarihsel,wikidata-6360
birim,41100015,Karapınar Köyü,tarihsel,wikidata-6360
birim,41100018,Oluklu Köyü,tarihsel,wikidata-6360
birim,41100019,Osmaniye Köyü,tarihsel,wikidata-6360
birim,41100020,Pazarköy Köyü,tarihsel,wikidata-6360
birim,41100021,Safiye Köyü,tarihsel,wikidata-6360
birim,41100022,Semetler Köyü,tarihsel,wikidata-6360
birim,41100023,Senaiye Köyü,tarihsel,wikidata-6360
birim,41100024,Suludere Köyü,tarihsel,wikidata-6360
birim,41100025,Tahtalı Köyü,tarihsel,wikidata-6360
birim,41100026,Tepeköy Köyü,tarihsel,wikidata-6360
birim,41110001,Büyükderbent,semt,ptt-semt
birim,41110005,Büyükderbent,semt,ptt-semt
birim,41110007,Büyükderbent,semt,ptt-semt
birim,41110012,Büyükderbent,semt,ptt-semt
birim,41110014,Büyükderbent,semt,ptt-semt
birim,41110017,Büyükderbent,semt,ptt-semt
birim,41110018,Büyükderbent,semt,ptt-semt
birim,41110021,Büyükderbent,semt,ptt-semt
birim,41110022,Büyükderbent,semt,ptt-semt
birim,41110023,Rahmiye Köyü,tarihsel,wikidata-6360
birim,41110025,Büyükderbent,semt,ptt-semt
birim,41110027,Büyükderbent,semt,ptt-semt
birim,41110029,Büyükderbent,semt,ptt-semt
birim,41120001,Hereke,semt,ptt-semt
birim,41120002,Hereke,semt,ptt-semt
birim,41120003,Alihocalar Köyü,tarihsel,wikidata-6360
birim,41120006,Belen Köyü,tarihsel,wikidata-6360
birim,41120008,Çıraklı Köyü,tarihsel,wikidata-6360
birim,41120009,Cuma Köyü,tarihsel,wikidata-6360
birim,41120010,Hereke,semt,ptt-semt
birim,41120011,Dere Köyü,tarihsel,wikidata-6360
birim,41120012,Dikenli Köyü,tarihsel,wikidata-6360
birim,41120013,Elmacık Köyü,tarihsel,wikidata-6360
birim,41120017,Hereke,semt,ptt-semt
birim,41120019,Himmetli Köyü,tarihsel,wikidata-6360
birim,41120021,Kalburcu Köyü,tarihsel,wikidata-6360
birim,41120022,Karayakuplu Köyü,tarihsel,wikidata-6360
birim,41120024,Hereke,semt,ptt-semt
birim,41120025,Kutluca Köyü,tarihsel,wikidata-6360
birim,41120028,Naip Köyü,tarihsel,wikidata-6360
birim,41120029,Osmanlı Köyü,tarihsel,wikidata-6360
birim,41120030,Şemsettin Köyü,tarihsel,wikidata-6360
birim,41120031,Sevindikli Köyü,tarihsel,wikidata-6360
birim,41120032,Sipahiler Köyü,tarihsel,wikidata-6360
birim,41120033,Hereke,semt,ptt-semt
birim,41120036,Hereke,semt,ptt-semt
birim,42010002,Aliçerçi Köyü,tarihsel,wikidata-6360
birim,42010003,Bademli Köyü,tarihsel,wikidata-6360
birim,42010004,Balıklava Köyü,tarihsel,wikidata-6360
birim,42010006,Çiftlik Köyü,tarihsel,wikidata-6360
birim,42010008,Erdoğan Köyü,tarihsel,wikidata-6360
birim,42010011,Karacakuyu Köyü,tarihsel,wikidata-6360
birim,42010012,Kayacık Köyü,tarihsel,wikidata-6360
birim,42010013,Küçüköz Köyü,tarihsel,wikidata-6360
birim,42010014,Kuruçay Köyü,tarihsel,wikidata-6360
birim,42020002,Ahmediye Köyü,tarihsel,wikidata-6360
birim,42020003,Alanköy Köyü,tarihsel,wikidata-6360
birim,42020005,Belkuyu Köyü,tarihsel,wikidata-6360
birim,42020006,Çatören Köyü,tarihsel,wikidata-6360
birim,42020007,Dutlu Köyü,tarihsel,wikidata-6360
birim,42020009,Karahüyük Köyü,tarihsel,wikidata-6360
birim,42020011,Orhaniye Köyü,tarihsel,wikidata-6360
birim,42020012,Süleymaniye Köyü,tarihsel,wikidata-6360
birim,42030001,Nasreddin,semt,ptt-semt
birim,42030002,Nasreddin,semt,ptt-semt
birim,42030003,Alanyurt Köyü,tarihsel,wikidata-6360
birim,42030004,Nasreddin,semt,ptt-semt
birim,42030006,Nasreddin,semt,ptt-semt
birim,42030007,Nasreddin,semt,ptt-semt
birim,42030008,Bozlağan Köyü,tarihsel,wikidata-6360
birim,42030010,Çamlı Köyü,tarihsel,wikidata-6360
birim,42030011,Cankurtaran Köyü,tarihsel,wikidata-6360
birim,42030013,Çimendere Köyü,tarihsel,wikidata-6360
birim,42030014,Nasreddin,semt,ptt-semt
birim,42030015,Değirmenköy Köyü,tarihsel,wikidata-6360
birim,42030018,Nasreddin,semt,ptt-semt
birim,42030020,Gedil Köyü,tarihsel,wikidata-6360
birim,42030022,Gözpınarı Köyü,tarihsel,wikidata-6360
birim,42030023,Ilıcak Köyü,tarihsel,wikidata-6360
birim,42030024,Nasreddin,semt,ptt-semt
birim,42030025,Karabulut Köyü,tarihsel,wikidata-6360
birim,42030029,Nasreddin,semt,ptt-semt
birim,42030031,Nasreddin,semt,ptt-semt
birim,42030032,Nasreddin,semt,ptt-semt
birim,42030033,Nasreddin,semt,ptt-semt
birim,42030034,Ortaca Köyü,tarihsel,wikidata-6360
birim,42030037,Saray Köyü,tarihsel,wikidata-6360
birim,42030038,Savaş Köyü,tarihsel,wikidata-6360
birim,42030039,Nasreddin,semt,ptt-semt
birim,42030041,Söğütlü Köyü,tarihsel,wikidata-6360
birim,42030042,Sorkun Köyü,tarihsel,wikidata-6360
birim,42030043,Tekkeköy Köyü,tarihsel,wikidata-6360
birim,42030044,Nasreddin,semt,ptt-semt
birim,42030045,Tipiköy Köyü,tarihsel,wikidata-6360
birim,42030046,Üçhüyük Köyü,tarihsel,wikidata-6360
birim,42030047,Ulupınar Köyü,tarihsel,wikidata-6360
birim,42030048,Nasreddin,semt,ptt-semt
birim,42030049,Yaşarlar Köyü,tarihsel,wikidata-6360
birim,42030050,Yaylabelen Köyü,tarihsel,wikidata-6360
birim,42030052,Nasreddin,semt,ptt-semt
birim,42030053,Yeniköy Köyü,tarihsel,wikidata-6360
birim,42030054,Yeşilköy Köyü,tarihsel,wikidata-6360
birim,42030055,Nasreddin,semt,ptt-semt
birim,42040001,Akçaşar Köyü,tarihsel,wikidata-6360
birim,42040003,Akköy Köyü,tarihsel,wikidata-6360
birim,42040004,Ayışığı Köyü,tarihsel,wikidata-6360
birim,42040005,Borukkuyu Köyü,tarihsel,wikidata-6360
birim,42040007,Hacınuman Köyü,tarihsel,wikidata-6360
birim,42040009,Karakaya Köyü,tarihsel,wikidata-6360
birim,42040010,Koçaş Köyü,tarihsel,wikidata-6360
birim,42040011,Koçyaka Köyü,tarihsel,wikidata-6360
birim,42040012,Mantar Köyü,tarihsel,wikidata-6360
birim,42040015,Sarnıç Köyü,tarihsel,wikidata-6360
birim,42040016,Topraklık Köyü,tarihsel,wikidata-6360
birim,42040017,Yeni Ölmez Köyü,tarihsel,wikidata-6360
birim,42040019,Yenikuyu Köyü,tarihsel,wikidata-6360
birim,42040020,Yeniyayla Köyü,tarihsel,wikidata-6360
birim,42050002,Ağılönü Köyü,tarihsel,wikidata-6360
birim,42050003,Akburun Köyü,tarihsel,wikidata-6360
birim,42050005,Avdancık Köyü,tarihsel,wikidata-6360
birim,42050007,Bademli Köyü,tarihsel,wikidata-6360
birim,42050009,Başgöze Köyü,tarihsel,wikidata-6360
birim,42050010,Bayat Köyü,tarihsel,wikidata-6360
birim,42050012,Bayındır Köyü,tarihsel,wikidata-6360
birim,42050013,Bekdemir Köyü,tarihsel,wikidata-6360
birim,42050015,Çiçekler Köyü,tarihsel,wikidata-6360
birim,42050016,Çiftlik Köyü,tarihsel,wikidata-6360
birim,42050017,Çivril Köyü,tarihsel,wikidata-6360
birim,42050018,Çukurağıl Köyü,tarihsel,wikidata-6360
birim,42050020,Damlapınar Köyü,tarihsel,wikidata-6360
birim,42050022,Doğancık Köyü,tarihsel,wikidata-6360
birim,42050023,Dumanlı Köyü,tarihsel,wikidata-6360
birim,42050024,Eğirler Köyü,tarihsel,wikidata-6360
birim,42050029,Eylikler Köyü,tarihsel,wikidata-6360
birim,42050030,Fasıllar Köyü,tarihsel,wikidata-6360
birim,42050031,Göçü Köyü,tarihsel,wikidata-6360
birim,42050032,Gökçekuyu Köyü,tarihsel,wikidata-6360
birim,42050034,Gölkaşı Köyü,tarihsel,wikidata-6360
birim,42050036,Gönen Köyü,tarihsel,wikidata-6360
birim,42050037,Gündoğdu Köyü,tarihsel,wikidata-6360
birim,42050042,Hüseyinler Köyü,tarihsel,wikidata-6360
birim,42050044,İsaköy Köyü,tarihsel,wikidata-6360
birim,42050046,Karabayat Köyü,tarihsel,wikidata-6360
birim,42050047,Karadiken Köyü,tarihsel,wikidata-6360
birim,42050048,Karahisar Köyü,tarihsel,wikidata-6360
birim,42050050,Küçükavşar Köyü,tarihsel,wikidata-6360
birim,42050052,Kuşluca Köyü,tarihsel,wikidata-6360
birim,42050053,Mesutlar Köyü,tarihsel,wikidata-6360
birim,42050056,Şamlar Köyü,tarihsel,wikidata-6360
birim,42050057,Sarıköy Köyü,tarihsel,wikidata-6360
birim,42050059,Üçpınar Köyü,tarihsel,wikidata-6360
birim,42050062,Yazyurdu Köyü,tarihsel,wikidata-6360
birim,42050067,Yunuslar Köyü,tarihsel,wikidata-6360
birim,42060001,Akçapınar Köyü,tarihsel,wikidata-6360
birim,42060002,Armutlu Köyü,tarihsel,wikidata-6360
birim,42060003,Arslantaş Köyü,tarihsel,wikidata-6360
birim,42060004,Aydınkışla Köyü,tarihsel,wikidata-6360
birim,42060005,Ayvalca Köyü,tarihsel,wikidata-6360
birim,42060006,Bağyurdu Köyü,tarihsel,wikidata-6360
birim,42060007,Baybağan Köyü,tarihsel,wikidata-6360
birim,42060008,Bozdam Köyü,tarihsel,wikidata-6360
birim,42060014,Elmaağaç Köyü,tarihsel,wikidata-6360
birim,42060015,Hacılar Köyü,tarihsel,wikidata-6360
birim,42060016,Hacıyunuslar Köyü,tarihsel,wikidata-6360
birim,42060020,Işıklar Köyü,tarihsel,wikidata-6360
birim,42060021,Karabayır Köyü,tarihsel,wikidata-6360
birim,42060022,Karacaardıç Köyü,tarihsel,wikidata-6360
birim,42060023,Karacahisar Köyü,tarihsel,wikidata-6360
birim,42060024,Karayahya Köyü,tarihsel,wikidata-6360
birim,42060025,Kayacılar Köyü,tarihsel,wikidata-6360
birim,42060026,Kayapınar Köyü,tarihsel,wikidata-6360
birim,42060027,Kildere Köyü,tarihsel,wikidata-6360
birim,42060028,Kınık Köyü,tarihsel,wikidata-6360
birim,42060029,Kızılçakır Köyü,tarihsel,wikidata-6360
birim,42060030,Kovanlık Köyü,tarihsel,wikidata-6360
birim,42060031,Kozağaç Köyü,tarihsel,wikidata-6360
birim,42060032,Küçükhisarlık Köyü,tarihsel,wikidata-6360
birim,42060033,Kuşca Köyü,tarihsel,wikidata-6360
birim,42060035,Pınarcık Köyü,tarihsel,wikidata-6360
birim,42060037,Sazlı Köyü,tarihsel,wikidata-6360
birim,42060038,Soğucak Köyü,tarihsel,wikidata-6360
birim,42060041,Tarlabaşı Köyü,tarihsel,wikidata-6360
birim,42060042,Taşbaşı Köyü,tarihsel,wikidata-6360
birim,42060043,Tepearası Köyü,tarihsel,wikidata-6360
birim,42060044,Tepelice Köyü,tarihsel,wikidata-6360
birim,42060046,Ulupınar Köyü,tarihsel,wikidata-6360
birim,42060047,Yalnızca Köyü,tarihsel,wikidata-6360
birim,42060048,Yazdamı Köyü,tarihsel,wikidata-6360
birim,42060049,Yelbeği Köyü,tarihsel,wikidata-6360
birim,42060050,Yeniköy Köyü,tarihsel,wikidata-6360
birim,42060051,Yolören Köyü,tarihsel,wikidata-6360
birim,42070001,Adakasım Köyü,tarihsel,wikidata-6360
birim,42070005,Doğanyurt Köyü,tarihsel,wikidata-6360
birim,42070009,İshakuşağı Köyü,tarihsel,wikidata-6360
birim,42070011,Kaşören Köyü,tarihsel,wikidata-6360
birim,42070014,Torunlar Köyü,tarihsel,wikidata-6360
birim,42080001,Ağabeyli Köyü,tarihsel,wikidata-6360
birim,42080005,Beyliova Köyü,tarihsel,wikidata-6360
birim,42080006,Böğrüdelik Köyü,tarihsel,wikidata-6360
birim,42080009,Çimen Köyü,tarihsel,wikidata-6360
birim,42080010,Çöl Köyü,tarihsel,wikidata-6360
birim,42080012,Damlakuyu Köyü,tarihsel,wikidata-6360
birim,42080017,Hodoğlu Köyü,tarihsel,wikidata-6360
birim,42080024,Kayı Köyü,tarihsel,wikidata-6360
birim,42080026,Kırkışla Köyü,tarihsel,wikidata-6360
birim,42080029,Korkmazlar Köyü,tarihsel,wikidata-6360
birim,42080030,Küçükbeşkavak Köyü,tarihsel,wikidata-6360
birim,42080033,Mutlukonak Köyü,tarihsel,wikidata-6360
birim,42080034,Pınarbaşı Köyü,tarihsel,wikidata-6360
birim,42080035,Sağlık Köyü,tarihsel,wikidata-6360
birim,42080036,Sığırcık Köyü,tarihsel,wikidata-6360
birim,42080038,Tüfekçipınar Köyü,tarihsel,wikidata-6360
birim,42080039,Turanlar Köyü,tarihsel,wikidata-6360
birim,42080041,Uzuncayayla Köyü,tarihsel,wikidata-6360
birim,42080046,Yünlükuyu Köyü,tarihsel,wikidata-6360
birim,42080047,Zaferiye Köyü,tarihsel,wikidata-6360
birim,42090001,Abditolu Köyü,tarihsel,wikidata-6360
birim,42090002,Adakale Köyü,tarihsel,wikidata-6360
birim,42090003,Afşar Köyü,tarihsel,wikidata-6360
birim,42090004,Alemdar Köyü,tarihsel,wikidata-6360
birim,42090006,Alıssa Köyü,tarihsel,wikidata-6360
birim,42090008,Apasaraycık Köyü,tarihsel,wikidata-6360
birim,42090010,Avdul Köyü,tarihsel,wikidata-6360
birim,42090013,Balçıkhisar Köyü,tarihsel,wikidata-6360
birim,42090016,Beylerce Köyü,tarihsel,wikidata-6360
birim,42090017,Büyükaşlama Köyü,tarihsel,wikidata-6360
birim,42090019,Çiçekköy Köyü,tarihsel,wikidata-6360
birim,42090020,Çukurkavak Köyü,tarihsel,wikidata-6360
birim,42090022,Dedemoğlu Köyü,tarihsel,wikidata-6360
birim,42090024,Dineksaray Köyü,tarihsel,wikidata-6360
birim,42090025,Dinlendik Köyü,tarihsel,wikidata-6360
birim,42090026,Doğanlı Köyü,tarihsel,wikidata-6360
birim,42090027,Erentepe Köyü,tarihsel,wikidata-6360
birim,42090028,Fethiye Köyü,tarihsel,wikidata-6360
birim,42090029,Gökhüyük Köyü,tarihsel,wikidata-6360
birim,42090033,İnli Köyü,tarihsel,wikidata-6360
birim,42090037,Küçükköy Köyü,tarihsel,wikidata-6360
birim,42090038,Kuzucu Köyü,tarihsel,wikidata-6360
birim,42090041,Seçme Köyü,tarihsel,wikidata-6360
birim,42090042,Sürgüç Köyü,tarihsel,wikidata-6360
birim,42090043,Tahtalı Köyü,tarihsel,wikidata-6360
birim,42090044,Taşağıl Köyü,tarihsel,wikidata-6360
birim,42090046,Türkmenkarahüyük Köyü,tarihsel,wikidata-6360
birim,42090047,Üçhüyük Köyü,tarihsel,wikidata-6360
birim,42090048,Ürünlü Köyü,tarihsel,wikidata-6360
birim,42090049,Uzunkuyu Köyü,tarihsel,wikidata-6360
birim,42090053,Yörükcamili Köyü,tarihsel,wikidata-6360
birim,42100001,Arapözü Köyü,tarihsel,wikidata-6360
birim,42100004,Değiş Köyü,tarihsel,wikidata-6360
birim,42100005,Derbenttekke Köyü,tarihsel,wikidata-6360
birim,42100007,Güneyköy Köyü,tarihsel,wikidata-6360
birim,42100010,Mülayim Köyü,tarihsel,wikidata-6360
birim,42100011,Saraypınar Köyü,tarihsel,wikidata-6360
birim,42110002,Durak Köyü,tarihsel,wikidata-6360
birim,42110009,Taşlıpınar Köyü,tarihsel,wikidata-6360
birim,42110010,Tepearası Köyü,tarihsel,wikidata-6360
birim,42110011,Uğurlu Köyü,tarihsel,wikidata-6360
birim,42120008,Fırınlı Köyü,tarihsel,wikidata-6360
birim,42120009,Güvendik Köyü,tarihsel,wikidata-6360
birim,42120011,İlyaslar Köyü,tarihsel,wikidata-6360
birim,42120013,Kemer Köyü,tarihsel,wikidata-6360
birim,42120019,Tekkeköy Köyü,tarihsel,wikidata-6360
birim,42120020,Uncular Köyü,tarihsel,wikidata-6360
birim,42120021,Yazır Köyü,tarihsel,wikidata-6360
birim,42120022,Yazlıca Köyü,tarihsel,wikidata-6360
birim,42130002,Besci Köyü,tarihsel,wikidata-6360
birim,42130006,Ekizli Köyü,tarihsel,wikidata-6360
birim,42130008,Gölören Köyü,tarihsel,wikidata-6360
birim,42130011,Karaören Köyü,tarihsel,wikidata-6360
birim,42130012,Meşeli Köyü,tarihsel,wikidata-6360
birim,42130013,Öbektaş Köyü,tarihsel,wikidata-6360
birim,42130015,Yamaç Köyü,tarihsel,wikidata-6360
birim,42140002,Acıkuyu Köyü,tarihsel,wikidata-6360
birim,42140003,Acıpınar Köyü,tarihsel,wikidata-6360
birim,42140004,Adabağ Köyü,tarihsel,wikidata-6360
birim,42140005,Akhüyük Köyü,tarihsel,wikidata-6360
birim,42140006,Alhan Köyü,tarihsel,wikidata-6360
birim,42140008,Aşağıgöndelen Köyü,tarihsel,wikidata-6360
birim,42140009,Aşıklar Köyü,tarihsel,wikidata-6360
birim,42140013,Bahçeli Köyü,tarihsel,wikidata-6360
birim,42140016,Belceağaç Köyü,tarihsel,wikidata-6360
birim,42140018,Beyköy Köyü,tarihsel,wikidata-6360
birim,42140019,Beyören Köyü,tarihsel,wikidata-6360
birim,42140021,Bulgurluk Köyü,tarihsel,wikidata-6360
birim,42140022,Burhaniye Köyü,tarihsel,wikidata-6360
birim,42140023,Büyükdede Köyü,tarihsel,wikidata-6360
birim,42140025,Çakmak Köyü,tarihsel,wikidata-6360
birim,42140028,Çiller Köyü,tarihsel,wikidata-6360
birim,42140029,Çimencik Köyü,tarihsel,wikidata-6360
birim,42140036,Gaybi Köyü,tarihsel,wikidata-6360
birim,42140037,Gökçeyazı Köyü,tarihsel,wikidata-6360
birim,42140038,Göktöme Köyü,tarihsel,wikidata-6360
birim,42140040,Hacımemiş Köyü,tarihsel,wikidata-6360
birim,42140046,Kamışlıkuyu Köyü,tarihsel,wikidata-6360
birim,42140047,Karaburun Köyü,tarihsel,wikidata-6360
birim,42140048,Kargacı Köyü,tarihsel,wikidata-6360
birim,42140050,Kızılgedik Köyü,tarihsel,wikidata-6360
birim,42140051,Kuskuncuk Köyü,tarihsel,wikidata-6360
birim,42140053,Kuzukuyu Köyü,tarihsel,wikidata-6360
birim,42140055,Melicek Köyü,tarihsel,wikidata-6360
birim,42140059,Orhaniye Köyü,tarihsel,wikidata-6360
birim,42140060,Özgürler Köyü,tarihsel,wikidata-6360
birim,42140061,Pınarözü Köyü,tarihsel,wikidata-6360
birim,42140063,Sarıca Köyü,tarihsel,wikidata-6360
birim,42140064,Sarıtopallı Köyü,tarihsel,wikidata-6360
birim,42140066,Servili Köyü,tarihsel,wikidata-6360
birim,42140070,Taşağıl Köyü,tarihsel,wikidata-6360
birim,42140071,Taşbudak Köyü,tarihsel,wikidata-6360
birim,42140072,Tatlıkuyu Köyü,tarihsel,wikidata-6360
birim,42140075,Türkmen Köyü,tarihsel,wikidata-6360
birim,42140077,Ulumeşe Köyü,tarihsel,wikidata-6360
birim,42140078,Yazlık Köyü,tarihsel,wikidata-6360
birim,42140079,Yellice Köyü,tarihsel,wikidata-6360
birim,42140081,Yeniköy Köyü,tarihsel,wikidata-6360
birim,42140083,Yıldızlı Köyü,tarihsel,wikidata-6360
birim,42140084,Yukarıgöndelen Köyü,tarihsel,wikidata-6360
birim,42150001,Ağras Köyü,tarihsel,wikidata-6360
birim,42150002,Avcıtepe Köyü,tarihsel,wikidata-6360
birim,42150005,Durayda Köyü,tarihsel,wikidata-6360
birim,42150008,Gürağaç Köyü,tarihsel,wikidata-6360
birim,42150009,Habiller Köyü,tarihsel,wikidata-6360
birim,42150011,Kayaağzı Köyü,tarihsel,wikidata-6360
birim,42150012,Kızılöz Köyü,tarihsel,wikidata-6360
birim,42150013,Kurukavak Köyü,tarihsel,wikidata-6360
birim,42150014,Mehmet Ali Köyü,tarihsel,wikidata-6360
birim,42150016,Ömeroğlu Köyü,tarihsel,wikidata-6360
birim,42150017,Örenboyalı Köyü,tarihsel,wikidata-6360
birim,42150018,Sarıhacı Köyü,tarihsel,wikidata-6360
birim,42160003,Aşağı Mernek Köyü,tarihsel,wikidata-6360
birim,42160004,Aşağıeşenler Köyü,tarihsel,wikidata-6360
birim,42160006,Beyreli Köyü,tarihsel,wikidata-6360
birim,42160008,Çiftepınar Köyü,tarihsel,wikidata-6360
birim,42160010,Dolhanlar Köyü,tarihsel,wikidata-6360
birim,42160011,Dülgerler Köyü,tarihsel,wikidata-6360
birim,42160013,Fakılar Köyü,tarihsel,wikidata-6360
birim,42160014,Gaziler Köyü,tarihsel,wikidata-6360
birim,42160019,İğdeören Köyü,tarihsel,wikidata-6360
birim,42160020,Kalınağıl Köyü,tarihsel,wikidata-6360
birim,42160022,Küplüce Köyü,tarihsel,wikidata-6360
birim,42160023,Mernek Köyü,tarihsel,wikidata-6360
birim,42160024,Oduncu Köyü,tarihsel,wikidata-6360
birim,42160025,Sarnıç Köyü,tarihsel,wikidata-6360
birim,42160026,Selahattin Köyü,tarihsel,wikidata-6360
birim,42160028,Umurlar Köyü,tarihsel,wikidata-6360
birim,42160029,Yağcı Köyü,tarihsel,wikidata-6360
birim,42160030,Yelmez Köyü,tarihsel,wikidata-6360
birim,42160032,Yukarıeşenler Köyü,tarihsel,wikidata-6360
birim,42170002,Büyükdoğan Köyü,tarihsel,wikidata-6360
birim,42170003,Çakıllar Köyü,tarihsel,wikidata-6360
birim,42170005,Dedeli Köyü,tarihsel,wikidata-6360
birim,42170006,Delimahmutlu Köyü,tarihsel,wikidata-6360
birim,42170007,Eskihisar Köyü,tarihsel,wikidata-6360
birim,42170008,İvriz Köyü,tarihsel,wikidata-6360
birim,42170009,Karayusuflu Köyü,tarihsel,wikidata-6360
birim,42170010,Kayasaray Köyü,tarihsel,wikidata-6360
birim,42170011,Körlü Köyü,tarihsel,wikidata-6360
birim,42170012,Küsere Köyü,tarihsel,wikidata-6360
birim,42170013,Nernek Köyü,tarihsel,wikidata-6360
birim,42170014,Osmanköseli Köyü,tarihsel,wikidata-6360
birim,42170015,Seydifakılı Köyü,tarihsel,wikidata-6360
birim,42170016,Yassıkaya Köyü,tarihsel,wikidata-6360
birim,42170017,Yeşilyurt Köyü,tarihsel,wikidata-6360
birim,42180003,Başlamış Köyü,tarihsel,wikidata-6360
birim,42180004,Budak Köyü,tarihsel,wikidata-6360
birim,42180008,Çukurkent Köyü,tarihsel,wikidata-6360
birim,42180010,Değirmenaltı Köyü,tarihsel,wikidata-6360
birim,42180012,Görünmez Köyü,tarihsel,wikidata-6360
birim,42180018,Pınarbaşı Köyü,tarihsel,wikidata-6360
birim,42180020,Suludere Köyü,tarihsel,wikidata-6360
birim,42180021,Tolca Köyü,tarihsel,wikidata-6360
birim,42180023,Yenice Köyü,tarihsel,wikidata-6360
birim,42190001,Ağalar Köyü,tarihsel,wikidata-6360
birim,42190003,Avdan Köyü,tarihsel,wikidata-6360
birim,42190004,Camiatik,semt,ptt-semt
birim,42190006,Barakmuslu Köyü,tarihsel,wikidata-6360
birim,42190007,Camiatik,semt,ptt-semt
birim,42190008,Belekler Köyü,tarihsel,wikidata-6360
birim,42190010,Boğazkent Köyü,tarihsel,wikidata-6360
birim,42190011,Bulcuk Köyü,tarihsel,wikidata-6360
birim,42190012,Büyükoba Köyü,tarihsel,wikidata-6360
birim,42190013,Camiatik,semt,ptt-semt
birim,42190014,Çatak Köyü,tarihsel,wikidata-6360
birim,42190017,Çobankaya Köyü,tarihsel,wikidata-6360
birim,42190018,Çömlekçi Köyü,tarihsel,wikidata-6360
birim,42190019,Dereköy Köyü,tarihsel,wikidata-6360
birim,42190020,Dığrak Köyü,tarihsel,wikidata-6360
birim,42190021,Düğer Köyü,tarihsel,wikidata-6360
birim,42190022,Eldeş Köyü,tarihsel,wikidata-6360
birim,42190023,Camiatik,semt,ptt-semt
birim,42190024,Camiatik,semt,ptt-semt
birim,42190025,Camiatik,semt,ptt-semt
birim,42190026,Geçitköy Köyü,tarihsel,wikidata-6360
birim,42190027,Gedikören Köyü,tarihsel,wikidata-6360
birim,42190028,Gökbudak Köyü,tarihsel,wikidata-6360
birim,42190030,Gölyaka Köyü,tarihsel,wikidata-6360
birim,42190031,Göstere Köyü,tarihsel,wikidata-6360
birim,42190032,Güneypınar Köyü,tarihsel,wikidata-6360
birim,42190033,Harmanyazı Köyü,tarihsel,wikidata-6360
birim,42190034,İhsaniye Köyü,tarihsel,wikidata-6360
birim,42190035,Camiatik,semt,ptt-semt
birim,42190036,Camiatik,semt,ptt-semt
birim,42190037,Kaleköy Köyü,tarihsel,wikidata-6360
birim,42190038,Kapaklı Köyü,tarihsel,wikidata-6360
birim,42190039,Karaköy Köyü,tarihsel,wikidata-6360
birim,42190040,Mahmuthisar Köyü,tarihsel,wikidata-6360
birim,42190041,Mecidiye Köyü,tarihsel,wikidata-6360
birim,42190042,Camiatik,semt,ptt-semt
birim,42190043,Misafirli Köyü,tarihsel,wikidata-6360
birim,42190044,Olukpınar Köyü,tarihsel,wikidata-6360
birim,42190045,Orhaniye Köyü,tarihsel,wikidata-6360
birim,42190046,Ormanözü Köyü,tarihsel,wikidata-6360
birim,42190047,Sadıkköy Köyü,tarihsel,wikidata-6360
birim,42190048,Camiatik,semt,ptt-semt
birim,42190049,Sebiller Köyü,tarihsel,wikidata-6360
birim,42190050,Camiatik,semt,ptt-semt
birim,42190051,Camiatik,semt,ptt-semt
birim,42190052,Tekeler Köyü,tarihsel,wikidata-6360
birim,42190053,Camiatik,semt,ptt-semt
birim,42190054,Yorazlar Köyü,tarihsel,wikidata-6360
birim,42190056,Zaferiye Köyü,tarihsel,wikidata-6360
birim,42200001,Afşarlı Köyü,tarihsel,wikidata-6360
birim,42200002,Alabağ Köyü,tarihsel,wikidata-6360
birim,42200004,Bakırpınar Köyü,tarihsel,wikidata-6360
birim,42200006,Bayramlı Köyü,tarihsel,wikidata-6360
birim,42200007,Beykavağı Köyü,tarihsel,wikidata-6360
birim,42200008,Bulgurpınarı Köyü,tarihsel,wikidata-6360
birim,42200009,Çavdar Köyü,tarihsel,wikidata-6360
birim,42200010,Çeşmecik Köyü,tarihsel,wikidata-6360
birim,42200011,Çubuk Köyü,tarihsel,wikidata-6360
birim,42200012,Demiroluk Köyü,tarihsel,wikidata-6360
birim,42200015,Hacımehmetli Köyü,tarihsel,wikidata-6360
birim,42200016,Hacıoflazlar Köyü,tarihsel,wikidata-6360
birim,42200017,Hacıpirli Köyü,tarihsel,wikidata-6360
birim,42200019,Kabacalı Köyü,tarihsel,wikidata-6360
birim,42200020,Kamışlıözü Köyü,tarihsel,wikidata-6360
birim,42200021,Karahisarlı Köyü,tarihsel,wikidata-6360
birim,42200023,Karakurtlu Köyü,tarihsel,wikidata-6360
birim,42200024,Karasevinç Köyü,tarihsel,wikidata-6360
birim,42200025,Karayürüklü Köyü,tarihsel,wikidata-6360
birim,42200027,Kızılkuyu Köyü,tarihsel,wikidata-6360
birim,42200028,Kökez Köyü,tarihsel,wikidata-6360
birim,42200031,Konurören Köyü,tarihsel,wikidata-6360
birim,42200032,Köylütolu Köyü,tarihsel,wikidata-6360
birim,42200033,Küçükkuyu Köyü,tarihsel,wikidata-6360
birim,42200034,Kurthasanlı Köyü,tarihsel,wikidata-6360
birim,42200035,Mahmudiye Köyü,tarihsel,wikidata-6360
birim,42200036,Meydanlı Köyü,tarihsel,wikidata-6360
birim,42200037,Örnek Köyü,tarihsel,wikidata-6360
birim,42200040,Pirali Köyü,tarihsel,wikidata-6360
birim,42200041,Pusat Köyü,tarihsel,wikidata-6360
birim,42200042,Saçıkara Köyü,tarihsel,wikidata-6360
birim,42200043,Şahören Köyü,tarihsel,wikidata-6360
birim,42200044,Sarıkaya Köyü,tarihsel,wikidata-6360
birim,42200045,Söğütözü Köyü,tarihsel,wikidata-6360
birim,42200047,Tosunoğlu Köyü,tarihsel,wikidata-6360
birim,42200050,Yağlıca Köyü,tarihsel,wikidata-6360
birim,42200051,Yaylayaka Köyü,tarihsel,wikidata-6360
birim,42210002,Akçayazı Köyü,tarihsel,wikidata-6360
birim,42210003,Akören Köyü,tarihsel,wikidata-6360
birim,42210007,Çiğil Köyü,tarihsel,wikidata-6360
birim,42210015,Hasanoba Köyü,tarihsel,wikidata-6360
birim,42210021,Karakışla Köyü,tarihsel,wikidata-6360
birim,42210022,Kayacık Köyü,tarihsel,wikidata-6360
birim,42210024,Kazanhüyüğü Köyü,tarihsel,wikidata-6360
birim,42210025,Kesmez Köyü,tarihsel,wikidata-6360
birim,42210026,Küçükaşlama Köyü,tarihsel,wikidata-6360
birim,42210028,Ortaoba Köyü,tarihsel,wikidata-6360
birim,42210029,Oymalı Köyü,tarihsel,wikidata-6360
birim,42210033,Sazlıpınar Köyü,tarihsel,wikidata-6360
birim,42210037,Yağmapınar Köyü,tarihsel,wikidata-6360
birim,42210039,Yenikuyu Köyü,tarihsel,wikidata-6360
birim,42220001,Acıdort Köyü,tarihsel,wikidata-6360
birim,42220002,Ağsaklı Köyü,tarihsel,wikidata-6360
birim,42220003,Selimiye,semt,ptt-semt
birim,42220004,Akbaş Köyü,tarihsel,wikidata-6360
birim,42220005,Selimiye,semt,ptt-semt
birim,42220007,Akörenkışla Köyü,tarihsel,wikidata-6360
birim,42220008,Mevlana,semt,ptt-semt
birim,42220009,Bakırtolu Köyü,tarihsel,wikidata-6360
birim,42220010,Selimiye,semt,ptt-semt
birim,42220011,Başgötüren Köyü,tarihsel,wikidata-6360
birim,42220012,Beşağıl Köyü,tarihsel,wikidata-6360
birim,42220014,Büyükburnak Köyü,tarihsel,wikidata-6360
birim,42220015,Selimiye,semt,ptt-semt
birim,42220016,Selimiye,semt,ptt-semt
birim,42220017,Mevlana,semt,ptt-semt
birim,42220018,Çengilti Köyü,tarihsel,wikidata-6360
birim,42220019,Mevlana,semt,ptt-semt
birim,42220020,Divanlar Köyü,tarihsel,wikidata-6360
birim,42220021,Selimiye,semt,ptt-semt
birim,42220022,Selimiye,semt,ptt-semt
birim,42220023,Mevlana,semt,ptt-semt
birim,42220025,Erler Köyü,tarihsel,wikidata-6360
birim,42220025,Selimiye,semt,ptt-semt
birim,42220026,Esentepe Köyü,tarihsel,wikidata-6360
birim,42220027,Mevlana,semt,ptt-semt
birim,42220029,Selimiye,semt,ptt-semt
birim,42220030,Göçü Köyü,tarihsel,wikidata-6360
birim,42220031,Mevlana,semt,ptt-semt
birim,42220032,Selimiye,semt,ptt-semt
birim,42220033,Mevlana,semt,ptt-semt
birim,42220034,Mevlana,semt,ptt-semt
birim,42220036,Selimiye,semt,ptt-semt
birim,42220037,Mevlana,semt,ptt-semt
birim,42220039,İpekler Köyü,tarihsel,wikidata-6360
birim,42220041,Selimiye,semt,ptt-semt
birim,42220043,Selimiye,semt,ptt-semt
birim,42220044,Selimiye,semt,ptt-semt
birim,42220046,Karadona Köyü,tarihsel,wikidata-6360
birim,42220047,Karakaya Köyü,tarihsel,wikidata-6360
birim,42220048,Selimiye,semt,ptt-semt
birim,42220049,Katrancı Köyü,tarihsel,wikidata-6360
birim,42220052,Selimiye,semt,ptt-semt
birim,42220054,Kızören Köyü,tarihsel,wikidata-6360
birim,42220055,Mevlana,semt,ptt-semt
birim,42220056,Köseali Köyü,tarihsel,wikidata-6360
birim,42220057,Selimiye,semt,ptt-semt
birim,42220058,Selimiye,semt,ptt-semt
birim,42220059,Mevlana,semt,ptt-semt
birim,42220060,Obruk Köyü,tarihsel,wikidata-6360
birim,42220061,Selimiye,semt,ptt-semt
birim,42220062,Ortakonak Köyü,tarihsel,wikidata-6360
birim,42220064,Sakyatan Köyü,tarihsel,wikidata-6360
birim,42220065,Selimiye,semt,ptt-semt
birim,42220066,Selimiye,semt,ptt-semt
birim,42220067,Şatır Köyü,tarihsel,wikidata-6360
birim,42220068,Selimiye,semt,ptt-semt
birim,42220069,Mevlana,semt,ptt-semt
birim,42220071,Sürüç Köyü,tarihsel,wikidata-6360
birim,42220074,Yağlıbayat Köyü,tarihsel,wikidata-6360
birim,42220076,Yavşankuyu Köyü,tarihsel,wikidata-6360
birim,42220078,Yenice Köyü,tarihsel,wikidata-6360
birim,42220079,Yenikent Köyü,tarihsel,wikidata-6360
birim,42220080,Zincirli Köyü,tarihsel,wikidata-6360
birim,42230001,Acıkuyu Köyü,tarihsel,wikidata-6360
birim,42230003,Altılar Köyü,tarihsel,wikidata-6360
birim,42230004,Arşıncı Köyü,tarihsel,wikidata-6360
birim,42230006,Beşkardeş Köyü,tarihsel,wikidata-6360
birim,42230007,Bozan Köyü,tarihsel,wikidata-6360
birim,42230008,Burunağıl Köyü,tarihsel,wikidata-6360
birim,42230010,Canımana Köyü,tarihsel,wikidata-6360
birim,42230015,Dipdede Köyü,tarihsel,wikidata-6360
birim,42230016,Doğutepe Köyü,tarihsel,wikidata-6360
birim,42230018,Fevziye Köyü,tarihsel,wikidata-6360
birim,42230019,Gökler Köyü,tarihsel,wikidata-6360
birim,42230020,Güzelyayla Köyü,tarihsel,wikidata-6360
birim,42230021,Hisarköy Köyü,tarihsel,wikidata-6360
birim,42230023,Karacadere Köyü,tarihsel,wikidata-6360
birim,42230027,Kırkkuyu Köyü,tarihsel,wikidata-6360
birim,42230029,Kömüşini Köyü,tarihsel,wikidata-6360
birim,42230030,Köşker Köyü,tarihsel,wikidata-6360
birim,42230031,Köstengil Köyü,tarihsel,wikidata-6360
birim,42230033,Mandıra Köyü,tarihsel,wikidata-6360
birim,42230035,Sarıyayla Köyü,tarihsel,wikidata-6360
birim,42230036,Şerefli Köyü,tarihsel,wikidata-6360
birim,42230037,Seyitahmetli Köyü,tarihsel,wikidata-6360
birim,42230038,Soğukkuyu Köyü,tarihsel,wikidata-6360
birim,42230039,Tavlıören Köyü,tarihsel,wikidata-6360
birim,42230041,Yaraşlı Köyü,tarihsel,wikidata-6360
birim,42230042,Yazıçayır Köyü,tarihsel,wikidata-6360
birim,42230044,Yeşiltepe Köyü,tarihsel,wikidata-6360
birim,42230045,Yeşilyurt Köyü,tarihsel,wikidata-6360
birim,42240001,Alakova Köyü,tarihsel,wikidata-6360
birim,42240001,Taşcami,semt,ptt-semt
birim,42240004,Taşcami,semt,ptt-semt
birim,42240008,Alaaddin,semt,ptt-semt
birim,42240009,Taşcami,semt,ptt-semt
birim,42240010,Taşcami,semt,ptt-semt
birim,42240011,Bayat Köyü,tarihsel,wikidata-6360
birim,42240012,Boruktolu Köyü,tarihsel,wikidata-6360
birim,42240013,Botsa Köyü,tarihsel,wikidata-6360
birim,42240014,Boyalı Köyü,tarihsel,wikidata-6360
birim,42240016,Alaaddin,semt,ptt-semt
birim,42240017,Çayırbağı Köyü,tarihsel,wikidata-6360
birim,42240018,Çomaklar Köyü,tarihsel,wikidata-6360
birim,42240019,Çomaklı Köyü,tarihsel,wikidata-6360
birim,42240020,Çukurçimen Köyü,tarihsel,wikidata-6360
birim,42240023,Erenkaya Köyü,tarihsel,wikidata-6360
birim,42240024,Evliyatekke Köyü,tarihsel,wikidata-6360
birim,42240025,Gödene Köyü,tarihsel,wikidata-6360
birim,42240026,Taşcami,semt,ptt-semt
birim,42240027,Taşcami,semt,ptt-semt
birim,42240028,Hasanşeyh Köyü,tarihsel,wikidata-6360
birim,42240032,İkipınar Köyü,tarihsel,wikidata-6360
birim,42240034,Karaağaç Köyü,tarihsel,wikidata-6360
birim,42240036,Karadiğinderesi Köyü,tarihsel,wikidata-6360
birim,42240040,Kayadibi Köyü,tarihsel,wikidata-6360
birim,42240041,Kayalı Köyü,tarihsel,wikidata-6360
birim,42240042,Kayıhüyük Köyü,tarihsel,wikidata-6360
birim,42240043,Kilistra Köyü,tarihsel,wikidata-6360
birim,42240045,Alaaddin,semt,ptt-semt
birim,42240046,Taşcami,semt,ptt-semt
birim,42240049,Kumralı Köyü,tarihsel,wikidata-6360
birim,42240053,Pamukcu Köyü,tarihsel,wikidata-6360
birim,42240054,Alaaddin,semt,ptt-semt
birim,42240055,Sadıklar Köyü,tarihsel,wikidata-6360
birim,42240057,Alaaddin,semt,ptt-semt
birim,42240058,Sarıkız Köyü,tarihsel,wikidata-6360
birim,42240060,Taşcami,semt,ptt-semt
birim,42240061,Taşcami,semt,ptt-semt
birim,42240062,Taşcami,semt,ptt-semt
birim,42240064,Yatağan Köyü,tarihsel,wikidata-6360
birim,42240065,Taşcami,semt,ptt-semt
birim,42240066,Yenibahçe Köyü,tarihsel,wikidata-6360
birim,42240067,Taşcami,semt,ptt-semt
birim,42240068,Yeşildere Köyü,tarihsel,wikidata-6360
birim,42240069,Yeşiltekke Köyü,tarihsel,wikidata-6360
birim,42250001,Bahçesaray Köyü,tarihsel,wikidata-6360
birim,42250003,İstasyon,semt,ptt-semt
birim,42250004,Boyalı Köyü,tarihsel,wikidata-6360
birim,42250005,Büyükzengi Köyü,tarihsel,wikidata-6360
birim,42250007,Değirmenli Köyü,tarihsel,wikidata-6360
birim,42250008,İstasyon,semt,ptt-semt
birim,42250009,Ertuğrul Köyü,tarihsel,wikidata-6360
birim,42250010,İstasyon,semt,ptt-semt
birim,42250012,İstasyon,semt,ptt-semt
birim,42250013,İstasyon,semt,ptt-semt
birim,42250015,Karabıyık Köyü,tarihsel,wikidata-6360
birim,42250016,Karatepe Köyü,tarihsel,wikidata-6360
birim,42250017,Kayıören Köyü,tarihsel,wikidata-6360
birim,42250018,Konar Köyü,tarihsel,wikidata-6360
birim,42250020,Kuyulusebil Köyü,tarihsel,wikidata-6360
birim,42250022,Özkent Köyü,tarihsel,wikidata-6360
birim,42250023,İstasyon,semt,ptt-semt
birim,42250024,İstasyon,semt,ptt-semt
birim,42250025,Yenicekaya Köyü,tarihsel,wikidata-6360
birim,42250026,İstasyon,semt,ptt-semt
birim,42260001,Kampüs,semt,ptt-semt
birim,42260002,Aydınlık,semt,ptt-semt
birim,42260003,Akpınar Köyü,tarihsel,wikidata-6360
birim,42260004,Mimar Sinan,semt,ptt-semt
birim,42260005,Ardıçlı Köyü,tarihsel,wikidata-6360
birim,42260006,Aşağıpınarbaşı Köyü,tarihsel,wikidata-6360
birim,42260007,Aydınlık,semt,ptt-semt
birim,42260008,Bağrıkurt Köyü,tarihsel,wikidata-6360
birim,42260010,Aydınlık,semt,ptt-semt
birim,42260012,Biçer Köyü,tarihsel,wikidata-6360
birim,42260015,Bosna,semt,ptt-semt
birim,42260018,Çaldere Köyü,tarihsel,wikidata-6360
birim,42260019,Çaltı Köyü,tarihsel,wikidata-6360
birim,42260020,Çandır Köyü,tarihsel,wikidata-6360
birim,42260022,Dağdere Köyü,tarihsel,wikidata-6360
birim,42260023,Dokuz Köyü,tarihsel,wikidata-6360
birim,42260025,Eğribayat Köyü,tarihsel,wikidata-6360
birim,42260026,Aydınlık,semt,ptt-semt
birim,42260027,Mimar Sinan,semt,ptt-semt
birim,42260029,Nalçacı,semt,ptt-semt
birim,42260031,Güvenç Köyü,tarihsel,wikidata-6360
birim,42260032,Mimar Sinan,semt,ptt-semt
birim,42260033,Mimar Sinan,semt,ptt-semt
birim,42260034,Mimar Sinan,semt,ptt-semt
birim,42260036,Aydınlık,semt,ptt-semt
birim,42260037,Nalçacı,semt,ptt-semt
birim,42260039,Kaleköy Köyü,tarihsel,wikidata-6360
birim,42260040,Karaömerler Köyü,tarihsel,wikidata-6360
birim,42260041,Kervan Köyü,tarihsel,wikidata-6360
birim,42260042,Mimar Sinan,semt,ptt-semt
birim,42260043,Kınık Köyü,tarihsel,wikidata-6360
birim,42260044,Kızılcakuyu Köyü,tarihsel,wikidata-6360
birim,42260045,Bosna,semt,ptt-semt
birim,42260046,Küçükmuhsine Köyü,tarihsel,wikidata-6360
birim,42260048,Aydınlık,semt,ptt-semt
birim,42260049,Meydanköy Köyü,tarihsel,wikidata-6360
birim,42260051,Nalçacı,semt,ptt-semt
birim,42260053,Aydınlık,semt,ptt-semt
birim,42260054,Salahattin Köyü,tarihsel,wikidata-6360
birim,42260055,Bosna,semt,ptt-semt
birim,42260056,Sarayköy Köyü,tarihsel,wikidata-6360
birim,42260057,Sarıcalar Köyü,tarihsel,wikidata-6360
birim,42260058,Mimar Sinan,semt,ptt-semt
birim,42260060,Mimar Sinan,semt,ptt-semt
birim,42260063,Aydınlık,semt,ptt-semt
birim,42260065,Sulutas Köyü,tarihsel,wikidata-6360
birim,42260066,Tatköy Köyü,tarihsel,wikidata-6360
birim,42260068,Tömek Köyü,tarihsel,wikidata-6360
birim,42260069,Ulumuhsine Köyü,tarihsel,wikidata-6360
birim,42260070,Yazıbelen Köyü,tarihsel,wikidata-6360
birim,42260072,Yukarıpınarbaşı Köyü,tarihsel,wikidata-6360
birim,42270002,Alaylar,semt,ptt-semt
birim,42270003,Alaylar,semt,ptt-semt
birim,42270004,Alaylar,semt,ptt-semt
birim,42270005,Alaylar,semt,ptt-semt
birim,42270006,Aşağıkaraören Köyü,tarihsel,wikidata-6360
birim,42270007,Alaylar,semt,ptt-semt
birim,42270008,Başkaraören Köyü,tarihsel,wikidata-6360
birim,42270010,Boyalı Köyü,tarihsel,wikidata-6360
birim,42270011,Bükçe Köyü,tarihsel,wikidata-6360
birim,42270012,Çat Köyü,tarihsel,wikidata-6360
birim,42270013,Çatmakaya Köyü,tarihsel,wikidata-6360
birim,42270016,Dikilitaş Köyü,tarihsel,wikidata-6360
birim,42270018,Gökçehüyük Köyü,tarihsel,wikidata-6360
birim,42270019,Gökhüyük Köyü,tarihsel,wikidata-6360
birim,42270020,Gölyüzü Köyü,tarihsel,wikidata-6360
birim,42270021,Alaylar,semt,ptt-semt
birim,42270022,İncesu Köyü,tarihsel,wikidata-6360
birim,42270023,Irmaklı Köyü,tarihsel,wikidata-6360
birim,42270024,Karabulak Köyü,tarihsel,wikidata-6360
birim,42270025,Karacaören Köyü,tarihsel,wikidata-6360
birim,42270026,Alaylar,semt,ptt-semt
birim,42270027,Kavak Köyü,tarihsel,wikidata-6360
birim,42270030,Kızılca Köyü,tarihsel,wikidata-6360
birim,42270031,Alaylar,semt,ptt-semt
birim,42270032,Kozlu Köyü,tarihsel,wikidata-6360
birim,42270033,Kumluca Köyü,tarihsel,wikidata-6360
birim,42270034,Kuran Köyü,tarihsel,wikidata-6360
birim,42270035,Madenli Köyü,tarihsel,wikidata-6360
birim,42270036,Mesudiye Köyü,tarihsel,wikidata-6360
birim,42270037,Muradiye Köyü,tarihsel,wikidata-6360
birim,42270038,Oğlakçı Köyü,tarihsel,wikidata-6360
birim,42270041,Alaylar,semt,ptt-semt
birim,42270042,Saraycık Köyü,tarihsel,wikidata-6360
birim,42270046,Susuz Köyü,tarihsel,wikidata-6360
birim,42270048,Taşağıl Köyü,tarihsel,wikidata-6360
birim,42270049,Tepecik Köyü,tarihsel,wikidata-6360
birim,42270050,Tol Köyü,tarihsel,wikidata-6360
birim,42270051,Ufacık Köyü,tarihsel,wikidata-6360
birim,42270053,Yaylacık Köyü,tarihsel,wikidata-6360
birim,42270055,Yenice Köyü,tarihsel,wikidata-6360
birim,42280012,Kecimen Köyü,tarihsel,wikidata-6360
birim,42280013,Kongul Köyü,tarihsel,wikidata-6360
birim,42280014,Sazak Köyü,tarihsel,wikidata-6360
birim,42290002,Çöğürlü Köyü,tarihsel,wikidata-6360
birim,42290003,Erdoğdu Köyü,tarihsel,wikidata-6360
birim,42290004,Gürsu Köyü,tarihsel,wikidata-6360
birim,42290005,Köklüce Köyü,tarihsel,wikidata-6360
birim,42290006,Konarı Köyü,tarihsel,wikidata-6360
birim,42290007,Koraşı Köyü,tarihsel,wikidata-6360
birim,42290008,Kundullu Köyü,tarihsel,wikidata-6360
birim,42290009,Mevlütlü Köyü,tarihsel,wikidata-6360
birim,42290012,Pazarkaya Köyü,tarihsel,wikidata-6360
birim,42290013,Subatan Köyü,tarihsel,wikidata-6360
birim,42290014,Tursunlu Köyü,tarihsel,wikidata-6360
birim,42300001,Arasöğüt Köyü,tarihsel,wikidata-6360
birim,42300003,Sarayköy Köyü,tarihsel,wikidata-6360
birim,42310001,Altınöz Köyü,tarihsel,wikidata-6360
birim,42310002,Ayrıtepe Köyü,tarihsel,wikidata-6360
birim,42310003,Beşışıklı Köyü,tarihsel,wikidata-6360
birim,42310004,Böğrüdelik Köyü,tarihsel,wikidata-6360
birim,42310005,Çayırbaşı Köyü,tarihsel,wikidata-6360
birim,42310006,Cebrail Köyü,tarihsel,wikidata-6360
birim,42310007,Eğrikuyu Köyü,tarihsel,wikidata-6360
birim,42310011,Hacıfakılı Köyü,tarihsel,wikidata-6360
birim,42310012,Hacıömeroğlu Köyü,tarihsel,wikidata-6360
birim,42310013,Harunlar Köyü,tarihsel,wikidata-6360
birim,42310014,Hatırlı Köyü,tarihsel,wikidata-6360
birim,42310015,Hursunlu Köyü,tarihsel,wikidata-6360
birim,42310016,İmamoğlu Köyü,tarihsel,wikidata-6360
birim,42310018,Karayayla Köyü,tarihsel,wikidata-6360
birim,42310019,Kargalı Köyü,tarihsel,wikidata-6360
birim,42310020,Kıllar Köyü,tarihsel,wikidata-6360
birim,42310022,Kurtuşağı Köyü,tarihsel,wikidata-6360
birim,42310023,Kuyubaşı Köyü,tarihsel,wikidata-6360
birim,42310025,Meşelik Köyü,tarihsel,wikidata-6360
birim,42310026,Odabaşı Köyü,tarihsel,wikidata-6360
birim,42310027,Ortakışla Köyü,tarihsel,wikidata-6360
birim,42310028,Özyayla Köyü,tarihsel,wikidata-6360
birim,42310032,Sertler Köyü,tarihsel,wikidata-6360
birim,42310033,Sevinç Köyü,tarihsel,wikidata-6360
birim,42310034,Sinanlı Köyü,tarihsel,wikidata-6360
birim,42310035,Sıram Köyü,tarihsel,wikidata-6360
birim,42310038,Yavaşlı Köyü,tarihsel,wikidata-6360
birim,42310040,Yeşiloba Köyü,tarihsel,wikidata-6360
birim,42310041,Yeşilyayla Köyü,tarihsel,wikidata-6360
birim,42310042,Yığar Köyü,tarihsel,wikidata-6360
birim,43070011,İbrahimkahya Köyü,tarihsel,wikidata-6360
birim,43090034,İkizüyük Köyü,tarihsel,wikidata-6360
birim,44010001,Aksaray Köyü,tarihsel,wikidata-6360
birim,44010002,Aksüt Köyü,tarihsel,wikidata-6360
birim,44010004,Aliçeri Köyü,tarihsel,wikidata-6360
birim,44010006,Ancar Köyü,tarihsel,wikidata-6360
birim,44010007,Aşağıörükçü Köyü,tarihsel,wikidata-6360
birim,44010009,Bağköy Köyü,tarihsel,wikidata-6360
birim,44010012,Bayramuşağı Köyü,tarihsel,wikidata-6360
birim,44010013,Bekiruşağı Köyü,tarihsel,wikidata-6360
birim,44010015,Büyükçimiş Köyü,tarihsel,wikidata-6360
birim,44010017,Çakıllıpınar Köyü,tarihsel,wikidata-6360
birim,44010018,Çatalbahçe Köyü,tarihsel,wikidata-6360
birim,44010019,Çevirme Köyü,tarihsel,wikidata-6360
birim,44010020,Çobanuşağı Köyü,tarihsel,wikidata-6360
birim,44010021,Darıca Köyü,tarihsel,wikidata-6360
birim,44010022,Dedeköy Köyü,tarihsel,wikidata-6360
birim,44010023,Demirciler Köyü,tarihsel,wikidata-6360
birim,44010024,Develi Köyü,tarihsel,wikidata-6360
birim,44010025,Doğanlar Köyü,tarihsel,wikidata-6360
birim,44010026,Doğantepe Köyü,tarihsel,wikidata-6360
birim,44010028,Dümüklü Köyü,tarihsel,wikidata-6360
birim,44010029,Durulova Köyü,tarihsel,wikidata-6360
birim,44010030,Dutlu Köyü,tarihsel,wikidata-6360
birim,44010031,Eğin Köyü,tarihsel,wikidata-6360
birim,44010032,Esenbey Köyü,tarihsel,wikidata-6360
birim,44010033,Esenli Köyü,tarihsel,wikidata-6360
birim,44010034,Fatih Köyü,tarihsel,wikidata-6360
birim,44010035,Gölpınar Köyü,tarihsel,wikidata-6360
birim,44010036,Güneşli Köyü,tarihsel,wikidata-6360
birim,44010037,Gürkaynak Köyü,tarihsel,wikidata-6360
birim,44010038,Hançerli Köyü,tarihsel,wikidata-6360
birim,44010039,Hartut Köyü,tarihsel,wikidata-6360
birim,44010040,Harunuşağı Köyü,tarihsel,wikidata-6360
birim,44010041,İkinciler Köyü,tarihsel,wikidata-6360
birim,44010042,Ilıcak Köyü,tarihsel,wikidata-6360
birim,44010043,Kadıibrahim Köyü,tarihsel,wikidata-6360
birim,44010044,Kahyalı Köyü,tarihsel,wikidata-6360
birim,44010045,Karamağara Köyü,tarihsel,wikidata-6360
birim,44010046,Karapınar Köyü,tarihsel,wikidata-6360
birim,44010047,Kasımuşağı Köyü,tarihsel,wikidata-6360
birim,44010048,Kayadibi Köyü,tarihsel,wikidata-6360
birim,44010049,Keklikpınarı Köyü,tarihsel,wikidata-6360
birim,44010050,Keller Köyü,tarihsel,wikidata-6360
birim,44010051,Kepez Köyü,tarihsel,wikidata-6360
birim,44010052,Kolköy Köyü,tarihsel,wikidata-6360
birim,44010053,Kömekavak Köyü,tarihsel,wikidata-6360
birim,44010056,Küçükkürne Köyü,tarihsel,wikidata-6360
birim,44010058,Kurtuşağı Köyü,tarihsel,wikidata-6360
birim,44010059,Levent Köyü,tarihsel,wikidata-6360
birim,44010060,Mezra Köyü,tarihsel,wikidata-6360
birim,44010061,Mihmanlı Köyü,tarihsel,wikidata-6360
birim,44010062,Muratlı Köyü,tarihsel,wikidata-6360
birim,44010064,Ortaköy Köyü,tarihsel,wikidata-6360
birim,44010065,Resuluşağı Köyü,tarihsel,wikidata-6360
birim,44010066,Sahilköy Köyü,tarihsel,wikidata-6360
birim,44010067,Sakalıuzun Köyü,tarihsel,wikidata-6360
birim,44010068,Sarıhacı Köyü,tarihsel,wikidata-6360
birim,44010069,Şeyhler Köyü,tarihsel,wikidata-6360
birim,44010070,Taşevler Köyü,tarihsel,wikidata-6360
birim,44010071,Taşolar Köyü,tarihsel,wikidata-6360
birim,44010072,Tataruşağı Köyü,tarihsel,wikidata-6360
birim,44010073,Yağmurlu Köyü,tarihsel,wikidata-6360
birim,44010074,Yalınbudak Köyü,tarihsel,wikidata-6360
birim,44010075,Yalınkaya Köyü,tarihsel,wikidata-6360
birim,44010076,Yaylımlı Köyü,tarihsel,wikidata-6360
birim,44010077,Yukarıörükçü Köyü,tarihsel,wikidata-6360
birim,44020001,Aktaş Köyü,tarihsel,wikidata-6360
birim,44020002,Alıçlı Köyü,tarihsel,wikidata-6360
birim,44020007,Boğazlı Köyü,tarihsel,wikidata-6360
birim,44020008,Bostancık Köyü,tarihsel,wikidata-6360
birim,44020010,Çakırsu Köyü,tarihsel,wikidata-6360
birim,44020012,Çaybaşı Köyü,tarihsel,wikidata-6360
birim,44020013,Çiğnir Köyü,tarihsel,wikidata-6360
birim,44020014,Çimen Köyü,tarihsel,wikidata-6360
birim,44020017,Deregezen Köyü,tarihsel,wikidata-6360
birim,44020018,Düzce Köyü,tarihsel,wikidata-6360
birim,44020019,Eğnir Köyü,tarihsel,wikidata-6360
birim,44020020,Esikli Köyü,tarihsel,wikidata-6360
birim,44020021,Eskiarapgir Köyü,tarihsel,wikidata-6360
birim,44020022,Gebeli Köyü,tarihsel,wikidata-6360
birim,44020024,Gözeli Köyü,tarihsel,wikidata-6360
birim,44020025,Günyüzü Köyü,tarihsel,wikidata-6360
birim,44020028,Kayakesen Köyü,tarihsel,wikidata-6360
birim,44020029,Kaynak Köyü,tarihsel,wikidata-6360
birim,44020030,Kazanç Köyü,tarihsel,wikidata-6360
birim,44020031,Kılıçlı Köyü,tarihsel,wikidata-6360
birim,44020032,Konducak Köyü,tarihsel,wikidata-6360
birim,44020033,Koru Köyü,tarihsel,wikidata-6360
birim,44020036,Meşeli Köyü,tarihsel,wikidata-6360
birim,44020037,Onar Köyü,tarihsel,wikidata-6360
birim,44020038,Ormansırtı Köyü,tarihsel,wikidata-6360
birim,44020040,Pacalı Köyü,tarihsel,wikidata-6360
birim,44020041,Pirali Köyü,tarihsel,wikidata-6360
birim,44020042,Şağıluşağı Köyü,tarihsel,wikidata-6360
birim,44020044,Selamlı Köyü,tarihsel,wikidata-6360
birim,44020047,Sinikli Köyü,tarihsel,wikidata-6360
birim,44020048,Sipahiuşağı Köyü,tarihsel,wikidata-6360
birim,44020049,Suceyin Köyü,tarihsel,wikidata-6360
birim,44020050,Sugeçti Köyü,tarihsel,wikidata-6360
birim,44020051,Tarhan Köyü,tarihsel,wikidata-6360
birim,44020052,Taşdelen Köyü,tarihsel,wikidata-6360
birim,44020053,Taşdibek Köyü,tarihsel,wikidata-6360
birim,44020054,Ulaçlı Köyü,tarihsel,wikidata-6360
birim,44020055,Yaylacık Köyü,tarihsel,wikidata-6360
birim,44020056,Yazılı Köyü,tarihsel,wikidata-6360
birim,44020058,Yeşilyayla Köyü,tarihsel,wikidata-6360
birim,44020061,Yukarıyabanlı Köyü,tarihsel,wikidata-6360
birim,44030001,Akören Köyü,tarihsel,wikidata-6360
birim,44030002,Alhasuşağı Köyü,tarihsel,wikidata-6360
birim,44030003,Armutlu Köyü,tarihsel,wikidata-6360
birim,44030004,Aşağısülmenli Köyü,tarihsel,wikidata-6360
birim,44030005,Asar Köyü,tarihsel,wikidata-6360
birim,44030006,Asmaca Köyü,tarihsel,wikidata-6360
birim,44030007,Bahçeli Köyü,tarihsel,wikidata-6360
birim,44030009,Bozan Köyü,tarihsel,wikidata-6360
birim,44030010,Çakmak Köyü,tarihsel,wikidata-6360
birim,44030011,Çavuşköy Köyü,tarihsel,wikidata-6360
birim,44030012,Çayırlı Köyü,tarihsel,wikidata-6360
birim,44030013,Çevreli Köyü,tarihsel,wikidata-6360
birim,44030014,Çiftlik Köyü,tarihsel,wikidata-6360
birim,44030016,Doydum Köyü,tarihsel,wikidata-6360
birim,44030017,Ermişli Köyü,tarihsel,wikidata-6360
birim,44030018,Eymir Köyü,tarihsel,wikidata-6360
birim,44030019,Göçeruşağı Köyü,tarihsel,wikidata-6360
birim,44030020,Gökağaç Köyü,tarihsel,wikidata-6360
birim,44030021,Gümüşlü Köyü,tarihsel,wikidata-6360
birim,44030022,Güngören Köyü,tarihsel,wikidata-6360
birim,44030023,Gürge Köyü,tarihsel,wikidata-6360
birim,44030024,Güveçli Köyü,tarihsel,wikidata-6360
birim,44030025,Hakverdi Köyü,tarihsel,wikidata-6360
birim,44030026,İçmece Köyü,tarihsel,wikidata-6360
birim,44030027,İsaköy Köyü,tarihsel,wikidata-6360
birim,44030028,Karababa Köyü,tarihsel,wikidata-6360
birim,44030029,Karahüyük Köyü,tarihsel,wikidata-6360
birim,44030030,Kızık Köyü,tarihsel,wikidata-6360
birim,44030031,Kızıluşağı Köyü,tarihsel,wikidata-6360
birim,44030032,Koçak Köyü,tarihsel,wikidata-6360
birim,44030033,Kömürlük Köyü,tarihsel,wikidata-6360
birim,44030034,Konakbaşı Köyü,tarihsel,wikidata-6360
birim,44030035,Kuruttaş Köyü,tarihsel,wikidata-6360
birim,44030036,Kuyudere Köyü,tarihsel,wikidata-6360
birim,44030037,Morhamam Köyü,tarihsel,wikidata-6360
birim,44030038,Narmikan Köyü,tarihsel,wikidata-6360
birim,44030039,Parçikan Köyü,tarihsel,wikidata-6360
birim,44030040,Şotik Köyü,tarihsel,wikidata-6360
birim,44030041,Tarlacık Köyü,tarihsel,wikidata-6360
birim,44030042,Tatkınık Köyü,tarihsel,wikidata-6360
birim,44030044,Yamaç Köyü,tarihsel,wikidata-6360
birim,44030046,Yeniköy Köyü,tarihsel,wikidata-6360
birim,44030047,Yoncalı Köyü,tarihsel,wikidata-6360
birim,44030048,Yukarısülmenli Köyü,tarihsel,wikidata-6360
birim,44030049,Yürektaşı Köyü,tarihsel,wikidata-6360
birim,44040001,Adagören Köyü,tarihsel,wikidata-6360
birim,44040002,Ağılyazı Köyü,tarihsel,wikidata-6360
birim,44040005,Alhanuşağı Köyü,tarihsel,wikidata-6360
birim,44040006,Alişar Köyü,tarihsel,wikidata-6360
birim,44040010,Sıtmapınarı,semt,ptt-semt
birim,44040011,Bağtepe Köyü,tarihsel,wikidata-6360
birim,44040014,Kapalıçarşı,semt,ptt-semt
birim,44040018,Boran Köyü,tarihsel,wikidata-6360
birim,44040019,Bulgurlu Köyü,tarihsel,wikidata-6360
birim,44040020,Bulutlu Köyü,tarihsel,wikidata-6360
birim,44040021,Çamurlu Köyü,tarihsel,wikidata-6360
birim,44040024,Çolaklı Köyü,tarihsel,wikidata-6360
birim,44040025,Çolakoğlu Köyü,tarihsel,wikidata-6360
birim,44040029,Düzyol Köyü,tarihsel,wikidata-6360
birim,44040032,Fırıncı Köyü,tarihsel,wikidata-6360
birim,44040033,Göller Köyü,tarihsel,wikidata-6360
birim,44040035,Gülümuşağı Köyü,tarihsel,wikidata-6360
birim,44040036,Sıtmapınarı,semt,ptt-semt
birim,44040037,Hacıhaliloğluçiftliği Köyü,tarihsel,wikidata-6360
birim,44040038,Hacıyusuflar Köyü,tarihsel,wikidata-6360
birim,44040042,Kapalıçarşı,semt,ptt-semt
birim,44040046,Hisartepe Köyü,tarihsel,wikidata-6360
birim,44040049,Kapalıçarşı,semt,ptt-semt
birim,44040052,Sıtmapınarı,semt,ptt-semt
birim,44040053,Kadıçayırı Köyü,tarihsel,wikidata-6360
birim,44040054,Kamıştaş Köyü,tarihsel,wikidata-6360
birim,44040055,Kapıkaya Köyü,tarihsel,wikidata-6360
birim,44040057,Karagöz Köyü,tarihsel,wikidata-6360
birim,44040059,Karakaşçiftliğiköyü Köyü,tarihsel,wikidata-6360
birim,44040060,Karaköy Köyü,tarihsel,wikidata-6360
birim,44040061,Karatepe Köyü,tarihsel,wikidata-6360
birim,44040063,Kemerköprü Köyü,tarihsel,wikidata-6360
birim,44040064,Kanalboyu,semt,ptt-semt
birim,44040066,Kuluşağı Köyü,tarihsel,wikidata-6360
birim,44040067,Merdivenler Köyü,tarihsel,wikidata-6360
birim,44040070,Meydancık Köyü,tarihsel,wikidata-6360
birim,44040072,Sıtmapınarı,semt,ptt-semt
birim,44040074,Kapalıçarşı,semt,ptt-semt
birim,44040075,Pelitli Köyü,tarihsel,wikidata-6360
birim,44040077,Kanalboyu,semt,ptt-semt
birim,44040082,Sevildağ Köyü,tarihsel,wikidata-6360
birim,44040087,Tanışık Köyü,tarihsel,wikidata-6360
birim,44040089,Tokluca Köyü,tarihsel,wikidata-6360
birim,44040091,Toygar Köyü,tarihsel,wikidata-6360
birim,44040093,Uluköy Köyü,tarihsel,wikidata-6360
birim,44040095,Üzümlü Köyü,tarihsel,wikidata-6360
birim,44040097,Yarımcahan Köyü,tarihsel,wikidata-6360
birim,44040099,Yenice Köyü,tarihsel,wikidata-6360
birim,44040101,Yeniköy Köyü,tarihsel,wikidata-6360
birim,44040103,Kanalboyu,semt,ptt-semt
birim,44050003,Akbaba Köyü,tarihsel,wikidata-6360
birim,44050004,Akçatoprak Köyü,tarihsel,wikidata-6360
birim,44050005,Akova Köyü,tarihsel,wikidata-6360
birim,44050009,Barındır Köyü,tarihsel,wikidata-6360
birim,44050010,Başkaya Köyü,tarihsel,wikidata-6360
birim,44050013,Çaybaşı Köyü,tarihsel,wikidata-6360
birim,44050014,Çınar Köyü,tarihsel,wikidata-6360
birim,44050015,Çukurkaya Köyü,tarihsel,wikidata-6360
birim,44050016,Gaziköy Köyü,tarihsel,wikidata-6360
birim,44050017,Gökçeören Köyü,tarihsel,wikidata-6360
birim,44050019,Göllüce Köyü,tarihsel,wikidata-6360
birim,44050020,Güdül Köyü,tarihsel,wikidata-6360
birim,44050021,Günerli Köyü,tarihsel,wikidata-6360
birim,44050022,Günpınar Köyü,tarihsel,wikidata-6360
birim,44050026,Hacolar Köyü,tarihsel,wikidata-6360
birim,44050028,Hisarcık Köyü,tarihsel,wikidata-6360
birim,44050029,Hisarkale Köyü,tarihsel,wikidata-6360
birim,44050032,Irmaklı Köyü,tarihsel,wikidata-6360
birim,44050034,Karabacak Köyü,tarihsel,wikidata-6360
birim,44050035,Karabayır Köyü,tarihsel,wikidata-6360
birim,44050036,Karaoğuz Köyü,tarihsel,wikidata-6360
birim,44050037,Kavak Köyü,tarihsel,wikidata-6360
birim,44050038,Kaynak Köyü,tarihsel,wikidata-6360
birim,44050039,Kerimli Köyü,tarihsel,wikidata-6360
birim,44050041,Kölükler Köyü,tarihsel,wikidata-6360
birim,44050042,Kurudere Köyü,tarihsel,wikidata-6360
birim,44050043,Kuzpınar Köyü,tarihsel,wikidata-6360
birim,44050044,Medişeyh Köyü,tarihsel,wikidata-6360
birim,44050046,Mollauşağı Köyü,tarihsel,wikidata-6360
birim,44050048,Nurkuyusu Köyü,tarihsel,wikidata-6360
birim,44050049,Ozan Köyü,tarihsel,wikidata-6360
birim,44050050,Palanga Köyü,tarihsel,wikidata-6360
birim,44050054,Şendere Köyü,tarihsel,wikidata-6360
birim,44050055,Şuğul Köyü,tarihsel,wikidata-6360
birim,44050057,Üçpınar Köyü,tarihsel,wikidata-6360
birim,44050058,Uzunhasan Köyü,tarihsel,wikidata-6360
birim,44050059,Yarımca Köyü,tarihsel,wikidata-6360
birim,44050060,Yavuzlar Köyü,tarihsel,wikidata-6360
birim,44050061,Yazıköy Köyü,tarihsel,wikidata-6360
birim,44050063,Yeniköy Köyü,tarihsel,wikidata-6360
birim,44050065,Yeşiltaş Köyü,tarihsel,wikidata-6360
birim,44050066,Yukarıulupınar Köyü,tarihsel,wikidata-6360
birim,44060001,Altıntop Köyü,tarihsel,wikidata-6360
birim,44060002,Beğre Köyü,tarihsel,wikidata-6360
birim,44060004,Çavuşlu Köyü,tarihsel,wikidata-6360
birim,44060005,Çığlık Köyü,tarihsel,wikidata-6360
birim,44060006,Çömlekoba Köyü,tarihsel,wikidata-6360
birim,44060007,Dedeyazı Köyü,tarihsel,wikidata-6360
birim,44060009,Elmalı Köyü,tarihsel,wikidata-6360
birim,44060012,Eskiköy Köyü,tarihsel,wikidata-6360
birim,44060013,Fındık Köyü,tarihsel,wikidata-6360
birim,44060015,Günedoğru Köyü,tarihsel,wikidata-6360
birim,44060016,Gürobası Köyü,tarihsel,wikidata-6360
birim,44060017,Güzelköy Köyü,tarihsel,wikidata-6360
birim,44060018,Hudut Köyü,tarihsel,wikidata-6360
birim,44060019,Kadılı Köyü,tarihsel,wikidata-6360
birim,44060020,Kapıdere Köyü,tarihsel,wikidata-6360
birim,44060021,Karanlıkdere Köyü,tarihsel,wikidata-6360
birim,44060022,Karaterzi Köyü,tarihsel,wikidata-6360
birim,44060024,Kelhalil Köyü,tarihsel,wikidata-6360
birim,44060025,Küçüklü Köyü,tarihsel,wikidata-6360
birim,44060027,Örencik Köyü,tarihsel,wikidata-6360
birim,44060029,Polatdere Köyü,tarihsel,wikidata-6360
birim,44060030,Reşadiye Köyü,tarihsel,wikidata-6360
birim,44060031,Şatıroba Köyü,tarihsel,wikidata-6360
birim,44060032,Savaklı Köyü,tarihsel,wikidata-6360
birim,44060034,Suçatı Köyü,tarihsel,wikidata-6360
birim,44060036,Topraktepe Köyü,tarihsel,wikidata-6360
birim,44060038,Yolkoru Köyü,tarihsel,wikidata-6360
birim,44060039,Yuvalı Köyü,tarihsel,wikidata-6360
birim,44070001,Akkent Köyü,tarihsel,wikidata-6360
birim,44070002,Behramlı Köyü,tarihsel,wikidata-6360
birim,44070003,Burçköy Köyü,tarihsel,wikidata-6360
birim,44070005,Damlı Köyü,tarihsel,wikidata-6360
birim,44070006,Gevheruşağı Köyü,tarihsel,wikidata-6360
birim,44070008,Gümüşsu Köyü,tarihsel,wikidata-6360
birim,44070010,Koldere Köyü,tarihsel,wikidata-6360
birim,44070011,Konurtay Köyü,tarihsel,wikidata-6360
birim,44070012,Mezraa Köyü,tarihsel,wikidata-6360
birim,44070013,Poyraz Köyü,tarihsel,wikidata-6360
birim,44070014,Ulutaş Köyü,tarihsel,wikidata-6360
birim,44070015,Yalınca Köyü,tarihsel,wikidata-6360
birim,44070016,Yeşilköy Köyü,tarihsel,wikidata-6360
birim,44080001,Akmağara Köyü,tarihsel,wikidata-6360
birim,44080002,Aksütlü Köyü,tarihsel,wikidata-6360
birim,44080005,Bahçedamı Köyü,tarihsel,wikidata-6360
birim,44080007,Ballıkaya Köyü,tarihsel,wikidata-6360
birim,44080008,Basak Köyü,tarihsel,wikidata-6360
birim,44080009,Başkavak Köyü,tarihsel,wikidata-6360
birim,44080010,Başkınık Köyü,tarihsel,wikidata-6360
birim,44080011,Beykent Köyü,tarihsel,wikidata-6360
birim,44080012,Boğazgören Köyü,tarihsel,wikidata-6360
birim,44080014,Çanakpınar Köyü,tarihsel,wikidata-6360
birim,44080015,Çimenlik Köyü,tarihsel,wikidata-6360
birim,44080016,Çulhalı Köyü,tarihsel,wikidata-6360
birim,44080017,Davulgu Köyü,tarihsel,wikidata-6360
birim,44080018,Delihasanyurdu Köyü,tarihsel,wikidata-6360
birim,44080019,Dereköy Köyü,tarihsel,wikidata-6360
birim,44080020,Deveci Köyü,tarihsel,wikidata-6360
birim,44080021,Dikenli Köyü,tarihsel,wikidata-6360
birim,44080022,Dikili Köyü,tarihsel,wikidata-6360
birim,44080023,Dumlu Köyü,tarihsel,wikidata-6360
birim,44080024,Dursunlu Köyü,tarihsel,wikidata-6360
birim,44080028,Güvenç Köyü,tarihsel,wikidata-6360
birim,44080029,Güzelyayla Köyü,tarihsel,wikidata-6360
birim,44080031,Hacılar Köyü,tarihsel,wikidata-6360
birim,44080033,Haydaroğlu Köyü,tarihsel,wikidata-6360
birim,44080034,İğdir Köyü,tarihsel,wikidata-6360
birim,44080035,Işıklı Köyü,tarihsel,wikidata-6360
birim,44080037,Karaköçek Köyü,tarihsel,wikidata-6360
birim,44080038,Karapınar Köyü,tarihsel,wikidata-6360
birim,44080040,Karslılar Köyü,tarihsel,wikidata-6360
birim,44080041,Kavacık Köyü,tarihsel,wikidata-6360
birim,44080044,Köylüköyü Köyü,tarihsel,wikidata-6360
birim,44080045,Kozdere Köyü,tarihsel,wikidata-6360
birim,44080048,Mollaibrahim Köyü,tarihsel,wikidata-6360
birim,44080049,Salıcık Köyü,tarihsel,wikidata-6360
birim,44080052,Sazlıca Köyü,tarihsel,wikidata-6360
birim,44080054,Söğüt Köyü,tarihsel,wikidata-6360
birim,44080056,Taşoluk Köyü,tarihsel,wikidata-6360
birim,44080058,Uğurlu Köyü,tarihsel,wikidata-6360
birim,44080059,Yağca Köyü,tarihsel,wikidata-6360
birim,44080060,Yayladam Köyü,tarihsel,wikidata-6360
birim,44080062,Yeşilkale Köyü,tarihsel,wikidata-6360
birim,44080063,Yeşilköy Köyü,tarihsel,wikidata-6360
birim,44080064,Yeşilpınar Köyü,tarihsel,wikidata-6360
birim,44080065,Yukarıselimli Köyü,tarihsel,wikidata-6360
birim,44090002,Akça Köyü,tarihsel,wikidata-6360
birim,44090003,Akuşağı Köyü,tarihsel,wikidata-6360
birim,44090005,Bentköy Köyü,tarihsel,wikidata-6360
birim,44090006,Çanakçı Köyü,tarihsel,wikidata-6360
birim,44090010,Erdemli Köyü,tarihsel,wikidata-6360
birim,44090011,Gülenköy Köyü,tarihsel,wikidata-6360
birim,44090013,İkizpınar Köyü,tarihsel,wikidata-6360
birim,44090014,Kaleköy Köyü,tarihsel,wikidata-6360
birim,44090015,Karaağaç Köyü,tarihsel,wikidata-6360
birim,44090016,Karahüseyin Köyü,tarihsel,wikidata-6360
birim,44090017,Kıyıcak Köyü,tarihsel,wikidata-6360
birim,44090018,Kozluk Köyü,tarihsel,wikidata-6360
birim,44090021,Salkımlı Köyü,tarihsel,wikidata-6360
birim,44090022,Sarıot Köyü,tarihsel,wikidata-6360
birim,44090024,Tepebaşı Köyü,tarihsel,wikidata-6360
birim,44090026,Uyanık Köyü,tarihsel,wikidata-6360
birim,44090027,Uzunhüseyin Köyü,tarihsel,wikidata-6360
birim,44090028,Yenidamlar Köyü,tarihsel,wikidata-6360
birim,44100001,Alvar Köyü,tarihsel,wikidata-6360
birim,44100002,Aşağıselimli Köyü,tarihsel,wikidata-6360
birim,44100004,Başören Köyü,tarihsel,wikidata-6360
birim,44100005,Bicir Köyü,tarihsel,wikidata-6360
birim,44100006,Bıyıkboğazı Köyü,tarihsel,wikidata-6360
birim,44100008,Çayköy Köyü,tarihsel,wikidata-6360
birim,44100009,Ciritbelen Köyü,tarihsel,wikidata-6360
birim,44100010,Çörmü Köyü,tarihsel,wikidata-6360
birim,44100011,Göğebakan Köyü,tarihsel,wikidata-6360
birim,44100012,İlisuluk Köyü,tarihsel,wikidata-6360
birim,44100016,Karaçayır Köyü,tarihsel,wikidata-6360
birim,44100017,Karıncalık Köyü,tarihsel,wikidata-6360
birim,44100018,Karlık Köyü,tarihsel,wikidata-6360
birim,44100019,Kaynarca Köyü,tarihsel,wikidata-6360
birim,44100020,Kızılhisar Köyü,tarihsel,wikidata-6360
birim,44100021,Kızılmağara Köyü,tarihsel,wikidata-6360
birim,44100022,Kömüklü Köyü,tarihsel,wikidata-6360
birim,44100023,Konaktepe Köyü,tarihsel,wikidata-6360
birim,44100026,Sultanlı Köyü,tarihsel,wikidata-6360
birim,44100027,Temüklü Köyü,tarihsel,wikidata-6360
birim,44110001,Pötürge,semt,ptt-semt
birim,44110002,Aktarla Köyü,tarihsel,wikidata-6360
birim,44110002,Pötürge,semt,ptt-semt
birim,44110003,Aliçeri Köyü,tarihsel,wikidata-6360
birim,44110003,Pötürge,semt,ptt-semt
birim,44110004,Alihan Köyü,tarihsel,wikidata-6360
birim,44110004,Pötürge,semt,ptt-semt
birim,44110005,Arınlı Köyü,tarihsel,wikidata-6360
birim,44110005,Pötürge,semt,ptt-semt
birim,44110006,Arıtoprak Köyü,tarihsel,wikidata-6360
birim,44110006,Pötürge,semt,ptt-semt
birim,44110007,Arslankent Köyü,tarihsel,wikidata-6360
birim,44110007,Pötürge,semt,ptt-semt
birim,44110008,Bakımlı Köyü,tarihsel,wikidata-6360
birim,44110008,Pötürge,semt,ptt-semt
birim,44110009,Balpınarı Köyü,tarihsel,wikidata-6360
birim,44110009,Pötürge,semt,ptt-semt
birim,44110010,Başmezra Köyü,tarihsel,wikidata-6360
birim,44110010,Pötürge,semt,ptt-semt
birim,44110011,Bayırköy Köyü,tarihsel,wikidata-6360
birim,44110011,Pötürge,semt,ptt-semt
birim,44110012,Belenköy Köyü,tarihsel,wikidata-6360
birim,44110012,Pötürge,semt,ptt-semt
birim,44110013,Pötürge,semt,ptt-semt
birim,44110014,Bölünmez Köyü,tarihsel,wikidata-6360
birim,44110014,Pötürge,semt,ptt-semt
birim,44110015,Büyüköz Köyü,tarihsel,wikidata-6360
birim,44110015,Pötürge,semt,ptt-semt
birim,44110016,Pötürge,semt,ptt-semt
birim,44110016,Çamlıdere Köyü,tarihsel,wikidata-6360
birim,44110017,Pötürge,semt,ptt-semt
birim,44110017,Çayköy Köyü,tarihsel,wikidata-6360
birim,44110018,Pötürge,semt,ptt-semt
birim,44110018,Çengelli Köyü,tarihsel,wikidata-6360
birim,44110019,Pötürge,semt,ptt-semt
birim,44110019,Çığırlı Köyü,tarihsel,wikidata-6360
birim,44110020,Pötürge,semt,ptt-semt
birim,44110020,Çukuroymağı Köyü,tarihsel,wikidata-6360
birim,44110021,Deredüzü Köyü,tarihsel,wikidata-6360
birim,44110021,Pötürge,semt,ptt-semt
birim,44110022,Erdemler Köyü,tarihsel,wikidata-6360
birim,44110022,Pötürge,semt,ptt-semt
birim,44110023,Ersele Köyü,tarihsel,wikidata-6360
birim,44110023,Pötürge,semt,ptt-semt
birim,44110024,Esencik Köyü,tarihsel,wikidata-6360
birim,44110024,Pötürge,semt,ptt-semt
birim,44110025,Esenlik Köyü,tarihsel,wikidata-6360
birim,44110025,Pötürge,semt,ptt-semt
birim,44110026,Gertan Köyü,tarihsel,wikidata-6360
birim,44110026,Pötürge,semt,ptt-semt
birim,44110027,Gözlüce Köyü,tarihsel,wikidata-6360
birim,44110027,Pötürge,semt,ptt-semt
birim,44110028,Gündeğer Köyü,tarihsel,wikidata-6360
birim,44110028,Pötürge,semt,ptt-semt
birim,44110029,Gündüz Köyü,tarihsel,wikidata-6360
birim,44110029,Pötürge,semt,ptt-semt
birim,44110030,Pötürge,semt,ptt-semt
birim,44110031,Karakaya Köyü,tarihsel,wikidata-6360
birim,44110031,Pötürge,semt,ptt-semt
birim,44110032,Karşıyaka Köyü,tarihsel,wikidata-6360
birim,44110032,Pötürge,semt,ptt-semt
birim,44110033,Kavaklıdere Köyü,tarihsel,wikidata-6360
birim,44110033,Pötürge,semt,ptt-semt
birim,44110034,Kayadere Köyü,tarihsel,wikidata-6360
birim,44110034,Pötürge,semt,ptt-semt
birim,44110035,Koçköy Köyü,tarihsel,wikidata-6360
birim,44110035,Pötürge,semt,ptt-semt
birim,44110036,Köklükaya Köyü,tarihsel,wikidata-6360
birim,44110036,Pötürge,semt,ptt-semt
birim,44110037,Körme Köyü,tarihsel,wikidata-6360
birim,44110037,Pötürge,semt,ptt-semt
birim,44110038,Korucak Köyü,tarihsel,wikidata-6360
birim,44110038,Pötürge,semt,ptt-semt
birim,44110039,Pötürge,semt,ptt-semt
birim,44110040,Kozluk Köyü,tarihsel,wikidata-6360
birim,44110040,Pötürge,semt,ptt-semt
birim,44110041,Meşedibi Köyü,tarihsel,wikidata-6360
birim,44110041,Pötürge,semt,ptt-semt
birim,44110042,Pötürge,semt,ptt-semt
birim,44110043,Pötürge,semt,ptt-semt
birim,44110043,Örencik Köyü,tarihsel,wikidata-6360
birim,44110044,Ormaniçi Köyü,tarihsel,wikidata-6360
birim,44110044,Pötürge,semt,ptt-semt
birim,44110045,Pötürge,semt,ptt-semt
birim,44110045,Örmeli Köyü,tarihsel,wikidata-6360
birim,44110046,Pötürge,semt,ptt-semt
birim,44110046,Örnekköy Köyü,tarihsel,wikidata-6360
birim,44110047,Pazarcık Köyü,tarihsel,wikidata-6360
birim,44110047,Pötürge,semt,ptt-semt
birim,44110048,Poskıran Köyü,tarihsel,wikidata-6360
birim,44110048,Pötürge,semt,ptt-semt
birim,44110049,Pötürge,semt,ptt-semt
birim,44110050,Pötürge,semt,ptt-semt
birim,44110050,Şiro Taraksu Köyü,tarihsel,wikidata-6360
birim,44110051,Pötürge,semt,ptt-semt
birim,44110051,Söğütlü Köyü,tarihsel,wikidata-6360
birim,44110052,Pötürge,semt,ptt-semt
birim,44110052,Şükan Köyü,tarihsel,wikidata-6360
birim,44110053,Pötürge,semt,ptt-semt
birim,44110054,Pötürge,semt,ptt-semt
birim,44110054,Taşmış Köyü,tarihsel,wikidata-6360
birim,44110055,Pötürge,semt,ptt-semt
birim,44110055,Taştepe Köyü,tarihsel,wikidata-6360
birim,44110056,Pötürge,semt,ptt-semt
birim,44110056,Tatlıcak Köyü,tarihsel,wikidata-6360
birim,44110057,Pötürge,semt,ptt-semt
birim,44110057,Tekederesi Köyü,tarihsel,wikidata-6360
birim,44110058,Pötürge,semt,ptt-semt
birim,44110058,Teluşağı Köyü,tarihsel,wikidata-6360
birim,44110059,Pötürge,semt,ptt-semt
birim,44110060,Pötürge,semt,ptt-semt
birim,44110060,Üçyaka Köyü,tarihsel,wikidata-6360
birim,44110061,Pötürge,semt,ptt-semt
birim,44110061,Ulutaş Köyü,tarihsel,wikidata-6360
birim,44110062,Pötürge,semt,ptt-semt
birim,44110062,Uzunkoru Köyü,tarihsel,wikidata-6360
birim,44110063,Pötürge,semt,ptt-semt
birim,44110063,Uzuntaş Köyü,tarihsel,wikidata-6360
birim,44110064,Pötürge,semt,ptt-semt
birim,44110064,Yamaç Köyü,tarihsel,wikidata-6360
birim,44110065,Pötürge,semt,ptt-semt
birim,44110065,Yandere Köyü,tarihsel,wikidata-6360
birim,44110066,Pötürge,semt,ptt-semt
birim,44110066,Yazıca Köyü,tarihsel,wikidata-6360
birim,44110067,Pötürge,semt,ptt-semt
birim,44110067,Yediyol Köyü,tarihsel,wikidata-6360
birim,44110068,Pötürge,semt,ptt-semt
birim,44120001,Akyazı Köyü,tarihsel,wikidata-6360
birim,44120002,Alican Köyü,tarihsel,wikidata-6360
birim,44120003,Ambarcık Köyü,tarihsel,wikidata-6360
birim,44120004,Bahçelievler Köyü,tarihsel,wikidata-6360
birim,44120005,Balaban Köyü,tarihsel,wikidata-6360
birim,44120006,Bereketli Köyü,tarihsel,wikidata-6360
birim,44120007,Böğürtlen Köyü,tarihsel,wikidata-6360
birim,44120008,Boyaca Köyü,tarihsel,wikidata-6360
birim,44120009,Boztepe Köyü,tarihsel,wikidata-6360
birim,44120010,Buzluk Köyü,tarihsel,wikidata-6360
birim,44120011,Çavuş Köyü,tarihsel,wikidata-6360
birim,44120012,Çivril Köyü,tarihsel,wikidata-6360
birim,44120013,Dedekargın Köyü,tarihsel,wikidata-6360
birim,44120016,Eğribük Köyü,tarihsel,wikidata-6360
birim,44120017,Epreme Köyü,tarihsel,wikidata-6360
birim,44120018,Erecek Köyü,tarihsel,wikidata-6360
birim,44120021,Gövük Köyü,tarihsel,wikidata-6360
birim,44120022,Hamidiye Köyü,tarihsel,wikidata-6360
birim,44120023,İriağaç Köyü,tarihsel,wikidata-6360
birim,44120024,Karaca Köyü,tarihsel,wikidata-6360
birim,44120025,Kömüşhan Köyü,tarihsel,wikidata-6360
birim,44120026,Koşar Köyü,tarihsel,wikidata-6360
birim,44120027,Mısırdere Köyü,tarihsel,wikidata-6360
birim,44120028,Sadıklı Köyü,tarihsel,wikidata-6360
birim,44120029,Sinanlı Köyü,tarihsel,wikidata-6360
birim,44120030,Sürür Köyü,tarihsel,wikidata-6360
birim,44120031,Tahtalı Köyü,tarihsel,wikidata-6360
birim,44120032,Tecirli Köyü,tarihsel,wikidata-6360
birim,44130004,Atalar Köyü,tarihsel,wikidata-6360
birim,44130008,Bindal Köyü,tarihsel,wikidata-6360
birim,44130012,Çayırköy Köyü,tarihsel,wikidata-6360
birim,44130020,Duranlar Köyü,tarihsel,wikidata-6360
birim,44130021,Duruldu Köyü,tarihsel,wikidata-6360
birim,44130022,Fatih Köyü,tarihsel,wikidata-6360
birim,44130023,Yeşiltepe,semt,ptt-semt
birim,44130025,Göktarla Köyü,tarihsel,wikidata-6360
birim,44130026,Görgü Köyü,tarihsel,wikidata-6360
birim,44130027,Gözene Köyü,tarihsel,wikidata-6360
birim,44130032,İkizce Köyü,tarihsel,wikidata-6360
birim,44130035,Işıklı Köyü,tarihsel,wikidata-6360
birim,44130036,Kadiruşağı Köyü,tarihsel,wikidata-6360
birim,44130037,Karahan Köyü,tarihsel,wikidata-6360
birim,44130040,Kendirli Köyü,tarihsel,wikidata-6360
birim,44130042,Kırkpınar Köyü,tarihsel,wikidata-6360
birim,44130043,Kırlangıç Köyü,tarihsel,wikidata-6360
birim,44130046,Kozluk Köyü,tarihsel,wikidata-6360
birim,44130047,Kuşdoğan Köyü,tarihsel,wikidata-6360
birim,44130048,Kuyulu Köyü,tarihsel,wikidata-6360
birim,44130049,Mahmutlu Köyü,tarihsel,wikidata-6360
birim,44130053,Oluklu Köyü,tarihsel,wikidata-6360
birim,44130054,Öncü Köyü,tarihsel,wikidata-6360
birim,44130055,Ortaköy Köyü,tarihsel,wikidata-6360
birim,44130056,Özal Köyü,tarihsel,wikidata-6360
birim,44130059,Salkonak Köyü,tarihsel,wikidata-6360
birim,44130061,Samanköy Köyü,tarihsel,wikidata-6360
birim,44130064,Seyituşağı Köyü,tarihsel,wikidata-6360
birim,44130065,Yeşiltepe,semt,ptt-semt
birim,44130067,Suluköy Köyü,tarihsel,wikidata-6360
birim,44130068,Sütlüce Köyü,tarihsel,wikidata-6360
birim,44130070,Tepeköy Köyü,tarihsel,wikidata-6360
birim,44130071,Tohma Köyü,tarihsel,wikidata-6360
birim,44130072,Topraktepe Köyü,tarihsel,wikidata-6360
birim,44130075,Üçgöze Köyü,tarihsel,wikidata-6360
birim,44130078,Yalınkaya Köyü,tarihsel,wikidata-6360
birim,44130081,Yeşiltepe,semt,ptt-semt
birim,45010001,Alahıdır Köyü,tarihsel,wikidata-6360
birim,45010003,Ataköy Köyü,tarihsel,wikidata-6360
birim,45010004,Bahçecik Köyü,tarihsel,wikidata-6360
birim,45010006,Cambazlı Köyü,tarihsel,wikidata-6360
birim,45010007,Dereköy Köyü,tarihsel,wikidata-6360
birim,45010008,Derici Köyü,tarihsel,wikidata-6360
birim,45010009,Dibekdere Köyü,tarihsel,wikidata-6360
birim,45010012,Hacıköseli Köyü,tarihsel,wikidata-6360
birim,45010013,Halilkahya Köyü,tarihsel,wikidata-6360
birim,45010014,Karaköy Köyü,tarihsel,wikidata-6360
birim,45010015,Kargın Köyü,tarihsel,wikidata-6360
birim,45010016,Kendirlik Köyü,tarihsel,wikidata-6360
birim,45010017,Kestelli Köyü,tarihsel,wikidata-6360
birim,45010019,Mandallı Köyü,tarihsel,wikidata-6360
birim,45010020,Seydiköy Köyü,tarihsel,wikidata-6360
birim,45010022,Yaraşlı Köyü,tarihsel,wikidata-6360
birim,45010023,Zafer Köyü,tarihsel,wikidata-6360
birim,45020001,Akçaalan Köyü,tarihsel,wikidata-6360
birim,45020002,Akçeşme Köyü,tarihsel,wikidata-6360
birim,45020003,Akkocalı Köyü,tarihsel,wikidata-6360
birim,45020005,Arabacıbozköy Köyü,tarihsel,wikidata-6360
birim,45020006,Aşağıdolma Köyü,tarihsel,wikidata-6360
birim,45020009,Başlamış Köyü,tarihsel,wikidata-6360
birim,45020010,Bekirler Köyü,tarihsel,wikidata-6360
birim,45020012,Boyalılar Köyü,tarihsel,wikidata-6360
birim,45020013,Büknüş Köyü,tarihsel,wikidata-6360
birim,45020014,Bünyanosmaniye Köyü,tarihsel,wikidata-6360
birim,45020015,Çamönü Köyü,tarihsel,wikidata-6360
birim,45020016,Çanakçı Köyü,tarihsel,wikidata-6360
birim,45020017,Çıtak Köyü,tarihsel,wikidata-6360
birim,45020018,Çobanhasan Köyü,tarihsel,wikidata-6360
birim,45020019,Çoruk Köyü,tarihsel,wikidata-6360
birim,45020022,Dayıoğlu Köyü,tarihsel,wikidata-6360
birim,45020023,Dereköy Köyü,tarihsel,wikidata-6360
birim,45020024,Dingiller Köyü,tarihsel,wikidata-6360
birim,45020025,Doğankaya Köyü,tarihsel,wikidata-6360
birim,45020026,Doğuca Köyü,tarihsel,wikidata-6360
birim,45020027,Dolmadeğirmen Köyü,tarihsel,wikidata-6360
birim,45020028,Durasıl Köyü,tarihsel,wikidata-6360
birim,45020030,Erdelli Köyü,tarihsel,wikidata-6360
birim,45020031,Eroğlu Köyü,tarihsel,wikidata-6360
birim,45020032,Evkafteke Köyü,tarihsel,wikidata-6360
birim,45020033,Göcek Köyü,tarihsel,wikidata-6360
birim,45020034,Gökçeahmet Köyü,tarihsel,wikidata-6360
birim,45020035,Gökçeler Köyü,tarihsel,wikidata-6360
birim,45020037,Hacıibrahimler Köyü,tarihsel,wikidata-6360
birim,45020038,Hacıosmanlar Köyü,tarihsel,wikidata-6360
birim,45020039,Hamidiye Köyü,tarihsel,wikidata-6360
birim,45020040,Hamitköy Köyü,tarihsel,wikidata-6360
birim,45020041,Hanpaşa Köyü,tarihsel,wikidata-6360
birim,45020042,Harmandalı Köyü,tarihsel,wikidata-6360
birim,45020044,Hasköy Köyü,tarihsel,wikidata-6360
birim,45020047,İsaca Köyü,tarihsel,wikidata-6360
birim,45020048,Işıkköy Köyü,tarihsel,wikidata-6360
birim,45020050,Kadıdağı Köyü,tarihsel,wikidata-6360
birim,45020051,Kapaklı Köyü,tarihsel,wikidata-6360
birim,45020052,Karabörklü Köyü,tarihsel,wikidata-6360
birim,45020053,Karaköy Köyü,tarihsel,wikidata-6360
birim,45020054,Karayağcı Köyü,tarihsel,wikidata-6360
birim,45020055,Kavakalan Köyü,tarihsel,wikidata-6360
birim,45020057,Kayganlı Köyü,tarihsel,wikidata-6360
birim,45020059,Kızlaralanı Köyü,tarihsel,wikidata-6360
birim,45020060,Kobaşdere Köyü,tarihsel,wikidata-6360
birim,45020061,Kocakağan Köyü,tarihsel,wikidata-6360
birim,45020062,Kömürcü Köyü,tarihsel,wikidata-6360
birim,45020063,Kulaksızlar Köyü,tarihsel,wikidata-6360
birim,45020064,Kurtulmuş Köyü,tarihsel,wikidata-6360
birim,45020067,Moralılar Köyü,tarihsel,wikidata-6360
birim,45020068,Musaca Köyü,tarihsel,wikidata-6360
birim,45020069,Musalar Köyü,tarihsel,wikidata-6360
birim,45020070,Muştullar Köyü,tarihsel,wikidata-6360
birim,45020072,Pekmezci Köyü,tarihsel,wikidata-6360
birim,45020073,Pınarcık Köyü,tarihsel,wikidata-6360
birim,45020075,Rahmiye Köyü,tarihsel,wikidata-6360
birim,45020077,Sabancılar Köyü,tarihsel,wikidata-6360
birim,45020078,Sağrakçı Köyü,tarihsel,wikidata-6360
birim,45020079,Sakarkaya Köyü,tarihsel,wikidata-6360
birim,45020080,Sarıçalı Köyü,tarihsel,wikidata-6360
birim,45020081,Sarılar Köyü,tarihsel,wikidata-6360
birim,45020082,Sarnıçköy Köyü,tarihsel,wikidata-6360
birim,45020083,Sazoba Köyü,tarihsel,wikidata-6360
birim,45020084,Seğirdim Köyü,tarihsel,wikidata-6360
birim,45020085,Şehitler Köyü,tarihsel,wikidata-6360
birim,45020086,Selçikli Köyü,tarihsel,wikidata-6360
birim,45020087,Selvili Köyü,tarihsel,wikidata-6360
birim,45020090,Sindelli Köyü,tarihsel,wikidata-6360
birim,45020091,Sırtköy Köyü,tarihsel,wikidata-6360
birim,45020092,Söğütlü Köyü,tarihsel,wikidata-6360
birim,45020093,Süleymanköy Köyü,tarihsel,wikidata-6360
birim,45020095,Sünnetçiler Köyü,tarihsel,wikidata-6360
birim,45020096,Taşçılar Köyü,tarihsel,wikidata-6360
birim,45020097,Topluca Köyü,tarihsel,wikidata-6360
birim,45020098,Tütenli Köyü,tarihsel,wikidata-6360
birim,45020099,Üçavlu Köyü,tarihsel,wikidata-6360
birim,45020101,Ulupınar Köyü,tarihsel,wikidata-6360
birim,45020102,Yatağan Köyü,tarihsel,wikidata-6360
birim,45020103,Yayakırıldık Köyü,tarihsel,wikidata-6360
birim,45020104,Yaykın Köyü,tarihsel,wikidata-6360
birim,45020105,Yeğenoba Köyü,tarihsel,wikidata-6360
birim,45020106,Yenice Köyü,tarihsel,wikidata-6360
birim,45020107,Yenidoğan Köyü,tarihsel,wikidata-6360
birim,45020108,Zeytinlibağ Köyü,tarihsel,wikidata-6360
birim,45030001,Akkeçili Köyü,tarihsel,wikidata-6360
birim,45030002,Alhan Köyü,tarihsel,wikidata-6360
birim,45030003,Aydoğdu Köyü,tarihsel,wikidata-6360
birim,45030004,Azıtepe Köyü,tarihsel,wikidata-6360
birim,45030005,Badınca Köyü,tarihsel,wikidata-6360
birim,45030006,Bahadır Köyü,tarihsel,wikidata-6360
birim,45030007,Bahçedere Köyü,tarihsel,wikidata-6360
birim,45030008,Bahçeliköy Köyü,tarihsel,wikidata-6360
birim,45030009,Baklacı Köyü,tarihsel,wikidata-6360
birim,45030011,Belenyaka Köyü,tarihsel,wikidata-6360
birim,45030013,Caberburhan Köyü,tarihsel,wikidata-6360
birim,45030014,Caberfakılı Köyü,tarihsel,wikidata-6360
birim,45030015,Caberkamara Köyü,tarihsel,wikidata-6360
birim,45030016,Çağlayan Köyü,tarihsel,wikidata-6360
birim,45030017,Çakırcaali Köyü,tarihsel,wikidata-6360
birim,45030018,Çamlıbel Köyü,tarihsel,wikidata-6360
birim,45030019,Çarıkbozdağ Köyü,tarihsel,wikidata-6360
birim,45030020,Çarıkkaralar Köyü,tarihsel,wikidata-6360
birim,45030022,Çeşneli Köyü,tarihsel,wikidata-6360
birim,45030023,Dağarlar Köyü,tarihsel,wikidata-6360
birim,45030024,Dağhacıyusuf Köyü,tarihsel,wikidata-6360
birim,45030025,Delemenler Köyü,tarihsel,wikidata-6360
birim,45030026,Erenköy Köyü,tarihsel,wikidata-6360
birim,45030028,Evrenli Köyü,tarihsel,wikidata-6360
birim,45030030,Girelli Köyü,tarihsel,wikidata-6360
birim,45030031,Göbekli Köyü,tarihsel,wikidata-6360
birim,45030032,Gülenyaka Köyü,tarihsel,wikidata-6360
birim,45030033,Gülpınar Köyü,tarihsel,wikidata-6360
birim,45030034,Gümüşçay Köyü,tarihsel,wikidata-6360
birim,45030035,Gürsu Köyü,tarihsel,wikidata-6360
birim,45030036,Hacıaliler Köyü,tarihsel,wikidata-6360
birim,45030038,Horzumalayaka Köyü,tarihsel,wikidata-6360
birim,45030039,Horzumembelli Köyü,tarihsel,wikidata-6360
birim,45030040,Horzumkeserler Köyü,tarihsel,wikidata-6360
birim,45030041,Horzumsazdere Köyü,tarihsel,wikidata-6360
birim,45030042,Ilgın Köyü,tarihsel,wikidata-6360
birim,45030044,Işıklar Köyü,tarihsel,wikidata-6360
birim,45030045,İsmailbey Köyü,tarihsel,wikidata-6360
birim,45030046,İsmetiye Köyü,tarihsel,wikidata-6360
birim,45030048,Karacalar Köyü,tarihsel,wikidata-6360
birim,45030049,Karadağ Köyü,tarihsel,wikidata-6360
birim,45030050,Kasaplı Köyü,tarihsel,wikidata-6360
birim,45030053,Kestanederesi Köyü,tarihsel,wikidata-6360
birim,45030055,Kozluca Köyü,tarihsel,wikidata-6360
birim,45030057,Kurudere Köyü,tarihsel,wikidata-6360
birim,45030058,Matarlı Köyü,tarihsel,wikidata-6360
birim,45030060,Narlıdere Köyü,tarihsel,wikidata-6360
birim,45030061,Örencik Köyü,tarihsel,wikidata-6360
birim,45030062,Örnekköy Köyü,tarihsel,wikidata-6360
birim,45030063,Osmaniye Köyü,tarihsel,wikidata-6360
birim,45030065,Şahyar Köyü,tarihsel,wikidata-6360
birim,45030067,Sarıpınar Köyü,tarihsel,wikidata-6360
birim,45030069,Selce Köyü,tarihsel,wikidata-6360
birim,45030070,Serinköy Köyü,tarihsel,wikidata-6360
birim,45030071,Serinyayla Köyü,tarihsel,wikidata-6360
birim,45030073,Sobran Köyü,tarihsel,wikidata-6360
birim,45030074,Soğanlı Köyü,tarihsel,wikidata-6360
birim,45030076,Soğukyurt Köyü,tarihsel,wikidata-6360
birim,45030077,Subaşı Köyü,tarihsel,wikidata-6360
birim,45030078,Tepeköy Köyü,tarihsel,wikidata-6360
birim,45030079,Toygar Köyü,tarihsel,wikidata-6360
birim,45030080,Türkmen Köyü,tarihsel,wikidata-6360
birim,45030082,Üzümlü Köyü,tarihsel,wikidata-6360
birim,45030085,Yeniköy Köyü,tarihsel,wikidata-6360
birim,45030087,Yuvacalı Köyü,tarihsel,wikidata-6360
birim,45040001,Ahatlar Köyü,tarihsel,wikidata-6360
birim,45040002,Ahmetler Köyü,tarihsel,wikidata-6360
birim,45040003,Akdere Köyü,tarihsel,wikidata-6360
birim,45040005,Alaağaç Köyü,tarihsel,wikidata-6360
birim,45040006,Armutlu Köyü,tarihsel,wikidata-6360
birim,45040007,Ayvaalan Köyü,tarihsel,wikidata-6360
birim,45040008,Azizbey Köyü,tarihsel,wikidata-6360
birim,45040010,Bardakçı Köyü,tarihsel,wikidata-6360
birim,45040011,Bayramşah Köyü,tarihsel,wikidata-6360
birim,45040013,Boyacık Köyü,tarihsel,wikidata-6360
birim,45040014,Bozçatlı Köyü,tarihsel,wikidata-6360
birim,45040015,Bozköy Köyü,tarihsel,wikidata-6360
birim,45040016,Büyükkıran Köyü,tarihsel,wikidata-6360
birim,45040017,Çağıllar Köyü,tarihsel,wikidata-6360
birim,45040019,Çamköy Köyü,tarihsel,wikidata-6360
birim,45040021,Çanakçı Köyü,tarihsel,wikidata-6360
birim,45040022,Çandır Köyü,tarihsel,wikidata-6360
birim,45040023,Çardaklı Köyü,tarihsel,wikidata-6360
birim,45040024,Çataloluk Köyü,tarihsel,wikidata-6360
birim,45040026,Danişmentler Köyü,tarihsel,wikidata-6360
birim,45040027,Demirci Köyü,tarihsel,wikidata-6360
birim,45040030,Elek Köyü,tarihsel,wikidata-6360
birim,45040031,Esenyurt Köyü,tarihsel,wikidata-6360
birim,45040032,Eskihisar Köyü,tarihsel,wikidata-6360
birim,45040034,Gömeçler Köyü,tarihsel,wikidata-6360
birim,45040035,Gümele Köyü,tarihsel,wikidata-6360
birim,45040036,Gürçeşme Köyü,tarihsel,wikidata-6360
birim,45040037,Güveli Köyü,tarihsel,wikidata-6360
birim,45040042,Hırkalı Köyü,tarihsel,wikidata-6360
birim,45040043,Hoşçalar Köyü,tarihsel,wikidata-6360
birim,45040044,Hüdük Köyü,tarihsel,wikidata-6360
birim,45040047,Iklıkçı Köyü,tarihsel,wikidata-6360
birim,45040048,İmceler Köyü,tarihsel,wikidata-6360
birim,45040049,İmrenler Köyü,tarihsel,wikidata-6360
birim,45040050,İrişler Köyü,tarihsel,wikidata-6360
birim,45040051,İsmailler Köyü,tarihsel,wikidata-6360
birim,45040052,Karaisalar Köyü,tarihsel,wikidata-6360
birim,45040053,Kargınışıklar Köyü,tarihsel,wikidata-6360
birim,45040055,Kayaköy Köyü,tarihsel,wikidata-6360
birim,45040056,Kayranokçular Köyü,tarihsel,wikidata-6360
birim,45040057,Kazancı Köyü,tarihsel,wikidata-6360
birim,45040058,Kerpiçlik Köyü,tarihsel,wikidata-6360
birim,45040059,Kılavuzlar Köyü,tarihsel,wikidata-6360
birim,45040060,Kışlak Köyü,tarihsel,wikidata-6360
birim,45040061,Kovancı Köyü,tarihsel,wikidata-6360
birim,45040062,Köylüce Köyü,tarihsel,wikidata-6360
birim,45040063,Küçükkıran Köyü,tarihsel,wikidata-6360
birim,45040064,Küçükoba Köyü,tarihsel,wikidata-6360
birim,45040065,Kulalar Köyü,tarihsel,wikidata-6360
birim,45040066,Küpeler Köyü,tarihsel,wikidata-6360
birim,45040067,Kuzeyir Köyü,tarihsel,wikidata-6360
birim,45040068,Kuzuköy Köyü,tarihsel,wikidata-6360
birim,45040070,Marmaracık Köyü,tarihsel,wikidata-6360
birim,45040071,Mezitler Köyü,tarihsel,wikidata-6360
birim,45040072,Minnetler Köyü,tarihsel,wikidata-6360
birim,45040074,Öksüzlü Köyü,tarihsel,wikidata-6360
birim,45040076,Örücüler Köyü,tarihsel,wikidata-6360
birim,45040078,Rahmanlar Köyü,tarihsel,wikidata-6360
birim,45040079,Sağnıç Köyü,tarihsel,wikidata-6360
birim,45040080,Sayık Köyü,tarihsel,wikidata-6360
birim,45040083,Serçeler Köyü,tarihsel,wikidata-6360
birim,45040084,Sevişler Köyü,tarihsel,wikidata-6360
birim,45040087,Söğütçük Köyü,tarihsel,wikidata-6360
birim,45040088,Talas Köyü,tarihsel,wikidata-6360
birim,45040089,Taşokçular Köyü,tarihsel,wikidata-6360
birim,45040090,Tekeler Köyü,tarihsel,wikidata-6360
birim,45040091,Teperik Köyü,tarihsel,wikidata-6360
birim,45040092,Ulacık Köyü,tarihsel,wikidata-6360
birim,45040093,Üşümüş Köyü,tarihsel,wikidata-6360
birim,45040095,Yarbasan Köyü,tarihsel,wikidata-6360
birim,45040096,Yavaşlar Köyü,tarihsel,wikidata-6360
birim,45040098,Yeşildere Köyü,tarihsel,wikidata-6360
birim,45040099,Yeşiloba Köyü,tarihsel,wikidata-6360
birim,45040101,Yiğitler Köyü,tarihsel,wikidata-6360
birim,45050002,Ayanlar Köyü,tarihsel,wikidata-6360
birim,45050003,Beyler Köyü,tarihsel,wikidata-6360
birim,45050004,Çamköy Köyü,tarihsel,wikidata-6360
birim,45050005,Çömlekçi Köyü,tarihsel,wikidata-6360
birim,45050006,Değnekler Köyü,tarihsel,wikidata-6360
birim,45050008,Hacıbaştanlar Köyü,tarihsel,wikidata-6360
birim,45050009,Hacıveliler Köyü,tarihsel,wikidata-6360
birim,45050010,Hıroğlu Köyü,tarihsel,wikidata-6360
birim,45050013,Kayaaltı Köyü,tarihsel,wikidata-6360
birim,45050015,Kılcanlar Köyü,tarihsel,wikidata-6360
birim,45050016,Ozanca Köyü,tarihsel,wikidata-6360
birim,45050017,Taşkuyucak Köyü,tarihsel,wikidata-6360
birim,45050018,Tiyenli Köyü,tarihsel,wikidata-6360
birim,45050020,Yeniköy Köyü,tarihsel,wikidata-6360
birim,45050021,Yunuslar Köyü,tarihsel,wikidata-6360
birim,45060002,Akpınar Köyü,tarihsel,wikidata-6360
birim,45060004,Balıklı Köyü,tarihsel,wikidata-6360
birim,45060005,Bayat Köyü,tarihsel,wikidata-6360
birim,45060006,Beğel Köyü,tarihsel,wikidata-6360
birim,45060007,Beğenler Köyü,tarihsel,wikidata-6360
birim,45060008,Benlieli Köyü,tarihsel,wikidata-6360
birim,45060010,Börez Köyü,tarihsel,wikidata-6360
birim,45060011,Boyalı Köyü,tarihsel,wikidata-6360
birim,45060012,Çağlayan Köyü,tarihsel,wikidata-6360
birim,45060013,Çatalarmut Köyü,tarihsel,wikidata-6360
birim,45060015,Çiğiller Köyü,tarihsel,wikidata-6360
birim,45060017,Dalkara Köyü,tarihsel,wikidata-6360
birim,45060018,Dargıl Köyü,tarihsel,wikidata-6360
birim,45060019,Deliçoban Köyü,tarihsel,wikidata-6360
birim,45060020,Dereçiftlik Köyü,tarihsel,wikidata-6360
birim,45060021,Dikilitaş Köyü,tarihsel,wikidata-6360
birim,45060023,Doğanpınar Köyü,tarihsel,wikidata-6360
birim,45060024,Dutluca Köyü,tarihsel,wikidata-6360
birim,45060025,Efendili Köyü,tarihsel,wikidata-6360
birim,45060027,Fundacık Köyü,tarihsel,wikidata-6360
birim,45060028,Gülpınar Köyü,tarihsel,wikidata-6360
birim,45060031,Kabakoz Köyü,tarihsel,wikidata-6360
birim,45060032,Kalemoğlu Köyü,tarihsel,wikidata-6360
birim,45060033,Karaağaç Köyü,tarihsel,wikidata-6360
birim,45060034,Karakeçili Köyü,tarihsel,wikidata-6360
birim,45060035,Karayağcı Köyü,tarihsel,wikidata-6360
birim,45060036,Karayakup Köyü,tarihsel,wikidata-6360
birim,45060037,Kaşıkçı Köyü,tarihsel,wikidata-6360
birim,45060039,Kılcanlar Köyü,tarihsel,wikidata-6360
birim,45060040,Kıranköy Köyü,tarihsel,wikidata-6360
birim,45060041,Kıymık Köyü,tarihsel,wikidata-6360
birim,45060042,Kızıldam Köyü,tarihsel,wikidata-6360
birim,45060043,Kobaklar Köyü,tarihsel,wikidata-6360
birim,45060044,Korubaşı Köyü,tarihsel,wikidata-6360
birim,45060045,Köseler Köyü,tarihsel,wikidata-6360
birim,45060046,Kürekçi Köyü,tarihsel,wikidata-6360
birim,45060047,Kuşlukköy Köyü,tarihsel,wikidata-6360
birim,45060048,Kuyucakkarapınar Köyü,tarihsel,wikidata-6360
birim,45060049,Malaz Köyü,tarihsel,wikidata-6360
birim,45060050,Malkoca Köyü,tarihsel,wikidata-6360
birim,45060052,Oğulduruk Köyü,tarihsel,wikidata-6360
birim,45060053,Pınarbaşı Köyü,tarihsel,wikidata-6360
birim,45060055,Salur Köyü,tarihsel,wikidata-6360
birim,45060056,Sarıaliler Köyü,tarihsel,wikidata-6360
birim,45060057,Şeyhyayla Köyü,tarihsel,wikidata-6360
birim,45060058,Tepeköy Köyü,tarihsel,wikidata-6360
birim,45060059,Tüpüler Köyü,tarihsel,wikidata-6360
birim,45060060,Ulgar Köyü,tarihsel,wikidata-6360
birim,45060062,Yakaköy Köyü,tarihsel,wikidata-6360
birim,45060063,Yeniköy Köyü,tarihsel,wikidata-6360
birim,45060064,Yeşilyurt Köyü,tarihsel,wikidata-6360
birim,45070001,Alacalar Köyü,tarihsel,wikidata-6360
birim,45070002,Alifakı Köyü,tarihsel,wikidata-6360
birim,45070003,Bademli Köyü,tarihsel,wikidata-6360
birim,45070006,Bostancı Köyü,tarihsel,wikidata-6360
birim,45070007,Çaltıcak Köyü,tarihsel,wikidata-6360
birim,45070008,Çiftlik Köyü,tarihsel,wikidata-6360
birim,45070010,Çobanlar Köyü,tarihsel,wikidata-6360
birim,45070011,Demirtaş Köyü,tarihsel,wikidata-6360
birim,45070012,Dualar Köyü,tarihsel,wikidata-6360
birim,45070013,Fırdanlar Köyü,tarihsel,wikidata-6360
birim,45070014,Gebeler Köyü,tarihsel,wikidata-6360
birim,45070016,Gökçukur Köyü,tarihsel,wikidata-6360
birim,45070017,Güvendik Köyü,tarihsel,wikidata-6360
birim,45070018,Hacet Köyü,tarihsel,wikidata-6360
birim,45070020,Halkahavlu Köyü,tarihsel,wikidata-6360
birim,45070021,Hamidiye Köyü,tarihsel,wikidata-6360
birim,45070022,Hamitli Köyü,tarihsel,wikidata-6360
birim,45070025,Işıklar Köyü,tarihsel,wikidata-6360
birim,45070030,Kınık Köyü,tarihsel,wikidata-6360
birim,45070031,Kocaiskan Köyü,tarihsel,wikidata-6360
birim,45070033,Küçükyaya Köyü,tarihsel,wikidata-6360
birim,45070034,Kuyucak Köyü,tarihsel,wikidata-6360
birim,45070036,Musahoca Köyü,tarihsel,wikidata-6360
birim,45070038,Öveçli Köyü,tarihsel,wikidata-6360
birim,45070040,Sakarlı Köyü,tarihsel,wikidata-6360
birim,45070042,Siledik Köyü,tarihsel,wikidata-6360
birim,45070043,Söğütalan Köyü,tarihsel,wikidata-6360
birim,45070045,Yağmurlu Köyü,tarihsel,wikidata-6360
birim,45080001,Akçaalan Köyü,tarihsel,wikidata-6360
birim,45080002,Alanyolu Köyü,tarihsel,wikidata-6360
birim,45080003,Armağan Köyü,tarihsel,wikidata-6360
birim,45080004,Arpacı Köyü,tarihsel,wikidata-6360
birim,45080006,Azimli Köyü,tarihsel,wikidata-6360
birim,45080009,Çarıklar Köyü,tarihsel,wikidata-6360
birim,45080010,Çavullar Köyü,tarihsel,wikidata-6360
birim,45080011,Çayköy Köyü,tarihsel,wikidata-6360
birim,45080012,Cıcıklı Köyü,tarihsel,wikidata-6360
birim,45080013,Döğüşeren Köyü,tarihsel,wikidata-6360
birim,45080014,Esat Köyü,tarihsel,wikidata-6360
birim,45080015,Gökveliler Köyü,tarihsel,wikidata-6360
birim,45080018,Gündoğdu Köyü,tarihsel,wikidata-6360
birim,45080019,İkizkuyu Köyü,tarihsel,wikidata-6360
birim,45080020,Karaelmacık Köyü,tarihsel,wikidata-6360
birim,45080021,Karyağdı Köyü,tarihsel,wikidata-6360
birim,45080022,Kasar Köyü,tarihsel,wikidata-6360
birim,45080023,Kavakyeri Köyü,tarihsel,wikidata-6360
birim,45080024,Kemhallı Köyü,tarihsel,wikidata-6360
birim,45080025,Kıdırcık Köyü,tarihsel,wikidata-6360
birim,45080026,Killik Köyü,tarihsel,wikidata-6360
birim,45080027,Kınık Köyü,tarihsel,wikidata-6360
birim,45080028,Kıranşeyh Köyü,tarihsel,wikidata-6360
birim,45080029,Kozaklı Köyü,tarihsel,wikidata-6360
birim,45080030,Kulalı Köyü,tarihsel,wikidata-6360
birim,45080031,Kurtlar Köyü,tarihsel,wikidata-6360
birim,45080033,Mestanlı Köyü,tarihsel,wikidata-6360
birim,45080035,Rağıllar Köyü,tarihsel,wikidata-6360
birim,45080036,Saraycık Köyü,tarihsel,wikidata-6360
birim,45080037,Sargaç Köyü,tarihsel,wikidata-6360
birim,45080038,Selviler Köyü,tarihsel,wikidata-6360
birim,45080040,Tokmaklı Köyü,tarihsel,wikidata-6360
birim,45080041,Uğurlu Köyü,tarihsel,wikidata-6360
birim,45080042,Yabacı Köyü,tarihsel,wikidata-6360
birim,45080043,Yardere Köyü,tarihsel,wikidata-6360
birim,45080044,Yenice Köyü,tarihsel,wikidata-6360
birim,45080045,Yeşilköy Köyü,tarihsel,wikidata-6360
birim,45080046,Yumuklar Köyü,tarihsel,wikidata-6360
birim,45090002,Ahmetli Köyü,tarihsel,wikidata-6360
birim,45090004,Aktaş Köyü,tarihsel,wikidata-6360
birim,45090005,Ayazören Köyü,tarihsel,wikidata-6360
birim,45090006,Ayvatlar Köyü,tarihsel,wikidata-6360
birim,45090007,Balıbey Köyü,tarihsel,wikidata-6360
birim,45090008,Başıbüyük Köyü,tarihsel,wikidata-6360
birim,45090009,Battalmustafa Köyü,tarihsel,wikidata-6360
birim,45090010,Bayramşah Köyü,tarihsel,wikidata-6360
birim,45090011,Bebekli Köyü,tarihsel,wikidata-6360
birim,45090013,Börtlüce Köyü,tarihsel,wikidata-6360
birim,45090015,Çarıkballı Köyü,tarihsel,wikidata-6360
birim,45090016,Çarıkmahmutlu Köyü,tarihsel,wikidata-6360
birim,45090017,Çiftçiibrahim Köyü,tarihsel,wikidata-6360
birim,45090018,Dereköy Köyü,tarihsel,wikidata-6360
birim,45090019,Emre Köyü,tarihsel,wikidata-6360
birim,45090020,Encekler Köyü,tarihsel,wikidata-6360
birim,45090021,Erenbağı Köyü,tarihsel,wikidata-6360
birim,45090022,Eroğlu Köyü,tarihsel,wikidata-6360
birim,45090023,Esenyazı Köyü,tarihsel,wikidata-6360
birim,45090024,Evciler Köyü,tarihsel,wikidata-6360
birim,45090026,Gökdere Köyü,tarihsel,wikidata-6360
birim,45090027,Gölbaşı Köyü,tarihsel,wikidata-6360
birim,45090028,Güvercinlik Köyü,tarihsel,wikidata-6360
birim,45090029,Hacıtufan Köyü,tarihsel,wikidata-6360
birim,45090030,Hamidiye Köyü,tarihsel,wikidata-6360
birim,45090031,Hayalli Köyü,tarihsel,wikidata-6360
birim,45090032,İbrahimağa Köyü,tarihsel,wikidata-6360
birim,45090033,İncesu Köyü,tarihsel,wikidata-6360
birim,45090034,Kalınharman Köyü,tarihsel,wikidata-6360
birim,45090035,Karaoba Köyü,tarihsel,wikidata-6360
birim,45090036,Kavacık Köyü,tarihsel,wikidata-6360
birim,45090037,Kenger Köyü,tarihsel,wikidata-6360
birim,45090039,Konurca Köyü,tarihsel,wikidata-6360
birim,45090040,Körez Köyü,tarihsel,wikidata-6360
birim,45090041,Narıncalıpıtrak Köyü,tarihsel,wikidata-6360
birim,45090042,Narıncalısüleyman Köyü,tarihsel,wikidata-6360
birim,45090043,Ortaköy Köyü,tarihsel,wikidata-6360
birim,45090044,Papuçlu Köyü,tarihsel,wikidata-6360
birim,45090046,Saraçlar Köyü,tarihsel,wikidata-6360
birim,45090047,Sarnıç Köyü,tarihsel,wikidata-6360
birim,45090048,Şehitlioğlu Köyü,tarihsel,wikidata-6360
birim,45090049,Şeremet Köyü,tarihsel,wikidata-6360
birim,45090050,Şeritli Köyü,tarihsel,wikidata-6360
birim,45090052,Şıhlı Köyü,tarihsel,wikidata-6360
birim,45090053,Söğütdere Köyü,tarihsel,wikidata-6360
birim,45090054,Tatlıçeşme Köyü,tarihsel,wikidata-6360
birim,45090055,Topuzdamları Köyü,tarihsel,wikidata-6360
birim,45090056,Yağbastı Köyü,tarihsel,wikidata-6360
birim,45090057,Yeniköy Köyü,tarihsel,wikidata-6360
birim,45090058,Yeşilyayla Köyü,tarihsel,wikidata-6360
birim,45090059,Yurtbaşı Köyü,tarihsel,wikidata-6360
birim,45100014,Burhan Köyü,tarihsel,wikidata-6360
birim,45100020,Çavlu Köyü,tarihsel,wikidata-6360
birim,45100039,Gökçeköy Köyü,tarihsel,wikidata-6360
birim,45100044,Hacıbektaşlı Köyü,tarihsel,wikidata-6360
birim,45100053,Kaplan Köyü,tarihsel,wikidata-6360
birim,45100055,Karaoğlanlı Köyü,tarihsel,wikidata-6360
birim,45100060,Kemer Köyü,tarihsel,wikidata-6360
birim,45110001,Afşar Köyü,tarihsel,wikidata-6360
birim,45110002,Ahmetağa Köyü,tarihsel,wikidata-6360
birim,45110003,Alemşahlı Köyü,tarihsel,wikidata-6360
birim,45110006,Bağlıca Köyü,tarihsel,wikidata-6360
birim,45110007,Bahadırlar Köyü,tarihsel,wikidata-6360
birim,45110008,Baharlar Köyü,tarihsel,wikidata-6360
birim,45110009,Bereketli Köyü,tarihsel,wikidata-6360
birim,45110010,Beyharmanı Köyü,tarihsel,wikidata-6360
birim,45110011,Çanakçı Köyü,tarihsel,wikidata-6360
birim,45110012,Çavuşlar Köyü,tarihsel,wikidata-6360
birim,45110013,Çimentepe Köyü,tarihsel,wikidata-6360
birim,45110015,Dadağlı Köyü,tarihsel,wikidata-6360
birim,45110016,Dindarlı Köyü,tarihsel,wikidata-6360
birim,45110017,Doğuşlar Köyü,tarihsel,wikidata-6360
birim,45110018,Emcelli Köyü,tarihsel,wikidata-6360
birim,45110019,Güneydamları Köyü,tarihsel,wikidata-6360
birim,45110020,Günyaka Köyü,tarihsel,wikidata-6360
birim,45110021,Kahramanlar Köyü,tarihsel,wikidata-6360
birim,45110022,Karacaali Köyü,tarihsel,wikidata-6360
birim,45110023,Kızılçukur Köyü,tarihsel,wikidata-6360
birim,45110026,Özpınar Köyü,tarihsel,wikidata-6360
birim,45110027,Selimiye Köyü,tarihsel,wikidata-6360
birim,45110028,Şeyhdavutlar Köyü,tarihsel,wikidata-6360
birim,45110029,Sığırtmaçlı Köyü,tarihsel,wikidata-6360
birim,45110031,Tırazlar Köyü,tarihsel,wikidata-6360
birim,45110032,Yeniköy Köyü,tarihsel,wikidata-6360
birim,45110033,Yeşiltepe Köyü,tarihsel,wikidata-6360
birim,45110034,Yukarıkoçaklar Köyü,tarihsel,wikidata-6360
birim,45110035,Ziyanlar Köyü,tarihsel,wikidata-6360
birim,45120001,Adiloba Köyü,tarihsel,wikidata-6360
birim,45120003,Apak Köyü,tarihsel,wikidata-6360
birim,45120005,Aydınlar Köyü,tarihsel,wikidata-6360
birim,45120006,Azimli Köyü,tarihsel,wikidata-6360
birim,45120007,Bahadır Köyü,tarihsel,wikidata-6360
birim,45120008,Bedeller Köyü,tarihsel,wikidata-6360
birim,45120010,Çakmaklı Köyü,tarihsel,wikidata-6360
birim,45120011,Çaltepe Köyü,tarihsel,wikidata-6360
birim,45120012,Çamlıyurt Köyü,tarihsel,wikidata-6360
birim,45120014,Çerkez Osmaniye Köyü,tarihsel,wikidata-6360
birim,45120015,Çınaroba Köyü,tarihsel,wikidata-6360
birim,45120016,Çullugörece Köyü,tarihsel,wikidata-6360
birim,45120018,Develi Köyü,tarihsel,wikidata-6360
birim,45120021,Gözlet Köyü,tarihsel,wikidata-6360
birim,45120023,Hacımusa Köyü,tarihsel,wikidata-6360
birim,45120026,Hatıplar Köyü,tarihsel,wikidata-6360
birim,45120027,Heybeli Köyü,tarihsel,wikidata-6360
birim,45120030,Kayışlar Köyü,tarihsel,wikidata-6360
birim,45120031,Kemiklidere Köyü,tarihsel,wikidata-6360
birim,45120032,Kepenekli Köyü,tarihsel,wikidata-6360
birim,45120034,Koyuncu Köyü,tarihsel,wikidata-6360
birim,45120037,Lütfiye Köyü,tarihsel,wikidata-6360
birim,45120041,Pınarbaşı Köyü,tarihsel,wikidata-6360
birim,45120042,Sarıçam Köyü,tarihsel,wikidata-6360
birim,45120043,Sarısığırlı Köyü,tarihsel,wikidata-6360
birim,45120045,Şatırlar Köyü,tarihsel,wikidata-6360
birim,45120047,Seyitoba Köyü,tarihsel,wikidata-6360
birim,45120048,Taşdibi Köyü,tarihsel,wikidata-6360
birim,45120049,Tirkeş Köyü,tarihsel,wikidata-6360
birim,45130001,Çarşı,semt,ptt-semt
birim,45130002,Çarşı,semt,ptt-semt
birim,45130003,Karaköy,semt,ptt-semt
birim,45130004,Kuzey,semt,ptt-semt
birim,45130005,Kuzey,semt,ptt-semt
birim,45130006,Karaköy,semt,ptt-semt
birim,45130007,Kuzey,semt,ptt-semt
birim,45130008,Çarşı,semt,ptt-semt
birim,45130009,Çarşı,semt,ptt-semt
birim,45130011,Ayvacık Köyü,tarihsel,wikidata-6360
birim,45130012,Karaköy,semt,ptt-semt
birim,45130013,Belenyenice Köyü,tarihsel,wikidata-6360
birim,45130014,Çamköy Köyü,tarihsel,wikidata-6360
birim,45130015,Karaköy,semt,ptt-semt
birim,45130016,Çavuşoğlu Köyü,tarihsel,wikidata-6360
birim,45130017,Çerkezmahmudiye Köyü,tarihsel,wikidata-6360
birim,45130018,Çınarlıkuyu Köyü,tarihsel,wikidata-6360
birim,45130019,Karaköy,semt,ptt-semt
birim,45130020,Karaköy,semt,ptt-semt
birim,45130021,Çarşı,semt,ptt-semt
birim,45130022,Karaköy,semt,ptt-semt
birim,45130023,Karaköy,semt,ptt-semt
birim,45130024,Gökbel Köyü,tarihsel,wikidata-6360
birim,45130025,Karaköy,semt,ptt-semt
birim,45130026,Güzelköy Köyü,tarihsel,wikidata-6360
birim,45130028,Halıtlı Köyü,tarihsel,wikidata-6360
birim,45130030,Karaköy,semt,ptt-semt
birim,45130031,Karaköy,semt,ptt-semt
birim,45130032,Kağan Köyü,tarihsel,wikidata-6360
birim,45130033,Kaleköy Köyü,tarihsel,wikidata-6360
birim,45130034,Kalemli Köyü,tarihsel,wikidata-6360
birim,45130037,Karayenice Köyü,tarihsel,wikidata-6360
birim,45130038,Kuzey,semt,ptt-semt
birim,45130039,Kırançiftliği Köyü,tarihsel,wikidata-6360
birim,45130040,Karaköy,semt,ptt-semt
birim,45130041,Kuzey,semt,ptt-semt
birim,45130042,Karaköy,semt,ptt-semt
birim,45130043,Çarşı,semt,ptt-semt
birim,45130044,Kuzey,semt,ptt-semt
birim,45130045,Çarşı,semt,ptt-semt
birim,45130046,Çarşı,semt,ptt-semt
birim,45130048,Sancaklıçeşmebaşı Köyü,tarihsel,wikidata-6360
birim,45130050,Sancaklıkayadibi Köyü,tarihsel,wikidata-6360
birim,45130051,Sancaklıuzunçınar Köyü,tarihsel,wikidata-6360
birim,45130052,Sarıalan Köyü,tarihsel,wikidata-6360
birim,45130053,Karaköy,semt,ptt-semt
birim,45130054,Çarşı,semt,ptt-semt
birim,45130056,Tekeliler Köyü,tarihsel,wikidata-6360
birim,45130057,Tepecik Köyü,tarihsel,wikidata-6360
birim,45130058,Tilkisüleymaniye Köyü,tarihsel,wikidata-6360
birim,45130059,Karaköy,semt,ptt-semt
birim,45130060,Kuzey,semt,ptt-semt
birim,45130061,Karaköy,semt,ptt-semt
birim,45130062,Veziroğlu Köyü,tarihsel,wikidata-6360
birim,45130063,Çarşı,semt,ptt-semt
birim,45130064,Yeniharmandalı Köyü,tarihsel,wikidata-6360
birim,45130066,Yeşilköy Köyü,tarihsel,wikidata-6360
birim,45130067,Yukarıçobanisa Köyü,tarihsel,wikidata-6360
birim,45140001,Akçakertil Köyü,tarihsel,wikidata-6360
birim,45140002,Altınköy Köyü,tarihsel,wikidata-6360
birim,45140003,Aşağıtefen Köyü,tarihsel,wikidata-6360
birim,45140004,Avlaşa Köyü,tarihsel,wikidata-6360
birim,45140006,Beypınar Köyü,tarihsel,wikidata-6360
birim,45140007,Çalıklı Köyü,tarihsel,wikidata-6360
birim,45140008,Çamköy Köyü,tarihsel,wikidata-6360
birim,45140009,Çamlıca Köyü,tarihsel,wikidata-6360
birim,45140010,Çampınar Köyü,tarihsel,wikidata-6360
birim,45140011,Çamyayla Köyü,tarihsel,wikidata-6360
birim,45140012,Çanşa Köyü,tarihsel,wikidata-6360
birim,45140013,Çıkrıkçı Köyü,tarihsel,wikidata-6360
birim,45140014,Çinan Köyü,tarihsel,wikidata-6360
birim,45140015,Çortak Köyü,tarihsel,wikidata-6360
birim,45140016,Dedeler Köyü,tarihsel,wikidata-6360
birim,45140017,Dumanlar Köyü,tarihsel,wikidata-6360
birim,45140019,Eskin Köyü,tarihsel,wikidata-6360
birim,45140021,Gölbaşı Köyü,tarihsel,wikidata-6360
birim,45140023,Hacılar Köyü,tarihsel,wikidata-6360
birim,45140024,Halılar Köyü,tarihsel,wikidata-6360
birim,45140025,Havaoğlu Köyü,tarihsel,wikidata-6360
birim,45140027,Kabaklar Köyü,tarihsel,wikidata-6360
birim,45140028,Karabeyler Köyü,tarihsel,wikidata-6360
birim,45140029,Karakozan Köyü,tarihsel,wikidata-6360
birim,45140030,Karaselendi Köyü,tarihsel,wikidata-6360
birim,45140031,Karataşterziler Köyü,tarihsel,wikidata-6360
birim,45140033,Kayranlar Köyü,tarihsel,wikidata-6360
birim,45140034,Kazıklı Köyü,tarihsel,wikidata-6360
birim,45140035,Kınık Köyü,tarihsel,wikidata-6360
birim,45140036,Kürkçü Köyü,tarihsel,wikidata-6360
birim,45140037,Kurşunlu Köyü,tarihsel,wikidata-6360
birim,45140039,Mıdıklı Köyü,tarihsel,wikidata-6360
birim,45140040,Mollaahmetler Köyü,tarihsel,wikidata-6360
birim,45140041,Omurlar Köyü,tarihsel,wikidata-6360
birim,45140042,Pınarlar Köyü,tarihsel,wikidata-6360
birim,45140043,Rahmanlar Köyü,tarihsel,wikidata-6360
birim,45140044,Şehirlioğlu Köyü,tarihsel,wikidata-6360
birim,45140045,Selmanhacılar Köyü,tarihsel,wikidata-6360
birim,45140047,Tavak Köyü,tarihsel,wikidata-6360
birim,45140048,Tepeynihan Köyü,tarihsel,wikidata-6360
birim,45140049,Turpçu Köyü,tarihsel,wikidata-6360
birim,45140050,Yağcı Köyü,tarihsel,wikidata-6360
birim,45140052,Yenice Köyü,tarihsel,wikidata-6360
birim,45140053,Yeşil Köyü,tarihsel,wikidata-6360
birim,45140055,Yukarıtefen Köyü,tarihsel,wikidata-6360
birim,45140057,Zıramanlar Köyü,tarihsel,wikidata-6360
birim,45150001,Adil Köyü,tarihsel,wikidata-6360
birim,45150002,Akçaavlu Köyü,tarihsel,wikidata-6360
birim,45150005,Bayat Köyü,tarihsel,wikidata-6360
birim,45150006,Beyce Köyü,tarihsel,wikidata-6360
birim,45150007,Boncuklu Köyü,tarihsel,wikidata-6360
birim,45150008,Bozarmut Köyü,tarihsel,wikidata-6360
birim,45150009,Büyük Güney Köyü,tarihsel,wikidata-6360
birim,45150010,Büyük Işıklar Köyü,tarihsel,wikidata-6360
birim,45150011,Çatalçam Köyü,tarihsel,wikidata-6360
birim,45150012,Çavdır Köyü,tarihsel,wikidata-6360
birim,45150014,Çevircek Köyü,tarihsel,wikidata-6360
birim,45150017,Darkale Köyü,tarihsel,wikidata-6360
birim,45150018,Deniş Köyü,tarihsel,wikidata-6360
birim,45150019,Dereköy Köyü,tarihsel,wikidata-6360
birim,45150020,Devlethan Köyü,tarihsel,wikidata-6360
birim,45150021,Dualar Köyü,tarihsel,wikidata-6360
birim,45150022,Duğla Köyü,tarihsel,wikidata-6360
birim,45150023,Eğnez Köyü,tarihsel,wikidata-6360
birim,45150024,Evciler Köyü,tarihsel,wikidata-6360
birim,45150025,Göktaş Köyü,tarihsel,wikidata-6360
birim,45150026,Hacıyusuf Köyü,tarihsel,wikidata-6360
birim,45150027,Hamidiye Köyü,tarihsel,wikidata-6360
birim,45150029,Hatun Köyü,tarihsel,wikidata-6360
birim,45150030,Heciz Köyü,tarihsel,wikidata-6360
birim,45150034,Kaplan Köyü,tarihsel,wikidata-6360
birim,45150035,Karacahisar Köyü,tarihsel,wikidata-6360
birim,45150036,Karacakaş Köyü,tarihsel,wikidata-6360
birim,45150037,Karaçam Köyü,tarihsel,wikidata-6360
birim,45150039,Kayrakaltı Köyü,tarihsel,wikidata-6360
birim,45150040,Kiraz Köyü,tarihsel,wikidata-6360
birim,45150041,Kızılören Köyü,tarihsel,wikidata-6360
birim,45150042,Kobaklar Köyü,tarihsel,wikidata-6360
birim,45150043,Koyundere Köyü,tarihsel,wikidata-6360
birim,45150044,Kozanlı Köyü,tarihsel,wikidata-6360
birim,45150045,Kozluören Köyü,tarihsel,wikidata-6360
birim,45150046,Küçük Güney Köyü,tarihsel,wikidata-6360
birim,45150047,Kum Köyü,tarihsel,wikidata-6360
birim,45150049,Menteşe Köyü,tarihsel,wikidata-6360
birim,45150050,Naldöken Köyü,tarihsel,wikidata-6360
birim,45150054,Pirahmet Köyü,tarihsel,wikidata-6360
birim,45150056,Sarıkaya Köyü,tarihsel,wikidata-6360
birim,45150057,Sevişler Köyü,tarihsel,wikidata-6360
birim,45150058,Söğütçük Köyü,tarihsel,wikidata-6360
birim,45150059,Sultaniye Köyü,tarihsel,wikidata-6360
birim,45150060,Tabanlar Köyü,tarihsel,wikidata-6360
birim,45150061,Tekeli Işıklar Köyü,tarihsel,wikidata-6360
birim,45150063,Türkali Köyü,tarihsel,wikidata-6360
birim,45150064,Türkpiyala Köyü,tarihsel,wikidata-6360
birim,45150065,Ularca Köyü,tarihsel,wikidata-6360
birim,45150066,Uruzlar Köyü,tarihsel,wikidata-6360
birim,45150067,Vakıflı Köyü,tarihsel,wikidata-6360
birim,45150069,Yayladalı Köyü,tarihsel,wikidata-6360
birim,45150070,Yırca Köyü,tarihsel,wikidata-6360
birim,45160002,Akçapınar Köyü,tarihsel,wikidata-6360
birim,45160003,Akköy Köyü,tarihsel,wikidata-6360
birim,45160006,Aşağıbozkır Köyü,tarihsel,wikidata-6360
birim,45160008,Avşar Köyü,tarihsel,wikidata-6360
birim,45160009,Ayvacık Köyü,tarihsel,wikidata-6360
birim,45160010,Baktırlı Köyü,tarihsel,wikidata-6360
birim,45160011,Bozkır Köyü,tarihsel,wikidata-6360
birim,45160013,Çampınar Köyü,tarihsel,wikidata-6360
birim,45160014,Çatalköprü Köyü,tarihsel,wikidata-6360
birim,45160015,Çepnibektaş Köyü,tarihsel,wikidata-6360
birim,45160016,Çepnidere Köyü,tarihsel,wikidata-6360
birim,45160017,Çıkrıkçı Köyü,tarihsel,wikidata-6360
birim,45160019,Dağyeniköy Köyü,tarihsel,wikidata-6360
birim,45160020,Dalbahçe Köyü,tarihsel,wikidata-6360
birim,45160023,Gökgedik Köyü,tarihsel,wikidata-6360
birim,45160024,Güney Köyü,tarihsel,wikidata-6360
birim,45160026,Irlamaz Köyü,tarihsel,wikidata-6360
birim,45160029,İzzettin Köyü,tarihsel,wikidata-6360
birim,45160030,Kabaçınar Köyü,tarihsel,wikidata-6360
birim,45160031,Karaköy Köyü,tarihsel,wikidata-6360
birim,45160032,Karaoluk Köyü,tarihsel,wikidata-6360
birim,45160033,Kayrak Köyü,tarihsel,wikidata-6360
birim,45160035,Kurudere Köyü,tarihsel,wikidata-6360
birim,45160036,Kuşlar Köyü,tarihsel,wikidata-6360
birim,45160037,Musacalı Köyü,tarihsel,wikidata-6360
birim,45160038,Musalaryeniköy Köyü,tarihsel,wikidata-6360
birim,45160040,Ören Köyü,tarihsel,wikidata-6360
birim,45160041,Osmancık Köyü,tarihsel,wikidata-6360
birim,45160043,Sarıbey Köyü,tarihsel,wikidata-6360
birim,45160046,Sinirli Köyü,tarihsel,wikidata-6360
birim,45160047,Sivrice Köyü,tarihsel,wikidata-6360
birim,45160049,Temrek Köyü,tarihsel,wikidata-6360
birim,45160053,Yakuplar Köyü,tarihsel,wikidata-6360
birim,45160054,Yayla Köyü,tarihsel,wikidata-6360
birim,45160057,Yeniköy Köyü,tarihsel,wikidata-6360
birim,45160061,Yunusdere Köyü,tarihsel,wikidata-6360
birim,45170003,Akçaköy Köyü,tarihsel,wikidata-6360
birim,45170004,Akgedik Köyü,tarihsel,wikidata-6360
birim,45170006,Asmacık Köyü,tarihsel,wikidata-6360
birim,45170008,Avdal Köyü,tarihsel,wikidata-6360
birim,45170010,Bağyolu Köyü,tarihsel,wikidata-6360
birim,45170012,Beydere Köyü,tarihsel,wikidata-6360
birim,45170013,Bostanlar Köyü,tarihsel,wikidata-6360
birim,45170014,Büyüksümbüller Köyü,tarihsel,wikidata-6360
birim,45170015,Çamlıca Köyü,tarihsel,wikidata-6360
birim,45170017,Davutlar Köyü,tarihsel,wikidata-6360
birim,45170018,Dazyurt Köyü,tarihsel,wikidata-6360
birim,45170019,Demirci Köyü,tarihsel,wikidata-6360
birim,45170020,Durasıllı Köyü,tarihsel,wikidata-6360
birim,45170021,Düzlen Köyü,tarihsel,wikidata-6360
birim,45170022,Emlakdere Köyü,tarihsel,wikidata-6360
birim,45170023,Evrenos Köyü,tarihsel,wikidata-6360
birim,45170025,Gökçeler Köyü,tarihsel,wikidata-6360
birim,45170026,Gülbahçe Köyü,tarihsel,wikidata-6360
birim,45170027,Gürle Köyü,tarihsel,wikidata-6360
birim,45170030,İlyasçılar Köyü,tarihsel,wikidata-6360
birim,45170031,Karaahmetli Köyü,tarihsel,wikidata-6360
birim,45170032,Karaali Köyü,tarihsel,wikidata-6360
birim,45170033,Karahüseyinli Köyü,tarihsel,wikidata-6360
birim,45170034,Karakılıçlı Köyü,tarihsel,wikidata-6360
birim,45170035,Karakoca Köyü,tarihsel,wikidata-6360
birim,45170036,Karaveliler Köyü,tarihsel,wikidata-6360
birim,45170037,Karayağcıhacılar Köyü,tarihsel,wikidata-6360
birim,45170038,Kayapınar Köyü,tarihsel,wikidata-6360
birim,45170041,Kışlaköy Köyü,tarihsel,wikidata-6360
birim,45170042,Kocakoru Köyü,tarihsel,wikidata-6360
birim,45170043,Koruköy Köyü,tarihsel,wikidata-6360
birim,45170044,Kozaklar Köyü,tarihsel,wikidata-6360
birim,45170045,Küçükbelen Köyü,tarihsel,wikidata-6360
birim,45170046,Küçüksümbüller Köyü,tarihsel,wikidata-6360
birim,45170050,Maldan Köyü,tarihsel,wikidata-6360
birim,45170054,Mollasüleymanlı Köyü,tarihsel,wikidata-6360
birim,45170056,Müslih Köyü,tarihsel,wikidata-6360
birim,45170058,Örencik Köyü,tarihsel,wikidata-6360
birim,45170059,Örselli Köyü,tarihsel,wikidata-6360
birim,45170060,Ortaköy Köyü,tarihsel,wikidata-6360
birim,45170061,Osmancalı Köyü,tarihsel,wikidata-6360
birim,45170062,Otmanlar Köyü,tarihsel,wikidata-6360
birim,45170063,Pelitalan Köyü,tarihsel,wikidata-6360
birim,45170064,Pınarköy Köyü,tarihsel,wikidata-6360
birim,45170065,Recepli Köyü,tarihsel,wikidata-6360
birim,45170066,Sakallı Köyü,tarihsel,wikidata-6360
birim,45170067,Şamar Köyü,tarihsel,wikidata-6360
birim,45170068,Sarıahmetli Köyü,tarihsel,wikidata-6360
birim,45170069,Sarınasuhlar Köyü,tarihsel,wikidata-6360
birim,45170070,Sarma Köyü,tarihsel,wikidata-6360
birim,45170071,Seyitli Köyü,tarihsel,wikidata-6360
birim,45170073,Sümbültepe Köyü,tarihsel,wikidata-6360
birim,45170074,Süngüllü Köyü,tarihsel,wikidata-6360
birim,45170077,Turgutalp Köyü,tarihsel,wikidata-6360
birim,45170078,Türkmen Köyü,tarihsel,wikidata-6360
birim,45170081,Uzunburun Köyü,tarihsel,wikidata-6360
birim,45170082,Uzunlar Köyü,tarihsel,wikidata-6360
birim,45170084,Yaylaköy Köyü,tarihsel,wikidata-6360
birim,45170086,Yuntdağıköseler Köyü,tarihsel,wikidata-6360
birim,45170087,Yuntdağyenice Köyü,tarihsel,wikidata-6360
birim,46010002,Ağcaşar Köyü,tarihsel,wikidata-6360
birim,46010013,Berçenek Köyü,tarihsel,wikidata-6360
birim,46010048,Kötüre Köyü,tarihsel,wikidata-6360
birim,46010049,Kuşkayası Köyü,tarihsel,wikidata-6360
birim,46010058,Söğütderesi Köyü,tarihsel,wikidata-6360
birim,46010060,Tatlar Köyü,tarihsel,wikidata-6360
birim,46010062,Türkçayırı Köyü,tarihsel,wikidata-6360
birim,46020001,Akçakoyunlu Köyü,tarihsel,wikidata-6360
birim,46020002,Akgümüş Köyü,tarihsel,wikidata-6360
birim,46020003,Akifiye Köyü,tarihsel,wikidata-6360
birim,46020004,Alameşe Köyü,tarihsel,wikidata-6360
birim,46020005,Alanlı Köyü,tarihsel,wikidata-6360
birim,46020006,Alınoluk Köyü,tarihsel,wikidata-6360
birim,46020007,Altınboğa Köyü,tarihsel,wikidata-6360
birim,46020008,Altınyayla Köyü,tarihsel,wikidata-6360
birim,46020009,Anacık Köyü,tarihsel,wikidata-6360
birim,46020010,Arıklar Köyü,tarihsel,wikidata-6360
birim,46020011,Başdoğan Köyü,tarihsel,wikidata-6360
birim,46020012,Bektaşlı Köyü,tarihsel,wikidata-6360
birim,46020013,Beşbucak Köyü,tarihsel,wikidata-6360
birim,46020014,Boğazören Köyü,tarihsel,wikidata-6360
birim,46020015,Bostanlı Köyü,tarihsel,wikidata-6360
birim,46020016,Boynuyoğunlu Köyü,tarihsel,wikidata-6360
birim,46020017,Boztopraklı Köyü,tarihsel,wikidata-6360
birim,46020018,Bulgurkaya Köyü,tarihsel,wikidata-6360
birim,46020019,Cambaz Köyü,tarihsel,wikidata-6360
birim,46020020,Camuzluk Köyü,tarihsel,wikidata-6360
birim,46020021,Çiçekli Köyü,tarihsel,wikidata-6360
birim,46020022,Çiğşar Köyü,tarihsel,wikidata-6360
birim,46020023,Çokak Köyü,tarihsel,wikidata-6360
birim,46020024,Çuhadarlı Köyü,tarihsel,wikidata-6360
birim,46020025,Darıovası Köyü,tarihsel,wikidata-6360
birim,46020026,Efirağızlı Köyü,tarihsel,wikidata-6360
birim,46020027,Emirler Köyü,tarihsel,wikidata-6360
birim,46020028,Erenler Köyü,tarihsel,wikidata-6360
birim,46020031,Gökçeli Köyü,tarihsel,wikidata-6360
birim,46020032,Gökgedik Köyü,tarihsel,wikidata-6360
birim,46020033,Hacıveliuşağı Köyü,tarihsel,wikidata-6360
birim,46020034,Kabaağaç Köyü,tarihsel,wikidata-6360
birim,46020035,Kabaklar Köyü,tarihsel,wikidata-6360
birim,46020037,Karapınar Köyü,tarihsel,wikidata-6360
birim,46020038,Kargaçayırı Köyü,tarihsel,wikidata-6360
birim,46020039,Kıyıkçı Köyü,tarihsel,wikidata-6360
birim,46020040,Kızık Köyü,tarihsel,wikidata-6360
birim,46020041,Köklü Köyü,tarihsel,wikidata-6360
birim,46020042,Köleli Köyü,tarihsel,wikidata-6360
birim,46020043,Kumarlı Köyü,tarihsel,wikidata-6360
birim,46020044,Kuzgun Köyü,tarihsel,wikidata-6360
birim,46020045,Orhaniye Köyü,tarihsel,wikidata-6360
birim,46020048,Rifatiye Köyü,tarihsel,wikidata-6360
birim,46020049,Sumaklı Köyü,tarihsel,wikidata-6360
birim,46020050,Tatarlı Köyü,tarihsel,wikidata-6360
birim,46020051,Torun Köyü,tarihsel,wikidata-6360
birim,46020054,Yeniköy Köyü,tarihsel,wikidata-6360
birim,46020057,Yeşilyurt Köyü,tarihsel,wikidata-6360
birim,46030004,Bölükdamlar Köyü,tarihsel,wikidata-6360
birim,46030005,Boylu Köyü,tarihsel,wikidata-6360
birim,46030007,Emiruşağı Köyü,tarihsel,wikidata-6360
birim,46030014,Kale Köyü,tarihsel,wikidata-6360
birim,46030015,Küçükcerit Köyü,tarihsel,wikidata-6360
birim,46030016,Küçüküngüt Köyü,tarihsel,wikidata-6360
birim,46030017,Oruçpınar Köyü,tarihsel,wikidata-6360
birim,46030018,Soğukpınar Köyü,tarihsel,wikidata-6360
birim,46030019,Zeynepuşağı Köyü,tarihsel,wikidata-6360
birim,46040001,Abbaslar Köyü,tarihsel,wikidata-6360
birim,46040002,Ağabeyli Köyü,tarihsel,wikidata-6360
birim,46040003,Sanayi,semt,ptt-semt
birim,46040004,Akyar Köyü,tarihsel,wikidata-6360
birim,46040006,Arslanbey Çiftliği Köyü,tarihsel,wikidata-6360
birim,46040008,Ayaklıcaoluk Köyü,tarihsel,wikidata-6360
birim,46040009,Sanayi,semt,ptt-semt
birim,46040010,Bahçeli Köyü,tarihsel,wikidata-6360
birim,46040011,Sanayi,semt,ptt-semt
birim,46040013,Başdevrişli Köyü,tarihsel,wikidata-6360
birim,46040016,Beşenli Köyü,tarihsel,wikidata-6360
birim,46040017,Boyalı Köyü,tarihsel,wikidata-6360
birim,46040018,Budaklı Köyü,tarihsel,wikidata-6360
birim,46040019,Bulanık Köyü,tarihsel,wikidata-6360
birim,46040020,Çatmayayla Köyü,tarihsel,wikidata-6360
birim,46040021,Çiğli Köyü,tarihsel,wikidata-6360
birim,46040022,Çınarlı Köyü,tarihsel,wikidata-6360
birim,46040023,Çobanlı Köyü,tarihsel,wikidata-6360
birim,46040024,Çokyaşar Köyü,tarihsel,wikidata-6360
birim,46040025,Demirciler Köyü,tarihsel,wikidata-6360
birim,46040026,Denizli Köyü,tarihsel,wikidata-6360
birim,46040027,Dereköy Köyü,tarihsel,wikidata-6360
birim,46040028,Dereli Köyü,tarihsel,wikidata-6360
birim,46040029,Adliye,semt,ptt-semt
birim,46040030,Doğanlıkarahasan Köyü,tarihsel,wikidata-6360
birim,46040032,Sanayi,semt,ptt-semt
birim,46040034,Sanayi,semt,ptt-semt
birim,46040035,Ekberoğlu Köyü,tarihsel,wikidata-6360
birim,46040036,Adliye,semt,ptt-semt
birim,46040037,Elmalar Köyü,tarihsel,wikidata-6360
birim,46040038,Sanayi,semt,ptt-semt
birim,46040039,Eskinarlı Köyü,tarihsel,wikidata-6360
birim,46040040,Sanayi,semt,ptt-semt
birim,46040042,Gaffarlı Köyü,tarihsel,wikidata-6360
birim,46040044,Sanayi,semt,ptt-semt
birim,46040047,Güzelyurt Köyü,tarihsel,wikidata-6360
birim,46040048,Hacıeyüplü Köyü,tarihsel,wikidata-6360
birim,46040049,Halkaçayırı Köyü,tarihsel,wikidata-6360
birim,46040050,Adliye,semt,ptt-semt
birim,46040051,Adliye,semt,ptt-semt
birim,46040052,Sanayi,semt,ptt-semt
birim,46040053,Kabasakal Köyü,tarihsel,wikidata-6360
birim,46040054,Sanayi,semt,ptt-semt
birim,46040055,Kapıçam Köyü,tarihsel,wikidata-6360
birim,46040056,Sanayi,semt,ptt-semt
birim,46040057,Sanayi,semt,ptt-semt
birim,46040058,Sanayi,semt,ptt-semt
birim,46040059,Sanayi,semt,ptt-semt
birim,46040060,Sanayi,semt,ptt-semt
birim,46040061,Karamanlı Köyü,tarihsel,wikidata-6360
birim,46040062,Sanayi,semt,ptt-semt
birim,46040063,Kartal Köyü,tarihsel,wikidata-6360
birim,46040065,Kazanlıpınar Köyü,tarihsel,wikidata-6360
birim,46040066,Kemallı Köyü,tarihsel,wikidata-6360
birim,46040067,Kılağlı Köyü,tarihsel,wikidata-6360
birim,46040069,Kozludere Köyü,tarihsel,wikidata-6360
birim,46040070,Küçüknacar Köyü,tarihsel,wikidata-6360
birim,46040071,Küpelikız Köyü,tarihsel,wikidata-6360
birim,46040072,Adliye,semt,ptt-semt
birim,46040073,Kuzucak Köyü,tarihsel,wikidata-6360
birim,46040074,Maksutuşağı Köyü,tarihsel,wikidata-6360
birim,46040075,Sanayi,semt,ptt-semt
birim,46040076,Adliye,semt,ptt-semt
birim,46040077,Sanayi,semt,ptt-semt
birim,46040078,Navruzlu Köyü,tarihsel,wikidata-6360
birim,46040079,Öksüzlü Köyü,tarihsel,wikidata-6360
birim,46040081,Peynirdere Köyü,tarihsel,wikidata-6360
birim,46040082,Pınarbaşı Köyü,tarihsel,wikidata-6360
birim,46040083,Adliye,semt,ptt-semt
birim,46040084,Sarıkaya Köyü,tarihsel,wikidata-6360
birim,46040086,Şerefoğlu Köyü,tarihsel,wikidata-6360
birim,46040087,Sanayi,semt,ptt-semt
birim,46040088,Sanayi,semt,ptt-semt
birim,46040089,Seyrantepe Köyü,tarihsel,wikidata-6360
birim,46040090,Sivricehüyük Köyü,tarihsel,wikidata-6360
birim,46040091,Söğütlü Köyü,tarihsel,wikidata-6360
birim,46040092,Sanayi,semt,ptt-semt
birim,46040094,Tevekkelli Köyü,tarihsel,wikidata-6360
birim,46040095,Adliye,semt,ptt-semt
birim,46040096,Ulutaş Köyü,tarihsel,wikidata-6360
birim,46040098,Sanayi,semt,ptt-semt
birim,46040099,Adliye,semt,ptt-semt
birim,46040100,Yenipınar Köyü,tarihsel,wikidata-6360
birim,46040101,Yeniyurt Köyü,tarihsel,wikidata-6360
birim,46040103,Yusufhacılı Köyü,tarihsel,wikidata-6360
birim,46050001,Akpınar Köyü,tarihsel,wikidata-6360
birim,46050004,Anbar Köyü,tarihsel,wikidata-6360
birim,46050005,Ataköy Köyü,tarihsel,wikidata-6360
birim,46050007,Çiftlikkale Köyü,tarihsel,wikidata-6360
birim,46050008,Demirlik Köyü,tarihsel,wikidata-6360
birim,46050009,Gaziler Köyü,tarihsel,wikidata-6360
birim,46050010,Gözpınar Köyü,tarihsel,wikidata-6360
birim,46050012,Kabaktepe Köyü,tarihsel,wikidata-6360
birim,46050014,Kürtül Köyü,tarihsel,wikidata-6360
birim,46050016,Ortaören Köyü,tarihsel,wikidata-6360
birim,46050018,Soysallı Köyü,tarihsel,wikidata-6360
birim,46050020,Türkmenler Köyü,tarihsel,wikidata-6360
birim,46050021,Yeniköy Köyü,tarihsel,wikidata-6360
birim,46070001,Acıelma Köyü,tarihsel,wikidata-6360
birim,46070002,Ahmetcik Köyü,tarihsel,wikidata-6360
birim,46070003,Alıçlıbucak Köyü,tarihsel,wikidata-6360
birim,46070004,Altınoba Köyü,tarihsel,wikidata-6360
birim,46070010,Büyükçamurlu Köyü,tarihsel,wikidata-6360
birim,46070012,Çağlayan Köyü,tarihsel,wikidata-6360
birim,46070013,Çamdere Köyü,tarihsel,wikidata-6360
birim,46070017,Doğankonak Köyü,tarihsel,wikidata-6360
birim,46070018,Elmalı Köyü,tarihsel,wikidata-6360
birim,46070020,Esenköy Köyü,tarihsel,wikidata-6360
birim,46070021,Fındık Köyü,tarihsel,wikidata-6360
birim,46070022,Fındıklıkoyak Köyü,tarihsel,wikidata-6360
birim,46070025,Gücüksu Köyü,tarihsel,wikidata-6360
birim,46070028,Hacıkodal Köyü,tarihsel,wikidata-6360
birim,46070029,Hacımirza Köyü,tarihsel,wikidata-6360
birim,46070030,Hacıömer Köyü,tarihsel,wikidata-6360
birim,46070032,Huğtaş Köyü,tarihsel,wikidata-6360
birim,46070033,Kale Köyü,tarihsel,wikidata-6360
birim,46070034,Kaleboynu Köyü,tarihsel,wikidata-6360
birim,46070035,Kamışcık Köyü,tarihsel,wikidata-6360
birim,46070037,Karaahmet Köyü,tarihsel,wikidata-6360
birim,46070038,Karaömer Köyü,tarihsel,wikidata-6360
birim,46070040,Kavşut Köyü,tarihsel,wikidata-6360
birim,46070042,Kazandere Köyü,tarihsel,wikidata-6360
birim,46070043,Keklikoluk Köyü,tarihsel,wikidata-6360
birim,46070044,Kemalpaşa Köyü,tarihsel,wikidata-6360
birim,46070045,Kınıkkoz Köyü,tarihsel,wikidata-6360
birim,46070046,Kireç Köyü,tarihsel,wikidata-6360
birim,46070047,Kızılöz Köyü,tarihsel,wikidata-6360
birim,46070050,Korkmaz Köyü,tarihsel,wikidata-6360
birim,46070051,Küçükçamurlu Köyü,tarihsel,wikidata-6360
birim,46070053,Mahmutbey Köyü,tarihsel,wikidata-6360
birim,46070054,Mehmetbey Köyü,tarihsel,wikidata-6360
birim,46070056,Ortatepe Köyü,tarihsel,wikidata-6360
birim,46070057,Payamburnu Köyü,tarihsel,wikidata-6360
birim,46070059,Saraycık Köyü,tarihsel,wikidata-6360
birim,46070060,Sırmalı Köyü,tarihsel,wikidata-6360
birim,46070061,Soğukpınar Köyü,tarihsel,wikidata-6360
birim,46070062,Tahirbey Köyü,tarihsel,wikidata-6360
birim,46070064,Temürağa Köyü,tarihsel,wikidata-6360
birim,46070066,Tombak Köyü,tarihsel,wikidata-6360
birim,46070067,Yağmurlu Köyü,tarihsel,wikidata-6360
birim,46070068,Yantepe Köyü,tarihsel,wikidata-6360
birim,46070070,Yeniyapan Köyü,tarihsel,wikidata-6360
birim,46070071,Yeşilköy Köyü,tarihsel,wikidata-6360
birim,46070072,Yiricek Köyü,tarihsel,wikidata-6360
birim,46070073,Yoğunoluk Köyü,tarihsel,wikidata-6360
birim,46080001,Ağcaşar Köyü,tarihsel,wikidata-6360
birim,46080004,Biçin Köyü,tarihsel,wikidata-6360
birim,46080015,Umutlu Köyü,tarihsel,wikidata-6360
birim,46090007,Avcılar Köyü,tarihsel,wikidata-6360
birim,46090008,Avgasır Köyü,tarihsel,wikidata-6360
birim,46090009,Avşar Köyü,tarihsel,wikidata-6360
birim,46090010,Ayşepınarı Köyü,tarihsel,wikidata-6360
birim,46090011,Hacıbayram,semt,ptt-semt
birim,46090013,Beşen Köyü,tarihsel,wikidata-6360
birim,46090016,Bulutoğlu Köyü,tarihsel,wikidata-6360
birim,46090017,Büyüksır Köyü,tarihsel,wikidata-6360
birim,46090018,Çağırkan Köyü,tarihsel,wikidata-6360
birim,46090019,Çağlayan Köyü,tarihsel,wikidata-6360
birim,46090020,Çakırdere Köyü,tarihsel,wikidata-6360
birim,46090022,Çamlıbel Köyü,tarihsel,wikidata-6360
birim,46090025,Çevrepınar Köyü,tarihsel,wikidata-6360
birim,46090027,Çokran Köyü,tarihsel,wikidata-6360
birim,46090028,Cüceli Köyü,tarihsel,wikidata-6360
birim,46090029,Çukurhisar Köyü,tarihsel,wikidata-6360
birim,46090031,Dadağlı Köyü,tarihsel,wikidata-6360
birim,46090032,Demrek Köyü,tarihsel,wikidata-6360
birim,46090033,Dereboğazı Köyü,tarihsel,wikidata-6360
birim,46090034,Döngel Köyü,tarihsel,wikidata-6360
birim,46090036,Dönüklü Köyü,tarihsel,wikidata-6360
birim,46090037,Hacıbayram,semt,ptt-semt
birim,46090038,Hacıbayram,semt,ptt-semt
birim,46090041,Hacıbayram,semt,ptt-semt
birim,46090044,Hacıbayram,semt,ptt-semt
birim,46090045,Hacıağlar Köyü,tarihsel,wikidata-6360
birim,46090046,Hacıbudak Köyü,tarihsel,wikidata-6360
birim,46090047,Hacıibrahimuşağı Köyü,tarihsel,wikidata-6360
birim,46090048,Hacılar Köyü,tarihsel,wikidata-6360
birim,46090049,Hacımustafa Köyü,tarihsel,wikidata-6360
birim,46090050,Hacınınoğlu Köyü,tarihsel,wikidata-6360
birim,46090051,Hartlap Köyü,tarihsel,wikidata-6360
birim,46090052,Hasancıklı Köyü,tarihsel,wikidata-6360
birim,46090054,Hacıbayram,semt,ptt-semt
birim,46090057,İsmailli Köyü,tarihsel,wikidata-6360
birim,46090059,Kalakaya Köyü,tarihsel,wikidata-6360
birim,46090061,Kapıkaya Köyü,tarihsel,wikidata-6360
birim,46090062,Hacıbayram,semt,ptt-semt
birim,46090066,Kaynar Köyü,tarihsel,wikidata-6360
birim,46090068,Kerimli Köyü,tarihsel,wikidata-6360
birim,46090069,Kertmen Köyü,tarihsel,wikidata-6360
birim,46090070,Kılavuzlu Köyü,tarihsel,wikidata-6360
birim,46090071,Kısıklı Köyü,tarihsel,wikidata-6360
birim,46090072,Kızıldamlar Köyü,tarihsel,wikidata-6360
birim,46090073,Kızılseki Köyü,tarihsel,wikidata-6360
birim,46090074,Köseli Köyü,tarihsel,wikidata-6360
birim,46090075,Köşürge Köyü,tarihsel,wikidata-6360
birim,46090076,Kozcağız Köyü,tarihsel,wikidata-6360
birim,46090077,Küçüksır Köyü,tarihsel,wikidata-6360
birim,46090078,Kumarlı Köyü,tarihsel,wikidata-6360
birim,46090080,Kümperli Köyü,tarihsel,wikidata-6360
birim,46090081,Kurtlar Köyü,tarihsel,wikidata-6360
birim,46090083,Kurucaova Köyü,tarihsel,wikidata-6360
birim,46090086,Maksutlu Köyü,tarihsel,wikidata-6360
birim,46090087,Hacıbayram,semt,ptt-semt
birim,46090089,Hacıbayram,semt,ptt-semt
birim,46090091,Hacıbayram,semt,ptt-semt
birim,46090092,Muratlı Köyü,tarihsel,wikidata-6360
birim,46090095,Orhangazi Köyü,tarihsel,wikidata-6360
birim,46090096,Hacıbayram,semt,ptt-semt
birim,46090097,Öşlü Köyü,tarihsel,wikidata-6360
birim,46090099,Öztürk Köyü,tarihsel,wikidata-6360
birim,46090101,Hacıbayram,semt,ptt-semt
birim,46090102,Rahmacılar Köyü,tarihsel,wikidata-6360
birim,46090105,Sadıklı Köyü,tarihsel,wikidata-6360
birim,46090107,Sarıçukur Köyü,tarihsel,wikidata-6360
birim,46090108,Sarıgüzel Köyü,tarihsel,wikidata-6360
birim,46090109,Sarımollalı Köyü,tarihsel,wikidata-6360
birim,46090111,Hacıbayram,semt,ptt-semt
birim,46090115,Selimiye Köyü,tarihsel,wikidata-6360
birim,46090117,Suçatı Köyü,tarihsel,wikidata-6360
birim,46090118,Süleymanlı Köyü,tarihsel,wikidata-6360
birim,46090120,Suluyayla Köyü,tarihsel,wikidata-6360
birim,46090123,Tekir Köyü,tarihsel,wikidata-6360
birim,46090124,Topçalı Köyü,tarihsel,wikidata-6360
birim,46090125,Üngüt Köyü,tarihsel,wikidata-6360
birim,46090126,Hacıbayram,semt,ptt-semt
birim,46090128,Yenicekale Köyü,tarihsel,wikidata-6360
birim,46090129,Yenidemir Köyü,tarihsel,wikidata-6360
birim,46090130,Yeniyapan Köyü,tarihsel,wikidata-6360
birim,46090133,Yolyanı Köyü,tarihsel,wikidata-6360
birim,46090136,Hacıbayram,semt,ptt-semt
birim,46090137,Zeytindere Köyü,tarihsel,wikidata-6360
birim,46100003,Akcakoyunlu Köyü,tarihsel,wikidata-6360
birim,46100004,Akçalar Köyü,tarihsel,wikidata-6360
birim,46100005,Akdemir Köyü,tarihsel,wikidata-6360
birim,46100006,Armutlu Köyü,tarihsel,wikidata-6360
birim,46100007,Aşağımülk Köyü,tarihsel,wikidata-6360
birim,46100009,Beşçeşme Köyü,tarihsel,wikidata-6360
birim,46100010,Bölükçam Köyü,tarihsel,wikidata-6360
birim,46100014,Çamlıca Köyü,tarihsel,wikidata-6360
birim,46100017,Çiçek Köyü,tarihsel,wikidata-6360
birim,46100018,Çiçekalanı Köyü,tarihsel,wikidata-6360
birim,46100020,Cimikanlı Köyü,tarihsel,wikidata-6360
birim,46100021,Çöçelli Köyü,tarihsel,wikidata-6360
birim,46100022,Damlataş Köyü,tarihsel,wikidata-6360
birim,46100023,Dedepaşa Köyü,tarihsel,wikidata-6360
birim,46100024,Eğlen Köyü,tarihsel,wikidata-6360
birim,46100025,Eğrice Köyü,tarihsel,wikidata-6360
birim,46100026,Emiroğlu Köyü,tarihsel,wikidata-6360
birim,46100030,Ganidağıketiler Köyü,tarihsel,wikidata-6360
birim,46100031,Göçer Köyü,tarihsel,wikidata-6360
birim,46100032,Göynük Köyü,tarihsel,wikidata-6360
birim,46100033,Hanobası Köyü,tarihsel,wikidata-6360
birim,46100034,Harmancık Köyü,tarihsel,wikidata-6360
birim,46100035,Hasankoca Köyü,tarihsel,wikidata-6360
birim,46100036,Hürriyet Köyü,tarihsel,wikidata-6360
birim,46100037,İncirli Köyü,tarihsel,wikidata-6360
birim,46100038,Kadıncık Köyü,tarihsel,wikidata-6360
birim,46100039,Karaağaç Köyü,tarihsel,wikidata-6360
birim,46100040,Karabıyıklı Köyü,tarihsel,wikidata-6360
birim,46100041,Karaçay Köyü,tarihsel,wikidata-6360
birim,46100042,Karagöl Köyü,tarihsel,wikidata-6360
birim,46100043,Karahüyük Köyü,tarihsel,wikidata-6360
birim,46100044,Keleş Köyü,tarihsel,wikidata-6360
birim,46100045,Kizirli Köyü,tarihsel,wikidata-6360
birim,46100046,Kızkapanlı Köyü,tarihsel,wikidata-6360
birim,46100047,Kuzeykent Köyü,tarihsel,wikidata-6360
birim,46100050,Memişkahya Köyü,tarihsel,wikidata-6360
birim,46100052,Mezere Köyü,tarihsel,wikidata-6360
birim,46100053,Musolar Köyü,tarihsel,wikidata-6360
birim,46100057,Nefsidoğanlı Köyü,tarihsel,wikidata-6360
birim,46100058,Ördekdede Köyü,tarihsel,wikidata-6360
birim,46100059,Osmandede Köyü,tarihsel,wikidata-6360
birim,46100060,Sadakalar Köyü,tarihsel,wikidata-6360
birim,46100061,Şahintepe Köyü,tarihsel,wikidata-6360
birim,46100062,Sakarkaya Köyü,tarihsel,wikidata-6360
birim,46100063,Sallıuşağı Köyü,tarihsel,wikidata-6360
birim,46100064,Salmanıpak Köyü,tarihsel,wikidata-6360
birim,46100065,Salmanlı Köyü,tarihsel,wikidata-6360
birim,46100066,Sarıerik Köyü,tarihsel,wikidata-6360
birim,46100067,Sarıl Köyü,tarihsel,wikidata-6360
birim,46100069,Soku Köyü,tarihsel,wikidata-6360
birim,46100070,Sultanlar Köyü,tarihsel,wikidata-6360
birim,46100071,Taşdemir Köyü,tarihsel,wikidata-6360
birim,46100072,Tetirlik Köyü,tarihsel,wikidata-6360
birim,46100073,Tilkiler Köyü,tarihsel,wikidata-6360
birim,46100074,Turunçlu Köyü,tarihsel,wikidata-6360
birim,46100075,Ufacıklı Köyü,tarihsel,wikidata-6360
birim,46100076,Ulubahçe Köyü,tarihsel,wikidata-6360
birim,46100077,Yarbaşı Köyü,tarihsel,wikidata-6360
birim,46100079,Yiğitler Köyü,tarihsel,wikidata-6360
birim,46100080,Yolboyu Köyü,tarihsel,wikidata-6360
birim,46100081,Yukarıhöcüklü Köyü,tarihsel,wikidata-6360
birim,46100082,Yukarımülk Köyü,tarihsel,wikidata-6360
birim,46110001,Akçalı Köyü,tarihsel,wikidata-6360
birim,46110002,Avşarlı Köyü,tarihsel,wikidata-6360
birim,46110003,Aydınkavak Köyü,tarihsel,wikidata-6360
birim,46110004,Bayramgazi Köyü,tarihsel,wikidata-6360
birim,46110006,Çakallıçullu Köyü,tarihsel,wikidata-6360
birim,46110007,Çakallıhasanağa Köyü,tarihsel,wikidata-6360
birim,46110008,Çakıroğlu Köyü,tarihsel,wikidata-6360
birim,46110009,Ceceli Köyü,tarihsel,wikidata-6360
birim,46110010,Cennetpınarı Köyü,tarihsel,wikidata-6360
birim,46110011,Çobantepe Köyü,tarihsel,wikidata-6360
birim,46110013,Dedeler Köyü,tarihsel,wikidata-6360
birim,46110014,Doluca Köyü,tarihsel,wikidata-6360
birim,46110018,Güllühüyük Köyü,tarihsel,wikidata-6360
birim,46110019,Hacıbebek Köyü,tarihsel,wikidata-6360
birim,46110020,Hopurlu Köyü,tarihsel,wikidata-6360
birim,46110021,İmalı Köyü,tarihsel,wikidata-6360
birim,46110023,Kadıoğluçiftliği Köyü,tarihsel,wikidata-6360
birim,46110024,Kaledibi Köyü,tarihsel,wikidata-6360
birim,46110025,Kelibişler Köyü,tarihsel,wikidata-6360
birim,46110027,Kırmakaya Köyü,tarihsel,wikidata-6360
birim,46110028,Kızıleniş Köyü,tarihsel,wikidata-6360
birim,46110029,Küçükimalı Köyü,tarihsel,wikidata-6360
birim,46110030,Kumçatı Köyü,tarihsel,wikidata-6360
birim,46110031,Kuyumcular Köyü,tarihsel,wikidata-6360
birim,46110032,Minehüyük Köyü,tarihsel,wikidata-6360
birim,46110033,Önsenhopuru Köyü,tarihsel,wikidata-6360
birim,46110034,Özbek Köyü,tarihsel,wikidata-6360
birim,46110035,Pınarhüyük Köyü,tarihsel,wikidata-6360
birim,46110037,Tahtalıdedeler Köyü,tarihsel,wikidata-6360
birim,46110038,Uzunsöğüt Köyü,tarihsel,wikidata-6360
birim,46110039,Yavuzlar Köyü,tarihsel,wikidata-6360
birim,46110040,Yeniköy Köyü,tarihsel,wikidata-6360
birim,46110041,Yenipınar Köyü,tarihsel,wikidata-6360
birim,46110043,Yeşilyurt Köyü,tarihsel,wikidata-6360
birim,46110044,Yolderesi Köyü,tarihsel,wikidata-6360
birim,47010002,Acar Köyü,tarihsel,wikidata-6360
birim,47010003,Ahmetli Köyü,tarihsel,wikidata-6360
birim,47010004,Akbağ Köyü,tarihsel,wikidata-6360
birim,47010005,Akıncı Köyü,tarihsel,wikidata-6360
birim,47010006,Alakuş Köyü,tarihsel,wikidata-6360
birim,47010007,Alımlı Köyü,tarihsel,wikidata-6360
birim,47010008,Ambar Köyü,tarihsel,wikidata-6360
birim,47010009,Aran Köyü,tarihsel,wikidata-6360
birim,47010010,Arpatepe Köyü,tarihsel,wikidata-6360
birim,47010011,Aşağıyeniköy Köyü,tarihsel,wikidata-6360
birim,47010012,Avcılar Köyü,tarihsel,wikidata-6360
birim,47010013,Aytepe Köyü,tarihsel,wikidata-6360
birim,47010014,Bağlıca Köyü,tarihsel,wikidata-6360
birim,47010015,Boztepe Köyü,tarihsel,wikidata-6360
birim,47010016,Buğday Köyü,tarihsel,wikidata-6360
birim,47010018,Çağlar Köyü,tarihsel,wikidata-6360
birim,47010019,Çalışlı Köyü,tarihsel,wikidata-6360
birim,47010020,Çatak Köyü,tarihsel,wikidata-6360
birim,47010021,Çayırpınar Köyü,tarihsel,wikidata-6360
birim,47010022,Cevizlik Köyü,tarihsel,wikidata-6360
birim,47010023,Cevizpınarı Köyü,tarihsel,wikidata-6360
birim,47010024,Çiftlikköy Köyü,tarihsel,wikidata-6360
birim,47010025,Çıplaktepe Köyü,tarihsel,wikidata-6360
birim,47010026,Çukuryurt Köyü,tarihsel,wikidata-6360
birim,47010028,Dara Köyü,tarihsel,wikidata-6360
birim,47010029,Dibektaş Köyü,tarihsel,wikidata-6360
birim,47010031,Düzlük Köyü,tarihsel,wikidata-6360
birim,47010032,Elmabahçe Köyü,tarihsel,wikidata-6360
birim,47010035,Eroğlu Köyü,tarihsel,wikidata-6360
birim,47010036,Eryeri Köyü,tarihsel,wikidata-6360
birim,47010037,Esentepe Köyü,tarihsel,wikidata-6360
birim,47010038,Eskikale Köyü,tarihsel,wikidata-6360
birim,47010040,Göllü Köyü,tarihsel,wikidata-6360
birim,47010042,Güneyli Köyü,tarihsel,wikidata-6360
birim,47010043,Gürağaç Köyü,tarihsel,wikidata-6360
birim,47010045,Hatunlu Köyü,tarihsel,wikidata-6360
birim,47010046,Haydar Köyü,tarihsel,wikidata-6360
birim,47010047,Hüyüklü Köyü,tarihsel,wikidata-6360
birim,47010050,Karademir Köyü,tarihsel,wikidata-6360
birim,47010052,Konaklı Köyü,tarihsel,wikidata-6360
birim,47010054,Küçükköy Köyü,tarihsel,wikidata-6360
birim,47010055,Kumlu Köyü,tarihsel,wikidata-6360
birim,47010056,Kuyulu Köyü,tarihsel,wikidata-6360
birim,47010064,Özlüce Köyü,tarihsel,wikidata-6360
birim,47010065,Sakalar Köyü,tarihsel,wikidata-6360
birim,47010070,Sulak Köyü,tarihsel,wikidata-6360
birim,47010071,Sultanköy Köyü,tarihsel,wikidata-6360
birim,47010072,Tandır Köyü,tarihsel,wikidata-6360
birim,47010074,Tilkitepe Köyü,tarihsel,wikidata-6360
birim,47010075,Tozan Köyü,tarihsel,wikidata-6360
birim,47010078,Yardere Köyü,tarihsel,wikidata-6360
birim,47010079,Yayla Köyü,tarihsel,wikidata-6360
birim,47010080,Yaylabaşı Köyü,tarihsel,wikidata-6360
birim,47010081,Yaylacık Köyü,tarihsel,wikidata-6360
birim,47010082,Yaylı Köyü,tarihsel,wikidata-6360
birim,47010083,Yenice Köyü,tarihsel,wikidata-6360
birim,47010085,Yeniköy Köyü,tarihsel,wikidata-6360
birim,47010087,Yolbaşı Köyü,tarihsel,wikidata-6360
birim,47010088,Yüce Köyü,tarihsel,wikidata-6360
birim,47010089,Yukarıaydınlı Köyü,tarihsel,wikidata-6360
birim,47010090,Yukarıhatunlu Köyü,tarihsel,wikidata-6360
birim,47010091,Yukarıyeniköy Köyü,tarihsel,wikidata-6360
birim,47020001,Akçaköy Köyü,tarihsel,wikidata-6360
birim,47020002,Akyol Köyü,tarihsel,wikidata-6360
birim,47020003,Alayunt Köyü,tarihsel,wikidata-6360
birim,47020004,Altınoluk Köyü,tarihsel,wikidata-6360
birim,47020005,Altıyol Köyü,tarihsel,wikidata-6360
birim,47020006,Bağözü Köyü,tarihsel,wikidata-6360
birim,47020008,Batur Köyü,tarihsel,wikidata-6360
birim,47020010,Beğendi Köyü,tarihsel,wikidata-6360
birim,47020011,Belen Köyü,tarihsel,wikidata-6360
birim,47020012,Bostanlı Köyü,tarihsel,wikidata-6360
birim,47020013,Çatalan Köyü,tarihsel,wikidata-6360
birim,47020014,Çatalçam Köyü,tarihsel,wikidata-6360
birim,47020015,Çavuşlu Köyü,tarihsel,wikidata-6360
birim,47020016,Çelikköy Köyü,tarihsel,wikidata-6360
birim,47020017,Çukurdere Köyü,tarihsel,wikidata-6360
birim,47020018,Değerli Köyü,tarihsel,wikidata-6360
birim,47020019,Gürgen Köyü,tarihsel,wikidata-6360
birim,47020020,Gürışık Köyü,tarihsel,wikidata-6360
birim,47020021,Ilısu Köyü,tarihsel,wikidata-6360
birim,47020022,Karabayır Köyü,tarihsel,wikidata-6360
birim,47020023,Kartalkaya Köyü,tarihsel,wikidata-6360
birim,47020025,Kısmetli Köyü,tarihsel,wikidata-6360
birim,47020026,Korucu Köyü,tarihsel,wikidata-6360
birim,47020027,Kumdere Köyü,tarihsel,wikidata-6360
birim,47020028,Kuşluca Köyü,tarihsel,wikidata-6360
birim,47020029,Ormaniçi Köyü,tarihsel,wikidata-6360
birim,47020032,Suçatı Köyü,tarihsel,wikidata-6360
birim,47020034,Tanyeri Köyü,tarihsel,wikidata-6360
birim,47020035,Tavşanlı Köyü,tarihsel,wikidata-6360
birim,47020036,Temelli Köyü,tarihsel,wikidata-6360
birim,47020038,Ulaş Köyü,tarihsel,wikidata-6360
birim,47020039,Yanılmaz Köyü,tarihsel,wikidata-6360
birim,47020040,Yılmaz Köyü,tarihsel,wikidata-6360
birim,47020041,Yoncalı Köyü,tarihsel,wikidata-6360
birim,47030001,Adak Köyü,tarihsel,wikidata-6360
birim,47030002,Adakent Köyü,tarihsel,wikidata-6360
birim,47030003,Ahmetli Köyü,tarihsel,wikidata-6360
birim,47030004,Akçay Köyü,tarihsel,wikidata-6360
birim,47030005,Akıncılar Köyü,tarihsel,wikidata-6360
birim,47030006,Alagöz Köyü,tarihsel,wikidata-6360
birim,47030007,Alanlı Köyü,tarihsel,wikidata-6360
birim,47030008,Alibey Köyü,tarihsel,wikidata-6360
birim,47030009,Ambarlı Köyü,tarihsel,wikidata-6360
birim,47030010,Aşağımezra Köyü,tarihsel,wikidata-6360
birim,47030011,Atlı Köyü,tarihsel,wikidata-6360
birim,47030012,Aydınlar Köyü,tarihsel,wikidata-6360
birim,47030013,Bağarası Köyü,tarihsel,wikidata-6360
birim,47030015,Ballı Köyü,tarihsel,wikidata-6360
birim,47030016,Balova Köyü,tarihsel,wikidata-6360
birim,47030017,Başaran Köyü,tarihsel,wikidata-6360
birim,47030018,Bayırköy Köyü,tarihsel,wikidata-6360
birim,47030019,Bayraklı Köyü,tarihsel,wikidata-6360
birim,47030020,Beşbudak Köyü,tarihsel,wikidata-6360
birim,47030021,Böğrek Köyü,tarihsel,wikidata-6360
birim,47030022,Boyaklı Köyü,tarihsel,wikidata-6360
birim,47030023,Bozbayır Köyü,tarihsel,wikidata-6360
birim,47030024,Bozok Köyü,tarihsel,wikidata-6360
birim,47030025,Burçköy Köyü,tarihsel,wikidata-6360
birim,47030026,Çadırlı Köyü,tarihsel,wikidata-6360
birim,47030027,Çağıl Köyü,tarihsel,wikidata-6360
birim,47030028,Çataltepe Köyü,tarihsel,wikidata-6360
birim,47030029,Çayköy Köyü,tarihsel,wikidata-6360
birim,47030031,Çukursu Köyü,tarihsel,wikidata-6360
birim,47030033,Demirli Köyü,tarihsel,wikidata-6360
birim,47030034,Denktaş Köyü,tarihsel,wikidata-6360
birim,47030035,Derinsu Köyü,tarihsel,wikidata-6360
birim,47030036,Dikmen Köyü,tarihsel,wikidata-6360
birim,47030037,Doğancı Köyü,tarihsel,wikidata-6360
birim,47030038,Dumanlı Köyü,tarihsel,wikidata-6360
birim,47030039,Dumluca Köyü,tarihsel,wikidata-6360
birim,47030040,Düztaş Köyü,tarihsel,wikidata-6360
birim,47030041,Göktaş Köyü,tarihsel,wikidata-6360
birim,47030042,Gölbaşı Köyü,tarihsel,wikidata-6360
birim,47030044,Hisaraltı Köyü,tarihsel,wikidata-6360
birim,47030045,Ilıca Köyü,tarihsel,wikidata-6360
birim,47030046,İncesu Köyü,tarihsel,wikidata-6360
birim,47030047,Issız Köyü,tarihsel,wikidata-6360
birim,47030049,Kanatlı Köyü,tarihsel,wikidata-6360
birim,47030050,Karaburun Köyü,tarihsel,wikidata-6360
birim,47030051,Karataş Köyü,tarihsel,wikidata-6360
birim,47030052,Kayacık Köyü,tarihsel,wikidata-6360
birim,47030053,Kocatepe Köyü,tarihsel,wikidata-6360
birim,47030054,Koçyiğit Köyü,tarihsel,wikidata-6360
birim,47030055,Konak Köyü,tarihsel,wikidata-6360
birim,47030056,Konuk Köyü,tarihsel,wikidata-6360
birim,47030057,Köseveli Köyü,tarihsel,wikidata-6360
birim,47030058,Kovalı Köyü,tarihsel,wikidata-6360
birim,47030059,Kovanlı Köyü,tarihsel,wikidata-6360
birim,47030061,Kuruçay Köyü,tarihsel,wikidata-6360
birim,47030062,Kuşçu Köyü,tarihsel,wikidata-6360
birim,47030063,Kutluca Köyü,tarihsel,wikidata-6360
birim,47030064,Kuyulu Köyü,tarihsel,wikidata-6360
birim,47030065,Meşeli Köyü,tarihsel,wikidata-6360
birim,47030066,Ortaca Köyü,tarihsel,wikidata-6360
birim,47030067,Pınarcık Köyü,tarihsel,wikidata-6360
birim,47030068,Pirinçli Köyü,tarihsel,wikidata-6360
birim,47030069,Şahverdi Köyü,tarihsel,wikidata-6360
birim,47030070,Şerefli Köyü,tarihsel,wikidata-6360
birim,47030071,Soğukkuyu Köyü,tarihsel,wikidata-6360
birim,47030072,Söğütözü Köyü,tarihsel,wikidata-6360
birim,47030073,Subaşı Köyü,tarihsel,wikidata-6360
birim,47030074,Taşıt Köyü,tarihsel,wikidata-6360
birim,47030076,Üçkuyu Köyü,tarihsel,wikidata-6360
birim,47030077,Üçtepe Köyü,tarihsel,wikidata-6360
birim,47030078,Yazıcık Köyü,tarihsel,wikidata-6360
birim,47030079,Yukarımezra Köyü,tarihsel,wikidata-6360
birim,47040001,Akalın Köyü,tarihsel,wikidata-6360
birim,47040002,Akça Köyü,tarihsel,wikidata-6360
birim,47040003,Akçapınar Köyü,tarihsel,wikidata-6360
birim,47040004,Akdoğan Köyü,tarihsel,wikidata-6360
birim,47040005,Akkoç Köyü,tarihsel,wikidata-6360
birim,47040006,Aktepe Köyü,tarihsel,wikidata-6360
birim,47040007,Aktulga Köyü,tarihsel,wikidata-6360
birim,47040008,Akyazı Köyü,tarihsel,wikidata-6360
birim,47040009,Akyüz Köyü,tarihsel,wikidata-6360
birim,47040010,Akziyaret Köyü,tarihsel,wikidata-6360
birim,47040011,Alakuş Köyü,tarihsel,wikidata-6360
birim,47040012,Alemdar Köyü,tarihsel,wikidata-6360
birim,47040013,Alipaşa Köyü,tarihsel,wikidata-6360
birim,47040014,Altıntoprak Köyü,tarihsel,wikidata-6360
birim,47040015,Arakapı Köyü,tarihsel,wikidata-6360
birim,47040016,Araköy Köyü,tarihsel,wikidata-6360
birim,47040017,Arıklı Köyü,tarihsel,wikidata-6360
birim,47040018,Arıtepe Köyü,tarihsel,wikidata-6360
birim,47040019,Aşağıazıklı Köyü,tarihsel,wikidata-6360
birim,47040020,Aslanlı Köyü,tarihsel,wikidata-6360
birim,47040021,Ataköy Köyü,tarihsel,wikidata-6360
birim,47040023,Atmaca Köyü,tarihsel,wikidata-6360
birim,47040024,Ayaz Köyü,tarihsel,wikidata-6360
birim,47040025,Bağrıbütün Köyü,tarihsel,wikidata-6360
birim,47040027,Barış Köyü,tarihsel,wikidata-6360
birim,47040028,Başak Köyü,tarihsel,wikidata-6360
birim,47040029,Bektaş Köyü,tarihsel,wikidata-6360
birim,47040030,Belli Köyü,tarihsel,wikidata-6360
birim,47040031,Beşdeğirmen Köyü,tarihsel,wikidata-6360
birim,47040032,Beşevler Köyü,tarihsel,wikidata-6360
birim,47040033,Beşik Köyü,tarihsel,wikidata-6360
birim,47040034,Bozhöyük Köyü,tarihsel,wikidata-6360
birim,47040035,Büyükayrık Köyü,tarihsel,wikidata-6360
birim,47040036,Büyükboğaziye Köyü,tarihsel,wikidata-6360
birim,47040037,Büyükdere Köyü,tarihsel,wikidata-6360
birim,47040038,Büyüktepe Köyü,tarihsel,wikidata-6360
birim,47040039,Çağıl Köyü,tarihsel,wikidata-6360
birim,47040040,Çakır Köyü,tarihsel,wikidata-6360
birim,47040041,Çamlıca Köyü,tarihsel,wikidata-6360
birim,47040042,Çamlıdere Köyü,tarihsel,wikidata-6360
birim,47040043,Çanaklı Köyü,tarihsel,wikidata-6360
birim,47040044,Cantaşı Köyü,tarihsel,wikidata-6360
birim,47040045,Çatalca Köyü,tarihsel,wikidata-6360
birim,47040046,Çaybaşı Köyü,tarihsel,wikidata-6360
birim,47040048,Çetinler Köyü,tarihsel,wikidata-6360
birim,47040049,Çimenli Köyü,tarihsel,wikidata-6360
birim,47040050,Çınarcık Köyü,tarihsel,wikidata-6360
birim,47040051,Çıplak Köyü,tarihsel,wikidata-6360
birim,47040052,Çitlibağ Köyü,tarihsel,wikidata-6360
birim,47040054,Damlalı Köyü,tarihsel,wikidata-6360
birim,47040055,Demet Köyü,tarihsel,wikidata-6360
birim,47040056,Demirci Köyü,tarihsel,wikidata-6360
birim,47040057,Demirkapı Köyü,tarihsel,wikidata-6360
birim,47040058,Demirler Köyü,tarihsel,wikidata-6360
birim,47040061,Dora Köyü,tarihsel,wikidata-6360
birim,47040062,Dörtyol Köyü,tarihsel,wikidata-6360
birim,47040063,Doyuran Köyü,tarihsel,wikidata-6360
birim,47040064,Düğürk Köyü,tarihsel,wikidata-6360
birim,47040066,Ekinlik Köyü,tarihsel,wikidata-6360
birim,47040067,Elbeyli Köyü,tarihsel,wikidata-6360
birim,47040068,Elmalı Köyü,tarihsel,wikidata-6360
birim,47040069,Erdem Köyü,tarihsel,wikidata-6360
birim,47040070,Erikli Köyü,tarihsel,wikidata-6360
birim,47040071,Eroğlu Köyü,tarihsel,wikidata-6360
birim,47040073,Esenli Köyü,tarihsel,wikidata-6360
birim,47040074,Eskin Köyü,tarihsel,wikidata-6360
birim,47040075,Eşme Köyü,tarihsel,wikidata-6360
birim,47040076,Eymirli Köyü,tarihsel,wikidata-6360
birim,47040079,Göllü Köyü,tarihsel,wikidata-6360
birim,47040080,Gözlüce Köyü,tarihsel,wikidata-6360
birim,47040082,Gümüşdere Köyü,tarihsel,wikidata-6360
birim,47040083,Güneştepe Köyü,tarihsel,wikidata-6360
birim,47040084,Güngören Köyü,tarihsel,wikidata-6360
birim,47040085,Günlüce Köyü,tarihsel,wikidata-6360
birim,47040086,Gürmeşe Köyü,tarihsel,wikidata-6360
birim,47040087,Hacıhasan Köyü,tarihsel,wikidata-6360
birim,47040088,Hacıyusuf Köyü,tarihsel,wikidata-6360
birim,47040089,Hakverdi Köyü,tarihsel,wikidata-6360
birim,47040090,Halkalı Köyü,tarihsel,wikidata-6360
birim,47040091,Harmandüzü Köyü,tarihsel,wikidata-6360
birim,47040092,Haznedar Köyü,tarihsel,wikidata-6360
birim,47040093,Hocaköy Köyü,tarihsel,wikidata-6360
birim,47040094,İkikuyu Köyü,tarihsel,wikidata-6360
birim,47040095,İkizler Köyü,tarihsel,wikidata-6360
birim,47040096,Ilıcak Köyü,tarihsel,wikidata-6360
birim,47040097,İnandı Köyü,tarihsel,wikidata-6360
birim,47040099,Işıklar Köyü,tarihsel,wikidata-6360
birim,47040100,Işıkören Köyü,tarihsel,wikidata-6360
birim,47040102,Kalaycık Köyü,tarihsel,wikidata-6360
birim,47040103,Karabent Köyü,tarihsel,wikidata-6360
birim,47040104,Karakulak Köyü,tarihsel,wikidata-6360
birim,47040105,Karakuyu Köyü,tarihsel,wikidata-6360
birim,47040106,Karaman Köyü,tarihsel,wikidata-6360
birim,47040107,Kaşıklı Köyü,tarihsel,wikidata-6360
birim,47040108,Katarlı Köyü,tarihsel,wikidata-6360
birim,47040109,Kayapınar Köyü,tarihsel,wikidata-6360
birim,47040110,Kaynarca Köyü,tarihsel,wikidata-6360
birim,47040111,Kengerli Köyü,tarihsel,wikidata-6360
birim,47040112,Kılduman Köyü,tarihsel,wikidata-6360
birim,47040113,Kilimli Köyü,tarihsel,wikidata-6360
birim,47040114,Kırkkuyu Köyü,tarihsel,wikidata-6360
birim,47040115,Kocalar Köyü,tarihsel,wikidata-6360
birim,47040117,Koçlu Köyü,tarihsel,wikidata-6360
birim,47040118,Konuklu Köyü,tarihsel,wikidata-6360
birim,47040119,Köprübaşı Köyü,tarihsel,wikidata-6360
birim,47040120,Körsu Köyü,tarihsel,wikidata-6360
birim,47040121,Küçükayrık Köyü,tarihsel,wikidata-6360
birim,47040122,Küçükboğaziye Köyü,tarihsel,wikidata-6360
birim,47040123,Küplüce Köyü,tarihsel,wikidata-6360
birim,47040126,Odaköy Köyü,tarihsel,wikidata-6360
birim,47040127,Ofis Köyü,tarihsel,wikidata-6360
birim,47040128,Örencik Köyü,tarihsel,wikidata-6360
birim,47040129,Ortaköy Köyü,tarihsel,wikidata-6360
birim,47040130,Otluk Köyü,tarihsel,wikidata-6360
birim,47040131,Rıhani Köyü,tarihsel,wikidata-6360
birim,47040134,Sancarlı Köyü,tarihsel,wikidata-6360
birim,47040135,Sandıklı Köyü,tarihsel,wikidata-6360
birim,47040136,Sarıca Köyü,tarihsel,wikidata-6360
birim,47040137,Saruhan Köyü,tarihsel,wikidata-6360
birim,47040140,Sevimli Köyü,tarihsel,wikidata-6360
birim,47040141,Soğanlı Köyü,tarihsel,wikidata-6360
birim,47040142,Sürekli Köyü,tarihsel,wikidata-6360
birim,47040143,Tanrıverdi Köyü,tarihsel,wikidata-6360
birim,47040144,Tarlabaşı Köyü,tarihsel,wikidata-6360
birim,47040145,Taşlıca Köyü,tarihsel,wikidata-6360
birim,47040146,Tatlıca Köyü,tarihsel,wikidata-6360
birim,47040148,Timurçiftliği Köyü,tarihsel,wikidata-6360
birim,47040149,Tıraşlı Köyü,tarihsel,wikidata-6360
birim,47040150,Tosunlu Köyü,tarihsel,wikidata-6360
birim,47040152,Tuzla Köyü,tarihsel,wikidata-6360
birim,47040153,Tuzluca Köyü,tarihsel,wikidata-6360
birim,47040154,Üçevler Köyü,tarihsel,wikidata-6360
birim,47040155,Ulaşlı Köyü,tarihsel,wikidata-6360
birim,47040156,Ülker Köyü,tarihsel,wikidata-6360
birim,47040157,Uluköy Köyü,tarihsel,wikidata-6360
birim,47040158,Uzunkaya Köyü,tarihsel,wikidata-6360
birim,47040159,Yalınkılıç Köyü,tarihsel,wikidata-6360
birim,47040160,Yamaç Köyü,tarihsel,wikidata-6360
birim,47040161,Yamanlar Köyü,tarihsel,wikidata-6360
birim,47040162,Yarımca Köyü,tarihsel,wikidata-6360
birim,47040163,Yaşarköy Köyü,tarihsel,wikidata-6360
birim,47040164,Yayıklı Köyü,tarihsel,wikidata-6360
birim,47040165,Yaylım Köyü,tarihsel,wikidata-6360
birim,47040166,Yedikardeş Köyü,tarihsel,wikidata-6360
birim,47040169,Yeşilköy Köyü,tarihsel,wikidata-6360
birim,47040171,Yolaldı Köyü,tarihsel,wikidata-6360
birim,47040172,Yoldere Köyü,tarihsel,wikidata-6360
birim,47040173,Yolüstü Köyü,tarihsel,wikidata-6360
birim,47040174,Yoncalı Köyü,tarihsel,wikidata-6360
birim,47040177,Yüksektepe Köyü,tarihsel,wikidata-6360
birim,47040178,Yumrutaş Köyü,tarihsel,wikidata-6360
birim,47040179,Yumurcak Köyü,tarihsel,wikidata-6360
birim,47040180,Yurtderi Köyü,tarihsel,wikidata-6360
birim,47040181,Yurtözü Köyü,tarihsel,wikidata-6360
birim,47040183,Ziyaret Köyü,tarihsel,wikidata-6360
birim,47050001,Aksu Köyü,tarihsel,wikidata-6360
birim,47050004,Aşağıocak Köyü,tarihsel,wikidata-6360
birim,47050006,Atlıca Köyü,tarihsel,wikidata-6360
birim,47050007,Aykut Köyü,tarihsel,wikidata-6360
birim,47050010,Bilge Köyü,tarihsel,wikidata-6360
birim,47050013,Derecik Köyü,tarihsel,wikidata-6360
birim,47050014,Dikyamaç Köyü,tarihsel,wikidata-6360
birim,47050015,Duraklı Köyü,tarihsel,wikidata-6360
birim,47050016,Ekinciler Köyü,tarihsel,wikidata-6360
birim,47050017,Engin Köyü,tarihsel,wikidata-6360
birim,47050018,Erdalı Köyü,tarihsel,wikidata-6360
birim,47050019,Evciler Köyü,tarihsel,wikidata-6360
birim,47050020,Gümüşpınar Köyü,tarihsel,wikidata-6360
birim,47050021,Gümüşyuva Köyü,tarihsel,wikidata-6360
birim,47050023,Gürgöze Köyü,tarihsel,wikidata-6360
birim,47050024,İkisu Köyü,tarihsel,wikidata-6360
birim,47050025,Işıkyaka Köyü,tarihsel,wikidata-6360
birim,47050026,Karaalani Köyü,tarihsel,wikidata-6360
birim,47050027,Karataş Köyü,tarihsel,wikidata-6360
birim,47050030,Kebapçı Köyü,tarihsel,wikidata-6360
birim,47050031,Kemerli Köyü,tarihsel,wikidata-6360
birim,47050032,Kışlak Köyü,tarihsel,wikidata-6360
birim,47050033,Kocakent Köyü,tarihsel,wikidata-6360
birim,47050034,Konur Köyü,tarihsel,wikidata-6360
birim,47050035,Meşeli Köyü,tarihsel,wikidata-6360
birim,47050036,Ömürlü Köyü,tarihsel,wikidata-6360
birim,47050037,Ortaklı Köyü,tarihsel,wikidata-6360
birim,47050039,Sağmal Köyü,tarihsel,wikidata-6360
birim,47050040,Sakızlı Köyü,tarihsel,wikidata-6360
birim,47050041,Şanlı Köyü,tarihsel,wikidata-6360
birim,47050042,Şenyuva Köyü,tarihsel,wikidata-6360
birim,47050043,Tanrıyolu Köyü,tarihsel,wikidata-6360
birim,47050044,Tarlacık Köyü,tarihsel,wikidata-6360
birim,47050045,Ulutaş Köyü,tarihsel,wikidata-6360
birim,47050046,Ürünlü Köyü,tarihsel,wikidata-6360
birim,47050047,Yağmur Köyü,tarihsel,wikidata-6360
birim,47050048,Yalınağaç Köyü,tarihsel,wikidata-6360
birim,47050049,Yeşilköy Köyü,tarihsel,wikidata-6360
birim,47050050,Yetkinler Köyü,tarihsel,wikidata-6360
birim,47050051,Yücebağ Köyü,tarihsel,wikidata-6360
birim,47050052,Yukarıkonak Köyü,tarihsel,wikidata-6360
birim,47050053,Yukarıocak Köyü,tarihsel,wikidata-6360
birim,47060001,Hükümet,semt,ptt-semt
birim,47060002,Adaklı Köyü,tarihsel,wikidata-6360
birim,47060002,Hükümet,semt,ptt-semt
birim,47060003,Eskimidyat,semt,ptt-semt
birim,47060004,Altıntaş Köyü,tarihsel,wikidata-6360
birim,47060004,Hükümet,semt,ptt-semt
birim,47060005,Anıtlı Köyü,tarihsel,wikidata-6360
birim,47060005,Hükümet,semt,ptt-semt
birim,47060006,Hükümet,semt,ptt-semt
birim,47060007,Bağlarbaşı Köyü,tarihsel,wikidata-6360
birim,47060007,Hükümet,semt,ptt-semt
birim,47060008,Hükümet,semt,ptt-semt
birim,47060009,Bardakçı Köyü,tarihsel,wikidata-6360
birim,47060009,Hükümet,semt,ptt-semt
birim,47060010,Barıştepe Köyü,tarihsel,wikidata-6360
birim,47060010,Hükümet,semt,ptt-semt
birim,47060011,Başyurt Köyü,tarihsel,wikidata-6360
birim,47060011,Hükümet,semt,ptt-semt
birim,47060012,Bethkustan Köyü,tarihsel,wikidata-6360
birim,47060012,Hükümet,semt,ptt-semt
birim,47060013,Budaklı Köyü,tarihsel,wikidata-6360
birim,47060013,Hükümet,semt,ptt-semt
birim,47060014,Hükümet,semt,ptt-semt
birim,47060014,Çaldere Köyü,tarihsel,wikidata-6360
birim,47060015,Hükümet,semt,ptt-semt
birim,47060015,Çalpınar Köyü,tarihsel,wikidata-6360
birim,47060016,Hükümet,semt,ptt-semt
birim,47060016,Çamyurt Köyü,tarihsel,wikidata-6360
birim,47060017,Hükümet,semt,ptt-semt
birim,47060017,Çandarlı Köyü,tarihsel,wikidata-6360
birim,47060018,Hükümet,semt,ptt-semt
birim,47060019,Hükümet,semt,ptt-semt
birim,47060019,Çayırlı Köyü,tarihsel,wikidata-6360
birim,47060020,Eskimidyat,semt,ptt-semt
birim,47060021,Danışman Köyü,tarihsel,wikidata-6360
birim,47060021,Hükümet,semt,ptt-semt
birim,47060022,Doğançay Köyü,tarihsel,wikidata-6360
birim,47060022,Hükümet,semt,ptt-semt
birim,47060023,Doğanyazı Köyü,tarihsel,wikidata-6360
birim,47060023,Hükümet,semt,ptt-semt
birim,47060024,Dolunay Köyü,tarihsel,wikidata-6360
birim,47060024,Hükümet,semt,ptt-semt
birim,47060025,Düzgeçit Köyü,tarihsel,wikidata-6360
birim,47060025,Hükümet,semt,ptt-semt
birim,47060026,Düzoba Köyü,tarihsel,wikidata-6360
birim,47060026,Hükümet,semt,ptt-semt
birim,47060027,Eğlence Köyü,tarihsel,wikidata-6360
birim,47060027,Hükümet,semt,ptt-semt
birim,47060028,Elbeğendi Köyü,tarihsel,wikidata-6360
birim,47060028,Hükümet,semt,ptt-semt
birim,47060029,Hükümet,semt,ptt-semt
birim,47060030,Hükümet,semt,ptt-semt
birim,47060031,Eskimidyat,semt,ptt-semt
birim,47060032,Gülgöze Köyü,tarihsel,wikidata-6360
birim,47060032,Hükümet,semt,ptt-semt
birim,47060033,Gülveren Köyü,tarihsel,wikidata-6360
birim,47060033,Hükümet,semt,ptt-semt
birim,47060034,Güngören Köyü,tarihsel,wikidata-6360
birim,47060034,Hükümet,semt,ptt-semt
birim,47060035,Hükümet,semt,ptt-semt
birim,47060036,Hanlar Köyü,tarihsel,wikidata-6360
birim,47060036,Hükümet,semt,ptt-semt
birim,47060037,Harmanlı Köyü,tarihsel,wikidata-6360
birim,47060037,Hükümet,semt,ptt-semt
birim,47060038,Hükümet,semt,ptt-semt
birim,47060039,Eskimidyat,semt,ptt-semt
birim,47060040,Hükümet,semt,ptt-semt
birim,47060040,İzbırak Köyü,tarihsel,wikidata-6360
birim,47060041,Hükümet,semt,ptt-semt
birim,47060041,Kayabaşı Köyü,tarihsel,wikidata-6360
birim,47060042,Hükümet,semt,ptt-semt
birim,47060042,Kayalar Köyü,tarihsel,wikidata-6360
birim,47060043,Hükümet,semt,ptt-semt
birim,47060043,Kayalıpınar Köyü,tarihsel,wikidata-6360
birim,47060044,Hükümet,semt,ptt-semt
birim,47060044,Kutlubey Köyü,tarihsel,wikidata-6360
birim,47060045,Hükümet,semt,ptt-semt
birim,47060045,Mercimekli Köyü,tarihsel,wikidata-6360
birim,47060046,Hükümet,semt,ptt-semt
birim,47060046,Narlı Köyü,tarihsel,wikidata-6360
birim,47060047,Hükümet,semt,ptt-semt
birim,47060047,Ortaca Köyü,tarihsel,wikidata-6360
birim,47060048,Hükümet,semt,ptt-semt
birim,47060049,Hükümet,semt,ptt-semt
birim,47060049,Oyuklu Köyü,tarihsel,wikidata-6360
birim,47060050,Hükümet,semt,ptt-semt
birim,47060050,Pelitli Köyü,tarihsel,wikidata-6360
birim,47060051,Eskimidyat,semt,ptt-semt
birim,47060052,Hükümet,semt,ptt-semt
birim,47060052,Sarıkaya Köyü,tarihsel,wikidata-6360
birim,47060053,Hükümet,semt,ptt-semt
birim,47060053,Sarıköy Köyü,tarihsel,wikidata-6360
birim,47060054,Hükümet,semt,ptt-semt
birim,47060055,Hükümet,semt,ptt-semt
birim,47060056,Hükümet,semt,ptt-semt
birim,47060056,Sivrice Köyü,tarihsel,wikidata-6360
birim,47060057,Hükümet,semt,ptt-semt
birim,47060058,Hükümet,semt,ptt-semt
birim,47060058,Taşlıburç Köyü,tarihsel,wikidata-6360
birim,47060059,Hükümet,semt,ptt-semt
birim,47060059,Tepeli Köyü,tarihsel,wikidata-6360
birim,47060060,Hükümet,semt,ptt-semt
birim,47060060,Toptepe Köyü,tarihsel,wikidata-6360
birim,47060061,Hükümet,semt,ptt-semt
birim,47060061,Tulgalı Köyü,tarihsel,wikidata-6360
birim,47060062,Hükümet,semt,ptt-semt
birim,47060062,Üçağıl Köyü,tarihsel,wikidata-6360
birim,47060063,Hükümet,semt,ptt-semt
birim,47060064,Hükümet,semt,ptt-semt
birim,47060064,Yayvantepe Köyü,tarihsel,wikidata-6360
birim,47060065,Hükümet,semt,ptt-semt
birim,47060065,Yemişli Köyü,tarihsel,wikidata-6360
birim,47060066,Hükümet,semt,ptt-semt
birim,47060067,Hükümet,semt,ptt-semt
birim,47060067,Yenice Köyü,tarihsel,wikidata-6360
birim,47060068,Hükümet,semt,ptt-semt
birim,47060068,Yeşilöz Köyü,tarihsel,wikidata-6360
birim,47060069,Hükümet,semt,ptt-semt
birim,47060070,Hükümet,semt,ptt-semt
birim,47060071,Hükümet,semt,ptt-semt
birim,47060071,Yuvalı Köyü,tarihsel,wikidata-6360
birim,47060072,Hükümet,semt,ptt-semt
birim,47060072,Ziyaret Köyü,tarihsel,wikidata-6360
birim,47070003,Açıkköy Köyü,tarihsel,wikidata-6360
birim,47070004,Açıkyol Köyü,tarihsel,wikidata-6360
birim,47070005,Akağıl Köyü,tarihsel,wikidata-6360
birim,47070007,Akçatarla Köyü,tarihsel,wikidata-6360
birim,47070008,Bahçebaşı Köyü,tarihsel,wikidata-6360
birim,47070009,Bakacık Köyü,tarihsel,wikidata-6360
birim,47070010,Balaban Köyü,tarihsel,wikidata-6360
birim,47070012,Beylik Köyü,tarihsel,wikidata-6360
birim,47070013,Büyükkardeş Köyü,tarihsel,wikidata-6360
birim,47070014,Çağlar Köyü,tarihsel,wikidata-6360
birim,47070015,Çalı Köyü,tarihsel,wikidata-6360
birim,47070016,Çatalözü Köyü,tarihsel,wikidata-6360
birim,47070017,Çiğdem Köyü,tarihsel,wikidata-6360
birim,47070018,Çilesiz Köyü,tarihsel,wikidata-6360
birim,47070019,Çölova Köyü,tarihsel,wikidata-6360
birim,47070020,Dağiçi Köyü,tarihsel,wikidata-6360
birim,47070021,Dallıağaç Köyü,tarihsel,wikidata-6360
birim,47070022,Değirmencik Köyü,tarihsel,wikidata-6360
birim,47070023,Demirtepe Köyü,tarihsel,wikidata-6360
birim,47070025,Dibek Köyü,tarihsel,wikidata-6360
birim,47070027,Dirim Köyü,tarihsel,wikidata-6360
birim,47070028,Doğanlı Köyü,tarihsel,wikidata-6360
birim,47070029,Doğuş Köyü,tarihsel,wikidata-6360
birim,47070030,Durakbaşı Köyü,tarihsel,wikidata-6360
birim,47070032,Düzce Köyü,tarihsel,wikidata-6360
birim,47070033,Eskihisar Köyü,tarihsel,wikidata-6360
birim,47070034,Eskimağara Köyü,tarihsel,wikidata-6360
birim,47070035,Eskiyol Köyü,tarihsel,wikidata-6360
birim,47070039,Görentepe Köyü,tarihsel,wikidata-6360
birim,47070040,Günebakan Köyü,tarihsel,wikidata-6360
birim,47070041,Güneli Köyü,tarihsel,wikidata-6360
birim,47070042,Günyurdu Köyü,tarihsel,wikidata-6360
birim,47070043,Gürün Köyü,tarihsel,wikidata-6360
birim,47070044,Güvenli Köyü,tarihsel,wikidata-6360
birim,47070045,Hasantepe Köyü,tarihsel,wikidata-6360
birim,47070046,Heybeli Köyü,tarihsel,wikidata-6360
birim,47070047,İkiztepe Köyü,tarihsel,wikidata-6360
birim,47070048,İlkadım Köyü,tarihsel,wikidata-6360
birim,47070050,Kalecik Köyü,tarihsel,wikidata-6360
birim,47070051,Kantar Köyü,tarihsel,wikidata-6360
birim,47070052,Karaca Köyü,tarihsel,wikidata-6360
birim,47070053,Kayadibi Köyü,tarihsel,wikidata-6360
birim,47070055,Kocadağ Köyü,tarihsel,wikidata-6360
birim,47070056,Küçükkardeş Köyü,tarihsel,wikidata-6360
birim,47070057,Kuruköy Köyü,tarihsel,wikidata-6360
birim,47070058,Kuyular Köyü,tarihsel,wikidata-6360
birim,47070060,Nergizli Köyü,tarihsel,wikidata-6360
birim,47070061,Odabaşı Köyü,tarihsel,wikidata-6360
birim,47070062,Pazar Köyü,tarihsel,wikidata-6360
birim,47070064,Sınırtepe Köyü,tarihsel,wikidata-6360
birim,47070065,Söğütlü Köyü,tarihsel,wikidata-6360
birim,47070067,Tekağaç Köyü,tarihsel,wikidata-6360
birim,47070068,Tepealtı Köyü,tarihsel,wikidata-6360
birim,47070069,Tepeören Köyü,tarihsel,wikidata-6360
birim,47070070,Tepeüstü Köyü,tarihsel,wikidata-6360
birim,47070071,Turgutköy Köyü,tarihsel,wikidata-6360
birim,47070072,Üçköy Köyü,tarihsel,wikidata-6360
birim,47070073,Üçyol Köyü,tarihsel,wikidata-6360
birim,47070074,Yandere Köyü,tarihsel,wikidata-6360
birim,47070075,Yavruköy Köyü,tarihsel,wikidata-6360
birim,47070079,Yerköy Köyü,tarihsel,wikidata-6360
birim,47070081,Yolbilen Köyü,tarihsel,wikidata-6360
birim,47070082,Yolindi Köyü,tarihsel,wikidata-6360
birim,47080001,Akyokuş Köyü,tarihsel,wikidata-6360
birim,47080002,Alıçlı Köyü,tarihsel,wikidata-6360
birim,47080003,Anıttepe Köyü,tarihsel,wikidata-6360
birim,47080004,Beşikkaya Köyü,tarihsel,wikidata-6360
birim,47080005,Çalışan Köyü,tarihsel,wikidata-6360
birim,47080006,Çatalyurt Köyü,tarihsel,wikidata-6360
birim,47080007,Çayıralanı Köyü,tarihsel,wikidata-6360
birim,47080008,Çimenlik Köyü,tarihsel,wikidata-6360
birim,47080009,Çınaraltı Köyü,tarihsel,wikidata-6360
birim,47080011,Dönerdere Köyü,tarihsel,wikidata-6360
birim,47080012,Duygulu Köyü,tarihsel,wikidata-6360
birim,47080013,Fıstıklı Köyü,tarihsel,wikidata-6360
birim,47080014,Göllü Köyü,tarihsel,wikidata-6360
birim,47080015,Güzelağaç Köyü,tarihsel,wikidata-6360
birim,47080016,Harmankaya Köyü,tarihsel,wikidata-6360
birim,47080017,Havuzbaşı Köyü,tarihsel,wikidata-6360
birim,47080018,İkipınar Köyü,tarihsel,wikidata-6360
birim,47080019,İkitepe Köyü,tarihsel,wikidata-6360
birim,47080020,Işıkdere Köyü,tarihsel,wikidata-6360
birim,47080021,Kayabalı Köyü,tarihsel,wikidata-6360
birim,47080022,Kayadere Köyü,tarihsel,wikidata-6360
birim,47080023,Kayagöze Köyü,tarihsel,wikidata-6360
birim,47080024,Kayaüstü Köyü,tarihsel,wikidata-6360
birim,47080025,Kaynakkaya Köyü,tarihsel,wikidata-6360
birim,47080026,Kocakuyu Köyü,tarihsel,wikidata-6360
birim,47080027,Kocasırt Köyü,tarihsel,wikidata-6360
birim,47080028,Kömürlü Köyü,tarihsel,wikidata-6360
birim,47080029,Kovanlı Köyü,tarihsel,wikidata-6360
birim,47080030,Mutluca Köyü,tarihsel,wikidata-6360
birim,47080031,Ovabaşı Köyü,tarihsel,wikidata-6360
birim,47080032,Öztaş Köyü,tarihsel,wikidata-6360
birim,47080033,Pınarcık Köyü,tarihsel,wikidata-6360
birim,47080035,Salihköy Köyü,tarihsel,wikidata-6360
birim,47080036,Sivritepe Köyü,tarihsel,wikidata-6360
birim,47080037,Sulakdere Köyü,tarihsel,wikidata-6360
birim,47080038,Taşgedik Köyü,tarihsel,wikidata-6360
birim,47080039,Taşlıca Köyü,tarihsel,wikidata-6360
birim,47080040,Tavuklu Köyü,tarihsel,wikidata-6360
birim,47080041,Tekkuyu Köyü,tarihsel,wikidata-6360
birim,47080042,Tokdere Köyü,tarihsel,wikidata-6360
birim,47080043,Topağaç Köyü,tarihsel,wikidata-6360
birim,47080044,Ünsallı Köyü,tarihsel,wikidata-6360
birim,47080045,Yaylatepe Köyü,tarihsel,wikidata-6360
birim,47090001,Akyürek Köyü,tarihsel,wikidata-6360
birim,47090002,Armutalan Köyü,tarihsel,wikidata-6360
birim,47090003,Bağyaka Köyü,tarihsel,wikidata-6360
birim,47090004,Başağaç Köyü,tarihsel,wikidata-6360
birim,47090005,Başkavak Köyü,tarihsel,wikidata-6360
birim,47090006,Bengisu Köyü,tarihsel,wikidata-6360
birim,47090007,Çınarönü Köyü,tarihsel,wikidata-6360
birim,47090008,Dereiçi Köyü,tarihsel,wikidata-6360
birim,47090009,Durusu Köyü,tarihsel,wikidata-6360
birim,47090010,Erkuran Köyü,tarihsel,wikidata-6360
birim,47090011,Gölbaşı Köyü,tarihsel,wikidata-6360
birim,47090012,Harmantepe Köyü,tarihsel,wikidata-6360
birim,47090013,Hisarkaya Köyü,tarihsel,wikidata-6360
birim,47090014,İçören Köyü,tarihsel,wikidata-6360
birim,47090015,İşgören Köyü,tarihsel,wikidata-6360
birim,47090017,Karaköy Köyü,tarihsel,wikidata-6360
birim,47090018,Kayacıklar Köyü,tarihsel,wikidata-6360
birim,47090019,Kayatepe Köyü,tarihsel,wikidata-6360
birim,47090020,Kırbalı Köyü,tarihsel,wikidata-6360
birim,47090021,Kırkdirek Köyü,tarihsel,wikidata-6360
birim,47090022,Kocahüyük Köyü,tarihsel,wikidata-6360
birim,47090023,Köprülü Köyü,tarihsel,wikidata-6360
birim,47090024,Koşuyolu Köyü,tarihsel,wikidata-6360
birim,47090025,Ormancık Köyü,tarihsel,wikidata-6360
birim,47090028,Sancaklı Köyü,tarihsel,wikidata-6360
birim,47090029,Şenocak Köyü,tarihsel,wikidata-6360
birim,47090030,Serenli Köyü,tarihsel,wikidata-6360
birim,47090032,Soylu Köyü,tarihsel,wikidata-6360
birim,47090034,Taşlık Köyü,tarihsel,wikidata-6360
birim,47090035,Tokluca Köyü,tarihsel,wikidata-6360
birim,47090036,Üçerli Köyü,tarihsel,wikidata-6360
birim,47090037,Üçkavak Köyü,tarihsel,wikidata-6360
birim,47090038,Yaylayanı Köyü,tarihsel,wikidata-6360
birim,47090039,Yazır Köyü,tarihsel,wikidata-6360
birim,47090040,Yenilmez Köyü,tarihsel,wikidata-6360
birim,47100001,Alıçlı Köyü,tarihsel,wikidata-6360
birim,47100003,Bülbül Köyü,tarihsel,wikidata-6360
birim,47100004,Dereyanı Köyü,tarihsel,wikidata-6360
birim,47100007,Koyunlu Köyü,tarihsel,wikidata-6360
birim,47100008,Kütüklü Köyü,tarihsel,wikidata-6360
birim,47100009,Ovaköy Köyü,tarihsel,wikidata-6360
birim,47100010,Sancar Köyü,tarihsel,wikidata-6360
birim,47100013,Uzunköy Köyü,tarihsel,wikidata-6360
birim,47100014,Zeytinli Köyü,tarihsel,wikidata-6360
birim,48010002,Akyarlar Köyü,tarihsel,wikidata-6360
birim,48010004,Bahçeyaka Köyü,tarihsel,wikidata-6360
birim,48010007,Çamlık Köyü,tarihsel,wikidata-6360
birim,48010012,Çömlekçi Köyü,tarihsel,wikidata-6360
birim,48010014,Dağbelen Köyü,tarihsel,wikidata-6360
birim,48010015,Dereköy Köyü,tarihsel,wikidata-6360
birim,48010020,Gökpınar Köyü,tarihsel,wikidata-6360
birim,48010026,Gürece Köyü,tarihsel,wikidata-6360
birim,48010027,Güvercinlik Köyü,tarihsel,wikidata-6360
birim,48010028,İslamhaneleri Köyü,tarihsel,wikidata-6360
birim,48010031,Kemer Köyü,tarihsel,wikidata-6360
birim,48010037,Kumköy Köyü,tarihsel,wikidata-6360
birim,48010038,Mazıköy Köyü,tarihsel,wikidata-6360
birim,48010041,Peksimet Köyü,tarihsel,wikidata-6360
birim,48010042,Pınarlıbelen Köyü,tarihsel,wikidata-6360
birim,48010043,Sazköy Köyü,tarihsel,wikidata-6360
birim,48010052,Yakaköy Köyü,tarihsel,wikidata-6360
birim,48030001,Cumalı Köyü,tarihsel,wikidata-6360
birim,48030003,Emecik Köyü,tarihsel,wikidata-6360
birim,48030004,Hızırşah Köyü,tarihsel,wikidata-6360
birim,48030006,Karaköy Köyü,tarihsel,wikidata-6360
birim,48030007,Kızlan Köyü,tarihsel,wikidata-6360
birim,48030008,Mesudiye Köyü,tarihsel,wikidata-6360
birim,48030010,Sındı Köyü,tarihsel,wikidata-6360
birim,48030011,Yaka Köyü,tarihsel,wikidata-6360
birim,48030012,Yazı Köyü,tarihsel,wikidata-6360
birim,48040011,Esenköy Köyü,tarihsel,wikidata-6360
birim,48040012,Faralya Köyü,tarihsel,wikidata-6360
birim,48040025,Kargı Köyü,tarihsel,wikidata-6360
birim,48040038,Yakacık Köyü,tarihsel,wikidata-6360
birim,48050003,Çamlıyurt Köyü,tarihsel,wikidata-6360
birim,48050005,Çavdır Köyü,tarihsel,wikidata-6360
birim,48050008,Derebağ Köyü,tarihsel,wikidata-6360
birim,48050011,Nebiler Köyü,tarihsel,wikidata-6360
birim,48050012,Ortaköy Köyü,tarihsel,wikidata-6360
birim,48050013,Salkım Köyü,tarihsel,wikidata-6360
birim,48050015,Yeşilköy Köyü,tarihsel,wikidata-6360
birim,48060001,Akköprü Köyü,tarihsel,wikidata-6360
birim,48060002,Balcılar Köyü,tarihsel,wikidata-6360
birim,48060004,Çandır Köyü,tarihsel,wikidata-6360
birim,48060005,Çayhisar Köyü,tarihsel,wikidata-6360
birim,48060006,Döğüşbelen Köyü,tarihsel,wikidata-6360
birim,48060007,Ekincik Köyü,tarihsel,wikidata-6360
birim,48060010,Hamitköy Köyü,tarihsel,wikidata-6360
birim,48060011,Karaçam Köyü,tarihsel,wikidata-6360
birim,48060012,Kavakarası Köyü,tarihsel,wikidata-6360
birim,48060013,Köyceğiz Köyü,tarihsel,wikidata-6360
birim,48060014,Otmanlar Köyü,tarihsel,wikidata-6360
birim,48060015,Pınar Köyü,tarihsel,wikidata-6360
birim,48060016,Sazak Köyü,tarihsel,wikidata-6360
birim,48060017,Sultaniye Köyü,tarihsel,wikidata-6360
birim,48060020,Yangı Köyü,tarihsel,wikidata-6360
birim,48060021,Yayla Köyü,tarihsel,wikidata-6360
birim,48060023,Yeşilköy Köyü,tarihsel,wikidata-6360
birim,48060024,Zaferler Köyü,tarihsel,wikidata-6360
birim,48060025,Zeytinalanı Köyü,tarihsel,wikidata-6360
birim,48070001,Adaköy Köyü,tarihsel,wikidata-6360
birim,48070003,Bayır Köyü,tarihsel,wikidata-6360
birim,48070007,Çamlı Köyü,tarihsel,wikidata-6360
birim,48070008,Çetibeli Köyü,tarihsel,wikidata-6360
birim,48070011,Hisarönü Köyü,tarihsel,wikidata-6360
birim,48070013,Karaca Köyü,tarihsel,wikidata-6360
birim,48070015,Orhaniye Köyü,tarihsel,wikidata-6360
birim,48070016,Osmaniye Köyü,tarihsel,wikidata-6360
birim,48070018,Selimiye Köyü,tarihsel,wikidata-6360
birim,48070020,Söğüt Köyü,tarihsel,wikidata-6360
birim,48070021,Taşlıca Köyü,tarihsel,wikidata-6360
birim,48070023,Turgut Köyü,tarihsel,wikidata-6360
birim,48070025,Yeşilbelde Köyü,tarihsel,wikidata-6360
birim,48080004,Algı Köyü,tarihsel,wikidata-6360
birim,48080006,Bağyaka Köyü,tarihsel,wikidata-6360
birim,48080012,Çamoluk Köyü,tarihsel,wikidata-6360
birim,48080021,Dokuzçam Köyü,tarihsel,wikidata-6360
birim,48080024,Esençay Köyü,tarihsel,wikidata-6360
birim,48080027,Göktepe Köyü,tarihsel,wikidata-6360
birim,48080029,Günlüce Köyü,tarihsel,wikidata-6360
birim,48080031,İkizce Köyü,tarihsel,wikidata-6360
birim,48080038,Kötekli Köyü,tarihsel,wikidata-6360
birim,48080040,Kuyucak Köyü,tarihsel,wikidata-6360
birim,48080042,Meke Köyü,tarihsel,wikidata-6360
birim,48080050,Paşapınarı Köyü,tarihsel,wikidata-6360
birim,48080052,Sarnıç Köyü,tarihsel,wikidata-6360
birim,48080055,Sungur Köyü,tarihsel,wikidata-6360
birim,48080061,Yeniköy Köyü,tarihsel,wikidata-6360
birim,48080065,Yörükoğlu Köyü,tarihsel,wikidata-6360
birim,48090003,Akçakaya Köyü,tarihsel,wikidata-6360
birim,48090015,Bahçe Köyü,tarihsel,wikidata-6360
birim,48090018,Bayır Köyü,tarihsel,wikidata-6360
birim,48090021,Boğaziçi Köyü,tarihsel,wikidata-6360
birim,48090029,Çamlıca Köyü,tarihsel,wikidata-6360
birim,48090033,Çiftlik Köyü,tarihsel,wikidata-6360
birim,48090037,Çukur Köyü,tarihsel,wikidata-6360
birim,48090042,Dere Köyü,tarihsel,wikidata-6360
birim,48090049,Ekizköy Köyü,tarihsel,wikidata-6360
birim,48090050,Ekiztaş Köyü,tarihsel,wikidata-6360
birim,48090056,Gökbel Köyü,tarihsel,wikidata-6360
birim,48090072,Hüsamlar Köyü,tarihsel,wikidata-6360
birim,48090076,Kalem Köyü,tarihsel,wikidata-6360
birim,48090090,Kazıklı Köyü,tarihsel,wikidata-6360
birim,48090101,Koru Köyü,tarihsel,wikidata-6360
birim,48090103,Köşk Köyü,tarihsel,wikidata-6360
birim,48090115,Pinar Köyü,tarihsel,wikidata-6360
birim,48090121,Sek Köyü,tarihsel,wikidata-6360
birim,48090129,Yaka Köyü,tarihsel,wikidata-6360
birim,48100001,Akıncı Köyü,tarihsel,wikidata-6360
birim,48100010,Dereköy Köyü,tarihsel,wikidata-6360
birim,48100013,Eskiköy Köyü,tarihsel,wikidata-6360
birim,48100014,Fevziye Köyü,tarihsel,wikidata-6360
birim,48100015,Gökbel Köyü,tarihsel,wikidata-6360
birim,48100016,Gölbaşı Köyü,tarihsel,wikidata-6360
birim,48100017,Güzelyurt Köyü,tarihsel,wikidata-6360
birim,48100019,Karadonlar Köyü,tarihsel,wikidata-6360
birim,48100020,Kemaliye Köyü,tarihsel,wikidata-6360
birim,48100021,Mergenli Köyü,tarihsel,wikidata-6360
birim,48100022,Okçular Köyü,tarihsel,wikidata-6360
birim,48100023,Sarıgerme Köyü,tarihsel,wikidata-6360
birim,48100024,Tepearası Köyü,tarihsel,wikidata-6360
birim,48100027,Yeşilyurt Köyü,tarihsel,wikidata-6360
birim,48110001,Alaçat Köyü,tarihsel,wikidata-6360
birim,48110002,Arifler Köyü,tarihsel,wikidata-6360
birim,48110003,Arsaköy Köyü,tarihsel,wikidata-6360
birim,48110004,Atlıdere Köyü,tarihsel,wikidata-6360
birim,48110005,Bağlıağaç Köyü,tarihsel,wikidata-6360
birim,48110006,Bayırköy Köyü,tarihsel,wikidata-6360
birim,48110007,Bekçiler Köyü,tarihsel,wikidata-6360
birim,48110009,Boğalar Köyü,tarihsel,wikidata-6360
birim,48110010,Boğaziçi Köyü,tarihsel,wikidata-6360
birim,48110011,Çaltılar Köyü,tarihsel,wikidata-6360
birim,48110012,Çaltıözü Köyü,tarihsel,wikidata-6360
birim,48110013,Çamurköy Köyü,tarihsel,wikidata-6360
birim,48110014,Çatak Köyü,tarihsel,wikidata-6360
birim,48110015,Çayan Köyü,tarihsel,wikidata-6360
birim,48110016,Çaykenarı Köyü,tarihsel,wikidata-6360
birim,48110017,Ceylan Köyü,tarihsel,wikidata-6360
birim,48110018,Çobanisa Köyü,tarihsel,wikidata-6360
birim,48110019,Çobanlar Köyü,tarihsel,wikidata-6360
birim,48110020,Çökek Köyü,tarihsel,wikidata-6360
birim,48110021,Çukurincir Köyü,tarihsel,wikidata-6360
birim,48110023,Demirler Köyü,tarihsel,wikidata-6360
birim,48110024,Dereköy Köyü,tarihsel,wikidata-6360
birim,48110025,Dodurga Köyü,tarihsel,wikidata-6360
birim,48110026,Doğanlar Köyü,tarihsel,wikidata-6360
birim,48110027,Döğer Köyü,tarihsel,wikidata-6360
birim,48110031,Girmeler Köyü,tarihsel,wikidata-6360
birim,48110032,Gölbent Köyü,tarihsel,wikidata-6360
birim,48110033,Güneşli Köyü,tarihsel,wikidata-6360
birim,48110034,Hacıosmanlar Köyü,tarihsel,wikidata-6360
birim,48110035,İzzettinköy Köyü,tarihsel,wikidata-6360
birim,48110036,Kabaağaç Köyü,tarihsel,wikidata-6360
birim,48110039,Karaköy Köyü,tarihsel,wikidata-6360
birim,48110040,Kayabaşı Köyü,tarihsel,wikidata-6360
birim,48110041,Kayacık Köyü,tarihsel,wikidata-6360
birim,48110042,Kayadibi Köyü,tarihsel,wikidata-6360
birim,48110043,Kıncılar Köyü,tarihsel,wikidata-6360
birim,48110044,Kınık Köyü,tarihsel,wikidata-6360
birim,48110045,Korubükü Köyü,tarihsel,wikidata-6360
birim,48110048,Minare Köyü,tarihsel,wikidata-6360
birim,48110049,Ören Köyü,tarihsel,wikidata-6360
birim,48110050,Ortaköy Köyü,tarihsel,wikidata-6360
birim,48110051,Paşalı Köyü,tarihsel,wikidata-6360
birim,48110052,Sahilceylan Köyü,tarihsel,wikidata-6360
birim,48110053,Sarıyer Köyü,tarihsel,wikidata-6360
birim,48110055,Seydiler Köyü,tarihsel,wikidata-6360
birim,48110056,Söğütlüdere Köyü,tarihsel,wikidata-6360
birim,48110057,Temel Köyü,tarihsel,wikidata-6360
birim,48110058,Uğurlu Köyü,tarihsel,wikidata-6360
birim,48110059,Yakabağ Köyü,tarihsel,wikidata-6360
birim,48110060,Yakaköy Köyü,tarihsel,wikidata-6360
birim,48110064,Yaylapatlangıç Köyü,tarihsel,wikidata-6360
birim,48110065,Zorlar Köyü,tarihsel,wikidata-6360
birim,48120001,Akçapınar Köyü,tarihsel,wikidata-6360
birim,48120004,Arıcılar Köyü,tarihsel,wikidata-6360
birim,48120005,Armutcuk Köyü,tarihsel,wikidata-6360
birim,48120006,Ataköy Köyü,tarihsel,wikidata-6360
birim,48120008,Çiçekli Köyü,tarihsel,wikidata-6360
birim,48120009,Çıtlık Köyü,tarihsel,wikidata-6360
birim,48120010,Çörüş Köyü,tarihsel,wikidata-6360
birim,48120012,Elmalı Köyü,tarihsel,wikidata-6360
birim,48120013,Esentepe Köyü,tarihsel,wikidata-6360
birim,48120014,Gökçe Köyü,tarihsel,wikidata-6360
birim,48120016,Gölcük Köyü,tarihsel,wikidata-6360
birim,48120017,Karabörtlen Köyü,tarihsel,wikidata-6360
birim,48120018,Kavakçalı Köyü,tarihsel,wikidata-6360
birim,48120019,Kıra Köyü,tarihsel,wikidata-6360
birim,48120020,Kızılağaç Köyü,tarihsel,wikidata-6360
birim,48120021,Kızılyaka Köyü,tarihsel,wikidata-6360
birim,48120023,Örnekköy Köyü,tarihsel,wikidata-6360
birim,48120024,Portakallık Köyü,tarihsel,wikidata-6360
birim,48120025,Sarayyanı Köyü,tarihsel,wikidata-6360
birim,48120026,Şirinköy Köyü,tarihsel,wikidata-6360
birim,48120027,Turgut Köyü,tarihsel,wikidata-6360
birim,48120028,Yaylasöğüt Köyü,tarihsel,wikidata-6360
birim,48120029,Yeşilçam Köyü,tarihsel,wikidata-6360
birim,48120030,Yeşilova Köyü,tarihsel,wikidata-6360
birim,48130001,Akgedik Köyü,tarihsel,wikidata-6360
birim,48130003,Alaşar Köyü,tarihsel,wikidata-6360
birim,48130005,Bağyaka Köyü,tarihsel,wikidata-6360
birim,48130006,Bahçeyaka Köyü,tarihsel,wikidata-6360
birim,48130010,Çakırlar Köyü,tarihsel,wikidata-6360
birim,48130011,Çamlıca Köyü,tarihsel,wikidata-6360
birim,48130012,Cazkırlar Köyü,tarihsel,wikidata-6360
birim,48130013,Çukuröz Köyü,tarihsel,wikidata-6360
birim,48130016,Deştin Köyü,tarihsel,wikidata-6360
birim,48130017,Doğanköy Köyü,tarihsel,wikidata-6360
birim,48130018,Elmacık Köyü,tarihsel,wikidata-6360
birim,48130019,Esenköy Köyü,tarihsel,wikidata-6360
birim,48130020,Eskihisar Köyü,tarihsel,wikidata-6360
birim,48130021,Gökgedik Köyü,tarihsel,wikidata-6360
birim,48130022,Gökpınar Köyü,tarihsel,wikidata-6360
birim,48130023,Hacıbayramlar Köyü,tarihsel,wikidata-6360
birim,48130024,Hacıveliler Köyü,tarihsel,wikidata-6360
birim,48130025,Hisarardı Köyü,tarihsel,wikidata-6360
birim,48130026,Kadıköy Köyü,tarihsel,wikidata-6360
birim,48130027,Kafacakaplancık Köyü,tarihsel,wikidata-6360
birim,48130028,Kapubağ Köyü,tarihsel,wikidata-6360
birim,48130029,Katrancı Köyü,tarihsel,wikidata-6360
birim,48130030,Kavak Köyü,tarihsel,wikidata-6360
birim,48130031,Kırıkköy Köyü,tarihsel,wikidata-6360
birim,48130032,Köklük Köyü,tarihsel,wikidata-6360
birim,48130034,Kozağaç Köyü,tarihsel,wikidata-6360
birim,48130035,Madenler Köyü,tarihsel,wikidata-6360
birim,48130036,Mesken Köyü,tarihsel,wikidata-6360
birim,48130037,Nebiköy Köyü,tarihsel,wikidata-6360
birim,48130038,Şahinler Köyü,tarihsel,wikidata-6360
birim,48130039,Şeref Köyü,tarihsel,wikidata-6360
birim,48130041,Turgutlar Köyü,tarihsel,wikidata-6360
birim,48130042,Yava Köyü,tarihsel,wikidata-6360
birim,48130043,Yayla Köyü,tarihsel,wikidata-6360
birim,48130045,Yenikarakuyu Köyü,tarihsel,wikidata-6360
birim,48130046,Yeniköy Köyü,tarihsel,wikidata-6360
birim,48130048,Yeşilköy Köyü,tarihsel,wikidata-6360
birim,48130049,Yukarıyayla Köyü,tarihsel,wikidata-6360
birim,48130050,Zeytinköy Köyü,tarihsel,wikidata-6360
birim,49040026,Aktuzla,semt,ptt-semt
birim,49040027,Aktuzla,semt,ptt-semt
birim,49040029,Aktuzla,semt,ptt-semt
birim,49040030,Aktuzla,semt,ptt-semt
birim,49040031,Aktuzla,semt,ptt-semt
birim,49040033,Aktuzla,semt,ptt-semt
birim,49040036,Aktuzla,semt,ptt-semt
birim,49040040,Aktuzla,semt,ptt-semt
birim,49040041,Aktuzla,semt,ptt-semt
birim,49040044,Aktuzla,semt,ptt-semt
birim,49040049,Aktuzla,semt,ptt-semt
birim,49040050,Aktuzla,semt,ptt-semt
birim,49040054,Aktuzla,semt,ptt-semt
birim,49040055,Aktuzla,semt,ptt-semt
birim,49040056,Aktuzla,semt,ptt-semt
birim,49040057,Aktuzla,semt,ptt-semt
birim,49040062,Aktuzla,semt,ptt-semt
birim,49040076,Aktuzla,semt,ptt-semt
birim,49040080,Aktuzla,semt,ptt-semt
birim,49040081,Aktuzla,semt,ptt-semt
birim,49040082,Aktuzla,semt,ptt-semt
birim,49040083,Aktuzla,semt,ptt-semt
birim,49040085,Aktuzla,semt,ptt-semt
birim,49040087,Aktuzla,semt,ptt-semt
birim,49040088,Aktuzla,semt,ptt-semt
birim,49040090,Aktuzla,semt,ptt-semt
birim,49040094,Aktuzla,semt,ptt-semt
birim,49040096,Aktuzla,semt,ptt-semt
birim,49040097,Aktuzla,semt,ptt-semt
birim,49040098,Aktuzla,semt,ptt-semt
birim,49040100,Aktuzla,semt,ptt-semt
birim,49040101,Aktuzla,semt,ptt-semt
birim,49040105,Aktuzla,semt,ptt-semt
birim,49040106,Aktuzla,semt,ptt-semt
birim,50070001,Çarşı,semt,ptt-semt
birim,50070003,Çarşı,semt,ptt-semt
birim,50070004,Çarşı,semt,ptt-semt
birim,50070005,Çarşı,semt,ptt-semt
birim,50070013,Çarşı,semt,ptt-semt
birim,50070017,Çarşı,semt,ptt-semt
birim,50070021,Çarşı,semt,ptt-semt
birim,50070022,Çarşı,semt,ptt-semt
birim,50070023,Çarşı,semt,ptt-semt
birim,50070024,Çarşı,semt,ptt-semt
birim,50070026,Çarşı,semt,ptt-semt
birim,50070027,Çarşı,semt,ptt-semt
birim,50070030,Çarşı,semt,ptt-semt
birim,50070031,Çarşı,semt,ptt-semt
birim,50070033,Çarşı,semt,ptt-semt
birim,50070034,Çarşı,semt,ptt-semt
birim,50070038,Çarşı,semt,ptt-semt
birim,50070040,Çarşı,semt,ptt-semt
birim,51040002,Özyurt,semt,ptt-semt
birim,51040003,Özyurt,semt,ptt-semt
birim,51040005,Özyurt,semt,ptt-semt
birim,51040009,Özyurt,semt,ptt-semt
birim,51050001,Sungurbey,semt,ptt-semt
birim,51050002,Afetevleri,semt,ptt-semt
birim,51050006,Afetevleri,semt,ptt-semt
birim,51050008,Sungurbey,semt,ptt-semt
birim,51050010,Sungurbey,semt,ptt-semt
birim,51050011,Sungurbey,semt,ptt-semt
birim,51050020,Afetevleri,semt,ptt-semt
birim,51050023,Afetevleri,semt,ptt-semt
birim,51050024,Sungurbey,semt,ptt-semt
birim,51050026,Sungurbey,semt,ptt-semt
birim,51050040,Sungurbey,semt,ptt-semt
birim,51050041,Afetevleri,semt,ptt-semt
birim,51050042,Sungurbey,semt,ptt-semt
birim,51050045,Sungurbey,semt,ptt-semt
birim,51050047,Sungurbey,semt,ptt-semt
birim,51050048,Sungurbey,semt,ptt-semt
birim,51050049,Sungurbey,semt,ptt-semt
birim,51050050,Afetevleri,semt,ptt-semt
birim,51050051,Sungurbey,semt,ptt-semt
birim,51050052,Sungurbey,semt,ptt-semt
birim,51050053,Sungurbey,semt,ptt-semt
birim,51050062,Afetevleri,semt,ptt-semt
birim,51050067,Afetevleri,semt,ptt-semt
birim,52010002,Alan Köyü,tarihsel,wikidata-6360
birim,52010003,Ambargürgen Köyü,tarihsel,wikidata-6360
birim,52010004,Çaldere Köyü,tarihsel,wikidata-6360
birim,52010006,Çamlıca Köyü,tarihsel,wikidata-6360
birim,52010007,Çavdar Köyü,tarihsel,wikidata-6360
birim,52010009,Ceyhanlı Köyü,tarihsel,wikidata-6360
birim,52010010,Çökek Köyü,tarihsel,wikidata-6360
birim,52010011,Çukurköy Köyü,tarihsel,wikidata-6360
birim,52010012,Dağyolu Köyü,tarihsel,wikidata-6360
birim,52010013,Damyeri Köyü,tarihsel,wikidata-6360
birim,52010014,Düğencili Köyü,tarihsel,wikidata-6360
birim,52010015,Esentepe Köyü,tarihsel,wikidata-6360
birim,52010016,Gedikli Köyü,tarihsel,wikidata-6360
birim,52010017,Gökçebayır Köyü,tarihsel,wikidata-6360
birim,52010018,Gürgenliyatak Köyü,tarihsel,wikidata-6360
birim,52010019,Haliluşağı Köyü,tarihsel,wikidata-6360
birim,52010020,Karaçal Köyü,tarihsel,wikidata-6360
birim,52010023,Ketendere Köyü,tarihsel,wikidata-6360
birim,52010025,Koçcuvaz Köyü,tarihsel,wikidata-6360
birim,52010026,Külekçili Köyü,tarihsel,wikidata-6360
birim,52010027,Kurtboğaz Köyü,tarihsel,wikidata-6360
birim,52010028,Kuşçulu Köyü,tarihsel,wikidata-6360
birim,52010030,Meyvalı Köyü,tarihsel,wikidata-6360
birim,52010031,Muratlı Köyü,tarihsel,wikidata-6360
birim,52010032,Ormancık Köyü,tarihsel,wikidata-6360
birim,52010033,Ortabölme Köyü,tarihsel,wikidata-6360
birim,52010034,Şahinköy Köyü,tarihsel,wikidata-6360
birim,52010038,Tuzakköy Köyü,tarihsel,wikidata-6360
birim,52010041,Yeşilgüneycik Köyü,tarihsel,wikidata-6360
birim,52010042,Yeşilköy Köyü,tarihsel,wikidata-6360
birim,52010043,Yolbaşı Köyü,tarihsel,wikidata-6360
birim,52010044,Yukarıdüğencili Köyü,tarihsel,wikidata-6360
birim,52020012,Düz Mahalle,semt,ptt-semt
birim,52020027,Düz Mahalle,semt,ptt-semt
birim,52020037,Düz Mahalle,semt,ptt-semt
birim,52020050,Düz Mahalle,semt,ptt-semt
birim,52020055,Düz Mahalle,semt,ptt-semt
birim,52020059,Düz Mahalle,semt,ptt-semt
birim,52020070,Düz Mahalle,semt,ptt-semt
birim,52020072,Düz Mahalle,semt,ptt-semt
birim,52020073,Düz Mahalle,semt,ptt-semt
birim,52020078,Düz Mahalle,semt,ptt-semt
birim,52020092,Düz Mahalle,semt,ptt-semt
birim,52030003,Beştam Köyü,tarihsel,wikidata-6360
birim,52030008,Hisarcık Köyü,tarihsel,wikidata-6360
birim,52030010,Kayabaşı Köyü,tarihsel,wikidata-6360
birim,52030017,Sarıyar Köyü,tarihsel,wikidata-6360
birim,52030018,Sefalık Köyü,tarihsel,wikidata-6360
birim,52030019,Toygar Köyü,tarihsel,wikidata-6360
birim,52030020,Uzundere Köyü,tarihsel,wikidata-6360
birim,52030021,Zaferimilli Köyü,tarihsel,wikidata-6360
birim,52040003,Budak Köyü,tarihsel,wikidata-6360
birim,52040007,Edirli Köyü,tarihsel,wikidata-6360
birim,52040010,Hisarbey Köyü,tarihsel,wikidata-6360
birim,52040013,Kocaman Köyü,tarihsel,wikidata-6360
birim,52040017,Söken Köyü,tarihsel,wikidata-6360
birim,52040023,Yeşilvadi Köyü,tarihsel,wikidata-6360
birim,52050001,Akkaya Köyü,tarihsel,wikidata-6360
birim,52050003,Elmaköy Köyü,tarihsel,wikidata-6360
birim,52050005,Gündoğdu Köyü,tarihsel,wikidata-6360
birim,52050011,Karahamza Köyü,tarihsel,wikidata-6360
birim,52050012,Karahasan Köyü,tarihsel,wikidata-6360
birim,52050014,Kayatepe Köyü,tarihsel,wikidata-6360
birim,52050015,Keçili Köyü,tarihsel,wikidata-6360
birim,52050017,Madenköy Köyü,tarihsel,wikidata-6360
birim,52050019,Ortaköy Köyü,tarihsel,wikidata-6360
birim,52050020,Sayacatürk Köyü,tarihsel,wikidata-6360
birim,52050021,Şirinköy Köyü,tarihsel,wikidata-6360
birim,52060001,Akbaba Köyü,tarihsel,wikidata-6360
birim,52060011,Eğribel Köyü,tarihsel,wikidata-6360
birim,52060012,Göksu Köyü,tarihsel,wikidata-6360
birim,52060015,İçeribükü Köyü,tarihsel,wikidata-6360
birim,52060017,Kapılı Köyü,tarihsel,wikidata-6360
birim,52060019,Köklük Köyü,tarihsel,wikidata-6360
birim,52070001,Ahmetler Köyü,tarihsel,wikidata-6360
birim,52070003,Aşağıardıç Köyü,tarihsel,wikidata-6360
birim,52070005,Aşağıyavaş Köyü,tarihsel,wikidata-6360
birim,52070011,Başköy Köyü,tarihsel,wikidata-6360
birim,52070018,Büyükkoç Köyü,tarihsel,wikidata-6360
birim,52070020,Çötelü Köyü,tarihsel,wikidata-6360
birim,52070031,Gölköy Köyü,tarihsel,wikidata-6360
birim,52070073,Tepecik Köyü,tarihsel,wikidata-6360
birim,52070079,Yavaş Köyü,tarihsel,wikidata-6360
birim,52080001,Ahmetli Köyü,tarihsel,wikidata-6360
birim,52080002,Akçalı Köyü,tarihsel,wikidata-6360
birim,52080005,Bayıralan Köyü,tarihsel,wikidata-6360
birim,52080006,Bulut Köyü,tarihsel,wikidata-6360
birim,52080007,Çatak Köyü,tarihsel,wikidata-6360
birim,52080008,Çetilli Köyü,tarihsel,wikidata-6360
birim,52080009,Cihadiye Köyü,tarihsel,wikidata-6360
birim,52080013,Emirler Köyü,tarihsel,wikidata-6360
birim,52080015,Güzelyayla Köyü,tarihsel,wikidata-6360
birim,52080017,Haruniye Köyü,tarihsel,wikidata-6360
birim,52080018,Hürriyet Köyü,tarihsel,wikidata-6360
birim,52080019,İçyaka Köyü,tarihsel,wikidata-6360
birim,52080020,Kale Köyü,tarihsel,wikidata-6360
birim,52080023,Konak Köyü,tarihsel,wikidata-6360
birim,52080024,Kozören Köyü,tarihsel,wikidata-6360
birim,52080026,Özlü Köyü,tarihsel,wikidata-6360
birim,52080029,Süleymaniye Köyü,tarihsel,wikidata-6360
birim,52080030,Yuvapınar Köyü,tarihsel,wikidata-6360
birim,52090002,Ambarcılı Köyü,tarihsel,wikidata-6360
birim,52090003,Ayrılık Köyü,tarihsel,wikidata-6360
birim,52090006,Kestane Köyü,tarihsel,wikidata-6360
birim,52090007,Mustafalı Köyü,tarihsel,wikidata-6360
birim,52090009,Taşlıçay Köyü,tarihsel,wikidata-6360
birim,52090011,Turnasuyu Köyü,tarihsel,wikidata-6360
birim,52100005,Alaseher Köyü,tarihsel,wikidata-6360
birim,52100006,Bahtiyarlar Köyü,tarihsel,wikidata-6360
birim,52100012,Gülbelen Köyü,tarihsel,wikidata-6360
birim,52100013,Gültepe Köyü,tarihsel,wikidata-6360
birim,52100014,Hasancık Köyü,tarihsel,wikidata-6360
birim,52100019,Şirinköy Köyü,tarihsel,wikidata-6360
birim,52100020,Tepeköy Köyü,tarihsel,wikidata-6360
birim,52100021,Tikenlice Köyü,tarihsel,wikidata-6360
birim,52100022,Tuzla Köyü,tarihsel,wikidata-6360
birim,52110007,Derebaşı Köyü,tarihsel,wikidata-6360
birim,52110010,Dumantepe Köyü,tarihsel,wikidata-6360
birim,52110011,Düzmeşe Köyü,tarihsel,wikidata-6360
birim,52110014,Esentepe Köyü,tarihsel,wikidata-6360
birim,52110018,Kervansaray Köyü,tarihsel,wikidata-6360
birim,52110019,Kiraztepe Köyü,tarihsel,wikidata-6360
birim,52110024,Özpınar Köyü,tarihsel,wikidata-6360
birim,52120001,Akgüney Köyü,tarihsel,wikidata-6360
birim,52120001,Karadüz,semt,ptt-semt
birim,52120002,Karadüz,semt,ptt-semt
birim,52120003,Derinçay Köyü,tarihsel,wikidata-6360
birim,52120003,Karadüz,semt,ptt-semt
birim,52120004,Dişkaya Köyü,tarihsel,wikidata-6360
birim,52120004,Karadüz,semt,ptt-semt
birim,52120005,Esenyurt Köyü,tarihsel,wikidata-6360
birim,52120005,Karadüz,semt,ptt-semt
birim,52120006,Gelinkaya Köyü,tarihsel,wikidata-6360
birim,52120006,Karadüz,semt,ptt-semt
birim,52120007,Gülpınar Köyü,tarihsel,wikidata-6360
birim,52120007,Karadüz,semt,ptt-semt
birim,52120008,Gümüşdere Köyü,tarihsel,wikidata-6360
birim,52120008,Karadüz,semt,ptt-semt
birim,52120009,Harami Köyü,tarihsel,wikidata-6360
birim,52120009,Karadüz,semt,ptt-semt
birim,52120010,Karadüz,semt,ptt-semt
birim,52120011,Karadüz,semt,ptt-semt
birim,52120012,Karadüz,semt,ptt-semt
birim,52120012,Kirazdere Köyü,tarihsel,wikidata-6360
birim,52120013,Karadüz,semt,ptt-semt
birim,52120014,Karadüz,semt,ptt-semt
birim,52120014,Özlükent Köyü,tarihsel,wikidata-6360
birim,52120015,Karadüz,semt,ptt-semt
birim,52120016,Karadüz,semt,ptt-semt
birim,52120016,Yeşilada Köyü,tarihsel,wikidata-6360
birim,52120017,Karadüz,semt,ptt-semt
birim,52120018,Karadüz,semt,ptt-semt
birim,52120019,Karadüz,semt,ptt-semt
birim,52130005,Beylerli Köyü,tarihsel,wikidata-6360
birim,52130014,Kuzköy Köyü,tarihsel,wikidata-6360
birim,52140001,Aşağıkozpınar Köyü,tarihsel,wikidata-6360
birim,52140003,Belalan Köyü,tarihsel,wikidata-6360
birim,52140004,Beypınarı Köyü,tarihsel,wikidata-6360
birim,52140005,Büyükakçakese Köyü,tarihsel,wikidata-6360
birim,52140009,Çitlice Köyü,tarihsel,wikidata-6360
birim,52140011,Durali Köyü,tarihsel,wikidata-6360
birim,52140012,Karakışla Köyü,tarihsel,wikidata-6360
birim,52140014,Koçcuğaz Köyü,tarihsel,wikidata-6360
birim,52140016,Soğukpınar Köyü,tarihsel,wikidata-6360
birim,52140017,Tatarcık Köyü,tarihsel,wikidata-6360
birim,52140020,Terzili Köyü,tarihsel,wikidata-6360
birim,52140023,Yeniköy Köyü,tarihsel,wikidata-6360
birim,52140025,Yeşilalan Köyü,tarihsel,wikidata-6360
birim,52140026,Yeşildere Köyü,tarihsel,wikidata-6360
birim,52140027,Yeşilyurt Köyü,tarihsel,wikidata-6360
birim,52140028,Yukarıkozpınar Köyü,tarihsel,wikidata-6360
birim,52150001,Ağcaalantürk Köyü,tarihsel,wikidata-6360
birim,52150002,Akçadere Köyü,tarihsel,wikidata-6360
birim,52150003,Avdullu Köyü,tarihsel,wikidata-6360
birim,52150005,Balı Köyü,tarihsel,wikidata-6360
birim,52150006,Ballık Köyü,tarihsel,wikidata-6360
birim,52150007,Çatılı Köyü,tarihsel,wikidata-6360
birim,52150009,Derbent Köyü,tarihsel,wikidata-6360
birim,52150011,Divanıtürk Köyü,tarihsel,wikidata-6360
birim,52150012,Duman Köyü,tarihsel,wikidata-6360
birim,52150013,Ergentürk Köyü,tarihsel,wikidata-6360
birim,52150015,Esence Köyü,tarihsel,wikidata-6360
birim,52150016,Eskiçokdeğirmen Köyü,tarihsel,wikidata-6360
birim,52150019,Gökçeli Köyü,tarihsel,wikidata-6360
birim,52150020,Güneycik Köyü,tarihsel,wikidata-6360
birim,52150021,Kadıncık Köyü,tarihsel,wikidata-6360
birim,52150022,Karaağaç Köyü,tarihsel,wikidata-6360
birim,52150023,Karacalar Köyü,tarihsel,wikidata-6360
birim,52150025,Kayabaşı Köyü,tarihsel,wikidata-6360
birim,52150026,Konaklı Köyü,tarihsel,wikidata-6360
birim,52150027,Kovancılı Köyü,tarihsel,wikidata-6360
birim,52150028,Küçükakçakese Köyü,tarihsel,wikidata-6360
birim,52150030,Ortaca Köyü,tarihsel,wikidata-6360
birim,52150031,Ortaçokdeğirmen Köyü,tarihsel,wikidata-6360
birim,52150033,Şenyurt Köyü,tarihsel,wikidata-6360
birim,52150034,Tekkeköy Köyü,tarihsel,wikidata-6360
birim,52150035,Yalnızdam Köyü,tarihsel,wikidata-6360
birim,52150036,Yemişken Köyü,tarihsel,wikidata-6360
birim,52150037,Yeniakçaalan Köyü,tarihsel,wikidata-6360
birim,52150038,Yenidivan Köyü,tarihsel,wikidata-6360
birim,52150039,Yeniergen Köyü,tarihsel,wikidata-6360
birim,52160001,Abdili Köyü,tarihsel,wikidata-6360
birim,52160004,Alan Köyü,tarihsel,wikidata-6360
birim,52160005,Arıcılar Köyü,tarihsel,wikidata-6360
birim,52160006,Arıkmusa Köyü,tarihsel,wikidata-6360
birim,52160007,Armutkolu Köyü,tarihsel,wikidata-6360
birim,52160008,Arpaalan Köyü,tarihsel,wikidata-6360
birim,52160009,Aşağıgökçe Köyü,tarihsel,wikidata-6360
birim,52160010,Aşıklı Köyü,tarihsel,wikidata-6360
birim,52160012,Balıklı Köyü,tarihsel,wikidata-6360
birim,52160013,Bayırköy Köyü,tarihsel,wikidata-6360
birim,52160014,Bayraklı Köyü,tarihsel,wikidata-6360
birim,52160015,Beşpınar Köyü,tarihsel,wikidata-6360
birim,52160016,Beyağaç Köyü,tarihsel,wikidata-6360
birim,52160017,Beyseki Köyü,tarihsel,wikidata-6360
birim,52160018,Birebir Köyü,tarihsel,wikidata-6360
birim,52160019,Çaltepe Köyü,tarihsel,wikidata-6360
birim,52160020,Çardaklı Köyü,tarihsel,wikidata-6360
birim,52160021,Çavdar Köyü,tarihsel,wikidata-6360
birim,52160022,Celal Köyü,tarihsel,wikidata-6360
birim,52160023,Çerçi Köyü,tarihsel,wikidata-6360
birim,52160024,Çitliksarıca Köyü,tarihsel,wikidata-6360
birim,52160025,Çukuralan Köyü,tarihsel,wikidata-6360
birim,52160026,Darıcabaşı Köyü,tarihsel,wikidata-6360
birim,52160027,Dayılı Köyü,tarihsel,wikidata-6360
birim,52160028,Derebaşı Köyü,tarihsel,wikidata-6360
birim,52160029,Doğançam Köyü,tarihsel,wikidata-6360
birim,52160030,Dursunlu Köyü,tarihsel,wikidata-6360
birim,52160031,Erikköy Köyü,tarihsel,wikidata-6360
birim,52160032,Esatlı Köyü,tarihsel,wikidata-6360
birim,52160033,Göçbeyi Köyü,tarihsel,wikidata-6360
birim,52160035,Gülpınar Köyü,tarihsel,wikidata-6360
birim,52160036,Güneyce Köyü,tarihsel,wikidata-6360
birim,52160037,Güvenli Köyü,tarihsel,wikidata-6360
birim,52160038,Güzelce Köyü,tarihsel,wikidata-6360
birim,52160039,Güzle Köyü,tarihsel,wikidata-6360
birim,52160040,Hamzalı Köyü,tarihsel,wikidata-6360
birim,52160041,Herközü Köyü,tarihsel,wikidata-6360
birim,52160042,Ilışar Köyü,tarihsel,wikidata-6360
birim,52160043,Kale Köyü,tarihsel,wikidata-6360
birim,52160044,Karabayır Köyü,tarihsel,wikidata-6360
birim,52160045,Karacaören Köyü,tarihsel,wikidata-6360
birim,52160046,Kavaklıdere Köyü,tarihsel,wikidata-6360
birim,52160048,Kışlacık Köyü,tarihsel,wikidata-6360
birim,52160049,Konacık Köyü,tarihsel,wikidata-6360
birim,52160051,Mahmudiye Köyü,tarihsel,wikidata-6360
birim,52160054,Musalı Köyü,tarihsel,wikidata-6360
birim,52160056,Pınarlı Köyü,tarihsel,wikidata-6360
birim,52160057,Sarıca Köyü,tarihsel,wikidata-6360
birim,52160058,Sarıyayla Köyü,tarihsel,wikidata-6360
birim,52160060,Türkköyü Köyü,tarihsel,wikidata-6360
birim,52160062,Yağmurlar Köyü,tarihsel,wikidata-6360
birim,52160063,Yardere Köyü,tarihsel,wikidata-6360
birim,52160064,Yavşan Köyü,tarihsel,wikidata-6360
birim,52160067,Yeşilçit Köyü,tarihsel,wikidata-6360
birim,52160068,Yeveli Köyü,tarihsel,wikidata-6360
birim,52160069,Yukarıgökçe Köyü,tarihsel,wikidata-6360
birim,52160070,Yuvalı Köyü,tarihsel,wikidata-6360
birim,52170001,Alınca Köyü,tarihsel,wikidata-6360
birim,52170005,Bekirli Köyü,tarihsel,wikidata-6360
birim,52170007,Boğazcık Köyü,tarihsel,wikidata-6360
birim,52170009,Çamarası Köyü,tarihsel,wikidata-6360
birim,52170011,Çaytepe Köyü,tarihsel,wikidata-6360
birim,52170015,Doğan Köyü,tarihsel,wikidata-6360
birim,52170017,Efirli Köyü,tarihsel,wikidata-6360
birim,52170018,Ekinciler Köyü,tarihsel,wikidata-6360
birim,52170019,Gündoğdu Köyü,tarihsel,wikidata-6360
birim,52170020,Güzelyurt Köyü,tarihsel,wikidata-6360
birim,52170021,Hacılar Köyü,tarihsel,wikidata-6360
birim,52170023,İmeçli Köyü,tarihsel,wikidata-6360
birim,52170024,İstanbulboğazı Köyü,tarihsel,wikidata-6360
birim,52170027,Kazancılı Köyü,tarihsel,wikidata-6360
birim,52170029,Kovanlı Köyü,tarihsel,wikidata-6360
birim,52170031,Kurtuluş Köyü,tarihsel,wikidata-6360
birim,52170032,Kutluca Köyü,tarihsel,wikidata-6360
birim,52170033,Kuyluca Köyü,tarihsel,wikidata-6360
birim,52170035,Mersin Köyü,tarihsel,wikidata-6360
birim,52170036,Neneli Köyü,tarihsel,wikidata-6360
birim,52170037,Okçulu Köyü,tarihsel,wikidata-6360
birim,52170038,Ortatepe Köyü,tarihsel,wikidata-6360
birim,52170040,Saray Köyü,tarihsel,wikidata-6360
birim,52170041,Selimiye Köyü,tarihsel,wikidata-6360
birim,52170043,Sırakovancı Köyü,tarihsel,wikidata-6360
birim,52170044,Soğukpınar Köyü,tarihsel,wikidata-6360
birim,52170045,Tarlacık Köyü,tarihsel,wikidata-6360
birim,52170046,Tepecik Köyü,tarihsel,wikidata-6360
birim,52170048,Töngeldüzü Köyü,tarihsel,wikidata-6360
birim,52170049,Yarlı Köyü,tarihsel,wikidata-6360
birim,52170051,Yeniköy Köyü,tarihsel,wikidata-6360
birim,52170052,Yeniöz Köyü,tarihsel,wikidata-6360
birim,52170053,Yeşilköy Köyü,tarihsel,wikidata-6360
birim,52170054,Yumrutaş Köyü,tarihsel,wikidata-6360
birim,52180002,Akpınar Köyü,tarihsel,wikidata-6360
birim,52180005,Belenyurt Köyü,tarihsel,wikidata-6360
birim,52180006,Çağlayan Köyü,tarihsel,wikidata-6360
birim,52180008,Cevizlik Köyü,tarihsel,wikidata-6360
birim,52180009,Çubuklu Köyü,tarihsel,wikidata-6360
birim,52180013,Elmaçukur Köyü,tarihsel,wikidata-6360
birim,52180014,Eymür Köyü,tarihsel,wikidata-6360
birim,52180018,Güvenyurt Köyü,tarihsel,wikidata-6360
birim,52180019,Güzelyurt Köyü,tarihsel,wikidata-6360
birim,52180021,Kadıncık Köyü,tarihsel,wikidata-6360
birim,52180022,Kalıcak Köyü,tarihsel,wikidata-6360
birim,52180024,Kardeşler Köyü,tarihsel,wikidata-6360
birim,52180025,Kıranyağmur Köyü,tarihsel,wikidata-6360
birim,52180026,Kirazlık Köyü,tarihsel,wikidata-6360
birim,52180027,Koşaca Köyü,tarihsel,wikidata-6360
birim,52180028,Kumanlar Köyü,tarihsel,wikidata-6360
birim,52180029,Kumrulu Köyü,tarihsel,wikidata-6360
birim,52180031,Ören Köyü,tarihsel,wikidata-6360
birim,52180032,Oyumgürgen Köyü,tarihsel,wikidata-6360
birim,52180033,Refahiye Köyü,tarihsel,wikidata-6360
birim,52180034,Şahinkaya Köyü,tarihsel,wikidata-6360
birim,52180035,Şekeroluk Köyü,tarihsel,wikidata-6360
birim,52180036,Şıhlar Köyü,tarihsel,wikidata-6360
birim,52180039,Yenisayaca Köyü,tarihsel,wikidata-6360
birim,52190001,Ağıdere Köyü,tarihsel,wikidata-6360
birim,52190002,Ataköy Köyü,tarihsel,wikidata-6360
birim,52190004,Aydıntepe Köyü,tarihsel,wikidata-6360
birim,52190005,Başköy Köyü,tarihsel,wikidata-6360
birim,52190007,Beylerce Köyü,tarihsel,wikidata-6360
birim,52190009,Çakmak Köyü,tarihsel,wikidata-6360
birim,52190011,Çatak Köyü,tarihsel,wikidata-6360
birim,52190012,Çatalpınar Köyü,tarihsel,wikidata-6360
birim,52190013,Çataltepe Köyü,tarihsel,wikidata-6360
birim,52190014,Cevizdere Köyü,tarihsel,wikidata-6360
birim,52190015,Çiğdem Köyü,tarihsel,wikidata-6360
birim,52190016,Çınarcık Köyü,tarihsel,wikidata-6360
birim,52190018,Denizbükü Köyü,tarihsel,wikidata-6360
birim,52190019,Dereköy Köyü,tarihsel,wikidata-6360
birim,52190020,Dizdar Köyü,tarihsel,wikidata-6360
birim,52190022,Düzköy Köyü,tarihsel,wikidata-6360
birim,52190023,Düzsaylan Köyü,tarihsel,wikidata-6360
birim,52190024,Elmalık Köyü,tarihsel,wikidata-6360
birim,52190026,Esenkale Köyü,tarihsel,wikidata-6360
birim,52190027,Eskikızılcakese Köyü,tarihsel,wikidata-6360
birim,52190028,Fatih Köyü,tarihsel,wikidata-6360
birim,52190048,Keş Köyü,tarihsel,wikidata-6360
birim,52190049,Killik Köyü,tarihsel,wikidata-6360
birim,52190050,Kocuklu Köyü,tarihsel,wikidata-6360
birim,52190051,Kuşçulu Köyü,tarihsel,wikidata-6360
birim,52190052,Kuşdoğan Köyü,tarihsel,wikidata-6360
birim,52190054,Nadırlı Köyü,tarihsel,wikidata-6360
birim,52190055,Nurettin Köyü,tarihsel,wikidata-6360
birim,52190058,Ortaköy Köyü,tarihsel,wikidata-6360
birim,52190061,Sahilköy Köyü,tarihsel,wikidata-6360
birim,52190063,Saraycık Köyü,tarihsel,wikidata-6360
birim,52190064,Sarıhalil Köyü,tarihsel,wikidata-6360
birim,52190065,Saylan Köyü,tarihsel,wikidata-6360
birim,52190066,Şenyurt Köyü,tarihsel,wikidata-6360
birim,52190067,Sofutepesi Köyü,tarihsel,wikidata-6360
birim,52190068,Taflancık Köyü,tarihsel,wikidata-6360
birim,52190069,Taşça Köyü,tarihsel,wikidata-6360
birim,52190071,Tepeköy Köyü,tarihsel,wikidata-6360
birim,52190072,Üçpınar Köyü,tarihsel,wikidata-6360
birim,52190073,Uğurlu Köyü,tarihsel,wikidata-6360
birim,52190074,Yavı Köyü,tarihsel,wikidata-6360
birim,52190075,Yaycı Köyü,tarihsel,wikidata-6360
birim,52190076,Yaylalı Köyü,tarihsel,wikidata-6360
birim,52190077,Yazkonağı Köyü,tarihsel,wikidata-6360
birim,52190078,Yenikent Köyü,tarihsel,wikidata-6360
birim,52190079,Yenikızılcakese Köyü,tarihsel,wikidata-6360
birim,52190080,Yeniköy Köyü,tarihsel,wikidata-6360
birim,52190081,Yeşilada Köyü,tarihsel,wikidata-6360
birim,52190083,Yiğitler Köyü,tarihsel,wikidata-6360
birim,52190084,Yüceler Köyü,tarihsel,wikidata-6360
birim,53010015,Işıklı Köyü,tarihsel,wikidata-6360
birim,53010030,Yeni Köyü,tarihsel,wikidata-6360
birim,53060003,Başaran Köyü,tarihsel,wikidata-6360
birim,53110001,Rize,semt,ptt-semt
birim,53110003,Rize,semt,ptt-semt
birim,53110004,Rize,semt,ptt-semt
birim,53110005,Rize,semt,ptt-semt
birim,53110006,Rize,semt,ptt-semt
birim,53110007,Rize,semt,ptt-semt
birim,53110008,Rize,semt,ptt-semt
birim,53110009,Rize,semt,ptt-semt
birim,53110010,Rize,semt,ptt-semt
birim,53110011,Rize,semt,ptt-semt
birim,53110012,Rize,semt,ptt-semt
birim,53110013,Rize,semt,ptt-semt
birim,53110014,Rize,semt,ptt-semt
birim,53110015,Rize,semt,ptt-semt
birim,53110016,Rize,semt,ptt-semt
birim,53110017,Rize,semt,ptt-semt
birim,53110018,Düz Köyü,tarihsel,wikidata-6360
birim,53110019,Rize,semt,ptt-semt
birim,53110020,Rize,semt,ptt-semt
birim,53110021,Rize,semt,ptt-semt
birim,53110022,Rize,semt,ptt-semt
birim,53110023,Rize,semt,ptt-semt
birim,53110024,Rize,semt,ptt-semt
birim,53110025,Rize,semt,ptt-semt
birim,53110026,Rize,semt,ptt-semt
birim,53110030,Rize,semt,ptt-semt
birim,53110031,Rize,semt,ptt-semt
birim,53110032,Rize,semt,ptt-semt
birim,53110033,Rize,semt,ptt-semt
birim,53110034,Rize,semt,ptt-semt
birim,53110035,Rize,semt,ptt-semt
birim,53110036,Rize,semt,ptt-semt
birim,53110037,Rize,semt,ptt-semt
birim,53110039,Rize,semt,ptt-semt
birim,53110044,Rize,semt,ptt-semt
birim,53110046,Rize,semt,ptt-semt
birim,53110048,Rize,semt,ptt-semt
birim,53110051,Rize,semt,ptt-semt
birim,53110052,Rize,semt,ptt-semt
birim,53110053,Rize,semt,ptt-semt
birim,53110054,Rize,semt,ptt-semt
birim,53110055,Rize,semt,ptt-semt
birim,53110056,Rize,semt,ptt-semt
birim,53110057,Rize,semt,ptt-semt
birim,53110061,Rize,semt,ptt-semt
birim,53110062,Rize,semt,ptt-semt
birim,53110064,Rize,semt,ptt-semt
birim,53110065,Rize,semt,ptt-semt
birim,53110068,Gündoğdu,semt,ptt-semt
birim,53110077,Gündoğdu,semt,ptt-semt
birim,53110080,Gündoğdu,semt,ptt-semt
birim,53110083,Gündoğdu,semt,ptt-semt
birim,53110090,Gündoğdu,semt,ptt-semt
birim,53110092,Gündoğdu,semt,ptt-semt
birim,53110100,Gündoğdu,semt,ptt-semt
birim,53110102,Gündoğdu,semt,ptt-semt
birim,53110104,Gündoğdu,semt,ptt-semt
birim,53110105,Gündoğdu,semt,ptt-semt
birim,53110107,Gündoğdu,semt,ptt-semt
birim,53110108,Gündoğdu,semt,ptt-semt
birim,53110112,Gündoğdu,semt,ptt-semt
birim,53110113,Gündoğdu,semt,ptt-semt
birim,53110114,Rize,semt,ptt-semt
birim,53110123,Gündoğdu,semt,ptt-semt
birim,53110128,Gündoğdu,semt,ptt-semt
birim,53110137,Gündoğdu,semt,ptt-semt
birim,53110140,Gündoğdu,semt,ptt-semt
birim,53110143,Gündoğdu,semt,ptt-semt
birim,53110145,Gündoğdu,semt,ptt-semt
birim,53110148,Gündoğdu,semt,ptt-semt
birim,53110153,Gündoğdu,semt,ptt-semt
birim,53110155,Rize,semt,ptt-semt
birim,53110162,Rize,semt,ptt-semt
birim,53110166,Gündoğdu,semt,ptt-semt
birim,53110170,Gündoğdu,semt,ptt-semt
birim,53110175,Gündoğdu,semt,ptt-semt
birim,53110177,Gündoğdu,semt,ptt-semt
birim,53110192,Gündoğdu,semt,ptt-semt
birim,53110199,Gündoğdu,semt,ptt-semt
birim,53110200,Gündoğdu,semt,ptt-semt
birim,53110214,Gündoğdu,semt,ptt-semt
birim,53110218,Gündoğdu,semt,ptt-semt
birim,53110220,Gündoğdu,semt,ptt-semt
birim,53110222,Gündoğdu,semt,ptt-semt
birim,53110227,Gündoğdu,semt,ptt-semt
birim,53110228,Gündoğdu,semt,ptt-semt
birim,53110230,Gündoğdu,semt,ptt-semt
birim,53110232,Gündoğdu,semt,ptt-semt
birim,53110234,Gündoğdu,semt,ptt-semt
birim,53110237,Gündoğdu,semt,ptt-semt
birim,53110238,Gündoğdu,semt,ptt-semt
birim,53110240,Gündoğdu,semt,ptt-semt
birim,53110246,Gündoğdu,semt,ptt-semt
birim,53110252,Gündoğdu,semt,ptt-semt
birim,53110255,Gündoğdu,semt,ptt-semt
birim,53110262,Gündoğdu,semt,ptt-semt
birim,53110263,Gündoğdu,semt,ptt-semt
birim,53110267,Gündoğdu,semt,ptt-semt
birim,53110271,Gündoğdu,semt,ptt-semt
birim,53110273,Gündoğdu,semt,ptt-semt
birim,53110275,Gündoğdu,semt,ptt-semt
birim,53110276,Gündoğdu,semt,ptt-semt
birim,53110277,Gündoğdu,semt,ptt-semt
birim,53110280,Gündoğdu,semt,ptt-semt
birim,53110281,Gündoğdu,semt,ptt-semt
birim,53110292,Gündoğdu,semt,ptt-semt
birim,53110299,Gündoğdu,semt,ptt-semt
birim,53110300,Gündoğdu,semt,ptt-semt
birim,53110303,Gündoğdu,semt,ptt-semt
birim,53110307,Gündoğdu,semt,ptt-semt
birim,53110309,Rize,semt,ptt-semt
birim,53110310,Gündoğdu,semt,ptt-semt
birim,53120007,Kocaköprü Köyü,tarihsel,wikidata-6360
birim,53120008,Ocak Köyü,tarihsel,wikidata-6360
birim,54010001,15 Temmuz Camili Köyü,tarihsel,wikidata-6360
birim,54010002,Abalı Köyü,tarihsel,wikidata-6360
birim,54010003,Acıelmalık Köyü,tarihsel,wikidata-6360
birim,54010005,Alandüzü Köyü,tarihsel,wikidata-6360
birim,54010006,Aşırlar Köyü,tarihsel,wikidata-6360
birim,54010009,Bileciler Köyü,tarihsel,wikidata-6360
birim,54010010,Budaklar Köyü,tarihsel,wikidata-6360
birim,54010011,Büyükhataplı Köyü,tarihsel,wikidata-6360
birim,54010012,Çağlayan Köyü,tarihsel,wikidata-6360
birim,54010013,Çaltıcak Köyü,tarihsel,wikidata-6360
birim,54010015,Çelebiler Köyü,tarihsel,wikidata-6360
birim,54010016,Çerçiler Köyü,tarihsel,wikidata-6360
birim,54010017,Çökekler Köyü,tarihsel,wikidata-6360
birim,54010020,Dağdibi Köyü,tarihsel,wikidata-6360
birim,54010021,Demirbey Köyü,tarihsel,wikidata-6360
birim,54010022,Doğancılar Köyü,tarihsel,wikidata-6360
birim,54010023,Elmalı Köyü,tarihsel,wikidata-6360
birim,54010024,Evrenköy Köyü,tarihsel,wikidata-6360
birim,54010025,Göktepe Köyü,tarihsel,wikidata-6360
birim,54010029,Hacılar Köyü,tarihsel,wikidata-6360
birim,54010030,Hacıramazanlar Köyü,tarihsel,wikidata-6360
birim,54010031,Harmantepe Köyü,tarihsel,wikidata-6360
birim,54010033,İkizce Müslim Köyü,tarihsel,wikidata-6360
birim,54010034,İkizce Osmaniye Köyü,tarihsel,wikidata-6360
birim,54010035,İlyaslar Köyü,tarihsel,wikidata-6360
birim,54010036,Işıklar Köyü,tarihsel,wikidata-6360
birim,54010038,Karadavutlu Köyü,tarihsel,wikidata-6360
birim,54010039,Karadere Köyü,tarihsel,wikidata-6360
birim,54010040,Karakamış Köyü,tarihsel,wikidata-6360
birim,54010041,Karaköy Köyü,tarihsel,wikidata-6360
birim,54010042,Karaman Köyü,tarihsel,wikidata-6360
birim,54010044,Karapınar Köyü,tarihsel,wikidata-6360
birim,54010045,Kasımlar Köyü,tarihsel,wikidata-6360
birim,54010046,Kavaklıorman Köyü,tarihsel,wikidata-6360
birim,54010047,Kayrancık Köyü,tarihsel,wikidata-6360
birim,54010048,Kışla Köyü,tarihsel,wikidata-6360
birim,54010049,Kömürlük Köyü,tarihsel,wikidata-6360
birim,54010050,Köprübaşı Köyü,tarihsel,wikidata-6360
birim,54010051,Korucuk Köyü,tarihsel,wikidata-6360
birim,54010052,Küçükhataplı Köyü,tarihsel,wikidata-6360
birim,54010053,Kurtbeyler Köyü,tarihsel,wikidata-6360
birim,54010058,Nasuhlar Köyü,tarihsel,wikidata-6360
birim,54010059,Örentepe Köyü,tarihsel,wikidata-6360
birim,54010063,Poyrazlar Köyü,tarihsel,wikidata-6360
birim,54010064,Rüstemler Köyü,tarihsel,wikidata-6360
birim,54010066,Salmanlı Köyü,tarihsel,wikidata-6360
birim,54010070,Solaklar Köyü,tarihsel,wikidata-6360
birim,54010071,Süleymanbey Köyü,tarihsel,wikidata-6360
birim,54010072,Taşkısığı Köyü,tarihsel,wikidata-6360
birim,54010073,Taşlık Köyü,tarihsel,wikidata-6360
birim,54010077,Turnadere Köyü,tarihsel,wikidata-6360
birim,54010084,Yeşilyurt Köyü,tarihsel,wikidata-6360
birim,54020001,Akbalık Köyü,tarihsel,wikidata-6360
birim,54020002,Alaağaç Köyü,tarihsel,wikidata-6360
birim,54020006,Ballıkaya Köyü,tarihsel,wikidata-6360
birim,54020007,Batakköy Köyü,tarihsel,wikidata-6360
birim,54020008,Bedil Kazancı Köyü,tarihsel,wikidata-6360
birim,54020009,Bedilkadırbey Köyü,tarihsel,wikidata-6360
birim,54020010,Bediltahirbey Köyü,tarihsel,wikidata-6360
birim,54020011,Beldibi Köyü,tarihsel,wikidata-6360
birim,54020012,Bıçkıdere Köyü,tarihsel,wikidata-6360
birim,54020013,Boztepe Köyü,tarihsel,wikidata-6360
birim,54020014,Buğdaylı Köyü,tarihsel,wikidata-6360
birim,54020015,Çakıroğlu Köyü,tarihsel,wikidata-6360
birim,54020016,Çatalköprü Köyü,tarihsel,wikidata-6360
birim,54020017,Çıldırlar Köyü,tarihsel,wikidata-6360
birim,54020019,Dedeler Köyü,tarihsel,wikidata-6360
birim,54020021,Durmuşlar Köyü,tarihsel,wikidata-6360
birim,54020022,Düzyazı Köyü,tarihsel,wikidata-6360
birim,54020023,Erdoğdu Köyü,tarihsel,wikidata-6360
birim,54020024,Eskibedil Köyü,tarihsel,wikidata-6360
birim,54020027,Gebeş Köyü,tarihsel,wikidata-6360
birim,54020028,Gökçeler Köyü,tarihsel,wikidata-6360
birim,54020029,Güvençler Köyü,tarihsel,wikidata-6360
birim,54020030,Güzlek Köyü,tarihsel,wikidata-6360
birim,54020031,Hanyatak Köyü,tarihsel,wikidata-6360
birim,54020032,Harunusta Köyü,tarihsel,wikidata-6360
birim,54020033,Hasanbey Köyü,tarihsel,wikidata-6360
birim,54020035,Haydarlar Köyü,tarihsel,wikidata-6360
birim,54020037,Kabakulak Köyü,tarihsel,wikidata-6360
birim,54020038,Karaçalılık Köyü,tarihsel,wikidata-6360
birim,54020039,Kepekli Köyü,tarihsel,wikidata-6360
birim,54020040,Kızılcıkorman Köyü,tarihsel,wikidata-6360
birim,54020044,Kumköprü Köyü,tarihsel,wikidata-6360
birim,54020047,Madenler Köyü,tarihsel,wikidata-6360
birim,54020048,Mansurlar Köyü,tarihsel,wikidata-6360
birim,54020049,Merkezyeniköy Köyü,tarihsel,wikidata-6360
birim,54020051,Osmanbey Köyü,tarihsel,wikidata-6360
birim,54020052,Pazarköy Köyü,tarihsel,wikidata-6360
birim,54020053,Reşadiye Köyü,tarihsel,wikidata-6360
birim,54020054,Salihiye Köyü,tarihsel,wikidata-6360
birim,54020055,Şerefiye Köyü,tarihsel,wikidata-6360
birim,54020056,Seyfeler Köyü,tarihsel,wikidata-6360
birim,54020057,Sukenarı Köyü,tarihsel,wikidata-6360
birim,54020058,Taşağıl Köyü,tarihsel,wikidata-6360
birim,54020059,Taşburun Köyü,tarihsel,wikidata-6360
birim,54020060,Taşyatak Köyü,tarihsel,wikidata-6360
birim,54020061,Topağaç Köyü,tarihsel,wikidata-6360
birim,54020062,Türkormanköy Köyü,tarihsel,wikidata-6360
birim,54020063,Uzunçınar Köyü,tarihsel,wikidata-6360
birim,54020064,Vakıf Köyü,tarihsel,wikidata-6360
birim,54020065,Yağcılar Köyü,tarihsel,wikidata-6360
birim,54020066,Yahyalı Köyü,tarihsel,wikidata-6360
birim,54020068,Yenidoğan Köyü,tarihsel,wikidata-6360
birim,54020069,Yeniorman Köyü,tarihsel,wikidata-6360
birim,54020070,Yongalık Köyü,tarihsel,wikidata-6360
birim,54020071,Yörükyeri Köyü,tarihsel,wikidata-6360
birim,54020073,Yuvalak Köyü,tarihsel,wikidata-6360
birim,54030001,Adliye Köyü,tarihsel,wikidata-6360
birim,54030002,Ahmediye Köyü,tarihsel,wikidata-6360
birim,54030005,Boğazköy Köyü,tarihsel,wikidata-6360
birim,54030006,Çaybaşı Fuadiye Köyü,tarihsel,wikidata-6360
birim,54030007,Çınardibi Köyü,tarihsel,wikidata-6360
birim,54030010,Hacıköy Köyü,tarihsel,wikidata-6360
birim,54030016,Kemaliye Köyü,tarihsel,wikidata-6360
birim,54030018,Kışlaçay Köyü,tarihsel,wikidata-6360
birim,54030019,Kumbaşı Köyü,tarihsel,wikidata-6360
birim,54030020,Mollaköy Köyü,tarihsel,wikidata-6360
birim,54030023,Türkçaybaşı Köyü,tarihsel,wikidata-6360
birim,54030024,Yukarıkirazca Köyü,tarihsel,wikidata-6360
birim,54040001,Alancuma Köyü,tarihsel,wikidata-6360
birim,54040004,Büyükesence Köyü,tarihsel,wikidata-6360
birim,54040006,Çaykışla Köyü,tarihsel,wikidata-6360
birim,54040007,Değirmendere Köyü,tarihsel,wikidata-6360
birim,54040009,Ekinli Köyü,tarihsel,wikidata-6360
birim,54040010,Emirler Köyü,tarihsel,wikidata-6360
birim,54040014,Hasanbey Köyü,tarihsel,wikidata-6360
birim,54040015,Horozlar Köyü,tarihsel,wikidata-6360
birim,54040017,Kamışlı Köyü,tarihsel,wikidata-6360
birim,54040018,Kayalarmemduhiye Köyü,tarihsel,wikidata-6360
birim,54040021,Küçükesence Köyü,tarihsel,wikidata-6360
birim,54040025,Sarıcalar Köyü,tarihsel,wikidata-6360
birim,54040026,Şeyhköy Köyü,tarihsel,wikidata-6360
birim,54040031,Yazılı Köyü,tarihsel,wikidata-6360
birim,54050001,Abdürrezzak Köyü,tarihsel,wikidata-6360
birim,54050002,Ağacık Köyü,tarihsel,wikidata-6360
birim,54050003,Akçukur Köyü,tarihsel,wikidata-6360
birim,54050004,Bakırlı Köyü,tarihsel,wikidata-6360
birim,54050005,Ceylandere Köyü,tarihsel,wikidata-6360
birim,54050006,Damlık Köyü,tarihsel,wikidata-6360
birim,54050007,Değirmencik Köyü,tarihsel,wikidata-6360
birim,54050009,Doğancı Köyü,tarihsel,wikidata-6360
birim,54050011,Hocaoğlu Köyü,tarihsel,wikidata-6360
birim,54050014,Karadiken Köyü,tarihsel,wikidata-6360
birim,54050016,Kusca Köyü,tarihsel,wikidata-6360
birim,54050017,Nalköy Köyü,tarihsel,wikidata-6360
birim,54050018,Osmanağa Çiftliği Köyü,tarihsel,wikidata-6360
birim,54050019,Sarıahmetler Köyü,tarihsel,wikidata-6360
birim,54050020,Seyifler Köyü,tarihsel,wikidata-6360
birim,54050022,Teberik Köyü,tarihsel,wikidata-6360
birim,54050023,Tokat Köyü,tarihsel,wikidata-6360
birim,54060001,Ahibaba Köyü,tarihsel,wikidata-6360
birim,54060002,Akdoğan Köyü,tarihsel,wikidata-6360
birim,54060003,Akıncı Köyü,tarihsel,wikidata-6360
birim,54060004,Akkaya Köyü,tarihsel,wikidata-6360
birim,54060006,Alıplar Köyü,tarihsel,wikidata-6360
birim,54060007,Aydınlar Köyü,tarihsel,wikidata-6360
birim,54060008,Bağcaz Köyü,tarihsel,wikidata-6360
birim,54060009,Bağlarbaşı Köyü,tarihsel,wikidata-6360
birim,54060010,Bayat Köyü,tarihsel,wikidata-6360
birim,54060011,Belpınar Köyü,tarihsel,wikidata-6360
birim,54060012,Bozören Köyü,tarihsel,wikidata-6360
birim,54060013,Burhaniye Köyü,tarihsel,wikidata-6360
birim,54060015,Çamlık Köyü,tarihsel,wikidata-6360
birim,54060016,Çayköy Köyü,tarihsel,wikidata-6360
birim,54060017,Ceceler Köyü,tarihsel,wikidata-6360
birim,54060019,Çengel Köyü,tarihsel,wikidata-6360
birim,54060020,Çine Köyü,tarihsel,wikidata-6360
birim,54060021,Çukurköy Köyü,tarihsel,wikidata-6360
birim,54060022,Demirler Köyü,tarihsel,wikidata-6360
birim,54060023,Dereköy Köyü,tarihsel,wikidata-6360
birim,54060024,Doğançay Köyü,tarihsel,wikidata-6360
birim,54060025,Doğancıl Köyü,tarihsel,wikidata-6360
birim,54060026,Doğantepe Köyü,tarihsel,wikidata-6360
birim,54060027,Düzakçaşehir Köyü,tarihsel,wikidata-6360
birim,54060028,Epçeler Köyü,tarihsel,wikidata-6360
birim,54060029,Esenköy Köyü,tarihsel,wikidata-6360
birim,54060030,Eşme Köyü,tarihsel,wikidata-6360
birim,54060031,Fındıksuyu Köyü,tarihsel,wikidata-6360
birim,54060033,Güney Köyü,tarihsel,wikidata-6360
birim,54060034,Günhoşlar Köyü,tarihsel,wikidata-6360
birim,54060035,Hacılar Köyü,tarihsel,wikidata-6360
birim,54060036,Hacıosmanlar Köyü,tarihsel,wikidata-6360
birim,54060037,Halidiye Köyü,tarihsel,wikidata-6360
birim,54060038,Hırka Köyü,tarihsel,wikidata-6360
birim,54060039,Hisarlık Köyü,tarihsel,wikidata-6360
birim,54060040,İhsaniye Köyü,tarihsel,wikidata-6360
birim,54060041,Ilıca Köyü,tarihsel,wikidata-6360
birim,54060042,İlimbey Köyü,tarihsel,wikidata-6360
birim,54060044,Kamışlı Köyü,tarihsel,wikidata-6360
birim,54060045,Karaçam Köyü,tarihsel,wikidata-6360
birim,54060046,Karacaören Köyü,tarihsel,wikidata-6360
birim,54060047,Kızılkaya Köyü,tarihsel,wikidata-6360
birim,54060048,Köprübaşı Köyü,tarihsel,wikidata-6360
birim,54060049,Koru Köyü,tarihsel,wikidata-6360
birim,54060050,Kozan Köyü,tarihsel,wikidata-6360
birim,54060051,Kulfallar Köyü,tarihsel,wikidata-6360
birim,54060052,Maksudiye Köyü,tarihsel,wikidata-6360
birim,54060053,Melekşeoruç Köyü,tarihsel,wikidata-6360
birim,54060054,Melekşesolak Köyü,tarihsel,wikidata-6360
birim,54060055,Nuruosmaniye Köyü,tarihsel,wikidata-6360
birim,54060056,Örencik Köyü,tarihsel,wikidata-6360
birim,54060058,Poydular Köyü,tarihsel,wikidata-6360
birim,54060059,Sabırlar Köyü,tarihsel,wikidata-6360
birim,54060060,Safibey Köyü,tarihsel,wikidata-6360
birim,54060061,Saraçlı Köyü,tarihsel,wikidata-6360
birim,54060062,Sarıgazi Köyü,tarihsel,wikidata-6360
birim,54060063,Şehren Köyü,tarihsel,wikidata-6360
birim,54060064,Sekiharman Köyü,tarihsel,wikidata-6360
birim,54060065,Şerefiye Köyü,tarihsel,wikidata-6360
birim,54060066,Setçe Köyü,tarihsel,wikidata-6360
birim,54060067,Suçatı Köyü,tarihsel,wikidata-6360
birim,54060068,Sütalan Köyü,tarihsel,wikidata-6360
birim,54060069,Taşoluk Köyü,tarihsel,wikidata-6360
birim,54060071,Umurbey Köyü,tarihsel,wikidata-6360
birim,54060072,Yaylak Köyü,tarihsel,wikidata-6360
birim,54070001,Akarca Köyü,tarihsel,wikidata-6360
birim,54070002,Akçayır Köyü,tarihsel,wikidata-6360
birim,54070003,Akova Köyü,tarihsel,wikidata-6360
birim,54070005,Aksu Köyü,tarihsel,wikidata-6360
birim,54070006,Aktefek Köyü,tarihsel,wikidata-6360
birim,54070007,Aşağıçalıca Köyü,tarihsel,wikidata-6360
birim,54070008,Bakacak Köyü,tarihsel,wikidata-6360
birim,54070009,Balıklıihsaniye Köyü,tarihsel,wikidata-6360
birim,54070012,Beyköy Köyü,tarihsel,wikidata-6360
birim,54070013,Beylice Köyü,tarihsel,wikidata-6360
birim,54070014,Bıçkıatik Köyü,tarihsel,wikidata-6360
birim,54070017,Çakallık Köyü,tarihsel,wikidata-6360
birim,54070019,Çayırbaşı Köyü,tarihsel,wikidata-6360
birim,54070021,Çobanyatak Köyü,tarihsel,wikidata-6360
birim,54070022,Çukurhan Köyü,tarihsel,wikidata-6360
birim,54070024,Dereköy Köyü,tarihsel,wikidata-6360
birim,54070025,Dikmen Köyü,tarihsel,wikidata-6360
birim,54070026,Esentepe Köyü,tarihsel,wikidata-6360
birim,54070027,Eskibıçkı Köyü,tarihsel,wikidata-6360
birim,54070028,Göksu Köyü,tarihsel,wikidata-6360
birim,54070029,Güldibi Köyü,tarihsel,wikidata-6360
birim,54070030,Gündoğan Köyü,tarihsel,wikidata-6360
birim,54070031,Güney Köyü,tarihsel,wikidata-6360
birim,54070032,Hacıkışla Köyü,tarihsel,wikidata-6360
birim,54070033,Hacimbey Köyü,tarihsel,wikidata-6360
birim,54070034,Halaç Köyü,tarihsel,wikidata-6360
birim,54070035,Hamitli Köyü,tarihsel,wikidata-6360
birim,54070036,Harmantepe Köyü,tarihsel,wikidata-6360
birim,54070037,Hicriye Köyü,tarihsel,wikidata-6360
birim,54070038,Hüseyinşeyh Köyü,tarihsel,wikidata-6360
birim,54070039,İkbaliye Köyü,tarihsel,wikidata-6360
birim,54070040,İkramiye Köyü,tarihsel,wikidata-6360
birim,54070041,Kadifekale Köyü,tarihsel,wikidata-6360
birim,54070042,Kahraman Köyü,tarihsel,wikidata-6360
birim,54070043,Kalayık Köyü,tarihsel,wikidata-6360
birim,54070044,Karadere Köyü,tarihsel,wikidata-6360
birim,54070045,Karatoprak Köyü,tarihsel,wikidata-6360
birim,54070046,Kargalı Hanbaba Köyü,tarihsel,wikidata-6360
birim,54070047,Kargalıyeniköy Köyü,tarihsel,wikidata-6360
birim,54070048,Kazımiye Köyü,tarihsel,wikidata-6360
birim,54070050,Kırktepe Köyü,tarihsel,wikidata-6360
birim,54070051,Kızanlık Köyü,tarihsel,wikidata-6360
birim,54070053,Kocatöngel Köyü,tarihsel,wikidata-6360
birim,54070056,Kurtuluş Köyü,tarihsel,wikidata-6360
birim,54070057,Lütfiyeköşk Köyü,tarihsel,wikidata-6360
birim,54070059,Martinler Köyü,tarihsel,wikidata-6360
birim,54070060,Muradiye Köyü,tarihsel,wikidata-6360
birim,54070061,Nuriye Köyü,tarihsel,wikidata-6360
birim,54070062,Paşaköy Köyü,tarihsel,wikidata-6360
birim,54070063,Pınarlı Köyü,tarihsel,wikidata-6360
birim,54070064,Puna Ortaköy Köyü,tarihsel,wikidata-6360
birim,54070067,Sarıyer Köyü,tarihsel,wikidata-6360
birim,54070068,Servetiye Köyü,tarihsel,wikidata-6360
birim,54070069,Şeyhler Köyü,tarihsel,wikidata-6360
birim,54070070,Sivritepe Köyü,tarihsel,wikidata-6360
birim,54070071,Sofular Köyü,tarihsel,wikidata-6360
birim,54070072,Soğuksu Köyü,tarihsel,wikidata-6360
birim,54070073,Sukenarı Köyü,tarihsel,wikidata-6360
birim,54070074,Süleymaniye Köyü,tarihsel,wikidata-6360
birim,54070075,Sümbüllü Köyü,tarihsel,wikidata-6360
birim,54070077,Türbe Köyü,tarihsel,wikidata-6360
birim,54070078,Tuzak Köyü,tarihsel,wikidata-6360
birim,54070079,Uzuncaorman Köyü,tarihsel,wikidata-6360
birim,54070081,Yağbasan Köyü,tarihsel,wikidata-6360
birim,54070082,Yarıca Köyü,tarihsel,wikidata-6360
birim,54070083,Yayalar Köyü,tarihsel,wikidata-6360
birim,54070085,Yeniköy Köyü,tarihsel,wikidata-6360
birim,54070086,Yeniyayla Köyü,tarihsel,wikidata-6360
birim,54070087,Yeşilköy Köyü,tarihsel,wikidata-6360
birim,54070088,Yeşilvadi Köyü,tarihsel,wikidata-6360
birim,54070090,Yukarıçalıca Köyü,tarihsel,wikidata-6360
birim,54070091,Yukarıhüseyinşeyh Köyü,tarihsel,wikidata-6360
birim,54080001,Ahmediye Köyü,tarihsel,wikidata-6360
birim,54080003,Çeşmebaşı Köyü,tarihsel,wikidata-6360
birim,54080005,Hocaköy Köyü,tarihsel,wikidata-6360
birim,54080007,Kanlıçay Köyü,tarihsel,wikidata-6360
birim,54080008,Kızılbayır Köyü,tarihsel,wikidata-6360
birim,54080009,Küçükkarapürçek Köyü,tarihsel,wikidata-6360
birim,54080010,Mecidiye Köyü,tarihsel,wikidata-6360
birim,54080011,Meşepınarı Köyü,tarihsel,wikidata-6360
birim,54080012,Mesudiye Köyü,tarihsel,wikidata-6360
birim,54080013,Yazılıgürgen Köyü,tarihsel,wikidata-6360
birim,54080014,Yüksel Köyü,tarihsel,wikidata-6360
birim,54090001,Adatepe Köyü,tarihsel,wikidata-6360
birim,54090002,Akkum Köyü,tarihsel,wikidata-6360
birim,54090003,Ardıçbeli Köyü,tarihsel,wikidata-6360
birim,54090005,Camitepe Köyü,tarihsel,wikidata-6360
birim,54090006,Çatalövez Köyü,tarihsel,wikidata-6360
birim,54090008,Denizköy Köyü,tarihsel,wikidata-6360
birim,54090009,Gölköprü Köyü,tarihsel,wikidata-6360
birim,54090010,Hürriyet Köyü,tarihsel,wikidata-6360
birim,54090011,İhsaniye Köyü,tarihsel,wikidata-6360
birim,54090014,Kancalar Köyü,tarihsel,wikidata-6360
birim,54090015,Karamüezzinler Köyü,tarihsel,wikidata-6360
birim,54090016,Karanlıkdere Köyü,tarihsel,wikidata-6360
birim,54090017,Karapınar Köyü,tarihsel,wikidata-6360
birim,54090018,Karasu Köyü,tarihsel,wikidata-6360
birim,54090019,Kızılcık Köyü,tarihsel,wikidata-6360
birim,54090020,Konacık Köyü,tarihsel,wikidata-6360
birim,54090022,Kurumeşe Köyü,tarihsel,wikidata-6360
birim,54090026,Manavpınarı Köyü,tarihsel,wikidata-6360
birim,54090027,Ortaköy Köyü,tarihsel,wikidata-6360
birim,54090028,Paralı Köyü,tarihsel,wikidata-6360
birim,54090029,Resuller Köyü,tarihsel,wikidata-6360
birim,54090030,Subatağı Köyü,tarihsel,wikidata-6360
birim,54090031,Taşlıgeçit Köyü,tarihsel,wikidata-6360
birim,54090033,Tuzla Köyü,tarihsel,wikidata-6360
birim,54090034,Üçoluk Köyü,tarihsel,wikidata-6360
birim,54090036,Yassıgeçit Köyü,tarihsel,wikidata-6360
birim,54090038,Yenidoğan Köyü,tarihsel,wikidata-6360
birim,54090039,Yeşilköy Köyü,tarihsel,wikidata-6360
birim,54100001,Akbaşlı Köyü,tarihsel,wikidata-6360
birim,54100002,Arifağa Köyü,tarihsel,wikidata-6360
birim,54100003,Başoğlu Köyü,tarihsel,wikidata-6360
birim,54100004,Birlik Köyü,tarihsel,wikidata-6360
birim,54100005,Büyükyanık Köyü,tarihsel,wikidata-6360
birim,54100006,Cebek Köyü,tarihsel,wikidata-6360
birim,54100007,Duduköy Köyü,tarihsel,wikidata-6360
birim,54100008,Eğrioğlu Köyü,tarihsel,wikidata-6360
birim,54100009,Gaziler Köyü,tarihsel,wikidata-6360
birim,54100010,Gölce Köyü,tarihsel,wikidata-6360
birim,54100011,Gürpınar Köyü,tarihsel,wikidata-6360
birim,54100012,Güven Köyü,tarihsel,wikidata-6360
birim,54100014,İmamlar Köyü,tarihsel,wikidata-6360
birim,54100015,İşaret Köyü,tarihsel,wikidata-6360
birim,54100016,Kalburcu Köyü,tarihsel,wikidata-6360
birim,54100017,Karaçalı Köyü,tarihsel,wikidata-6360
birim,54100018,Karamanlar Köyü,tarihsel,wikidata-6360
birim,54100019,Kayacık Köyü,tarihsel,wikidata-6360
birim,54100020,Kertil Köyü,tarihsel,wikidata-6360
birim,54100021,Kırktepe Köyü,tarihsel,wikidata-6360
birim,54100022,Kızılcaali Köyü,tarihsel,wikidata-6360
birim,54100024,Küçükkaynarca Köyü,tarihsel,wikidata-6360
birim,54100025,Küçükkışla Köyü,tarihsel,wikidata-6360
birim,54100026,Kulaklı Köyü,tarihsel,wikidata-6360
birim,54100028,Müezzinler Köyü,tarihsel,wikidata-6360
birim,54100029,Okçular Köyü,tarihsel,wikidata-6360
birim,54100030,Ömerağa Köyü,tarihsel,wikidata-6360
birim,54100032,Ortaköy Köyü,tarihsel,wikidata-6360
birim,54100033,Osmanlı Köyü,tarihsel,wikidata-6360
birim,54100034,Sabırlı Köyü,tarihsel,wikidata-6360
birim,54100035,Sarıbeyli Köyü,tarihsel,wikidata-6360
birim,54100036,Şeyhtımarı Köyü,tarihsel,wikidata-6360
birim,54100037,Taşoluk Köyü,tarihsel,wikidata-6360
birim,54100038,Topçu Köyü,tarihsel,wikidata-6360
birim,54100039,Turnalı Köyü,tarihsel,wikidata-6360
birim,54100040,Uğurlu Köyü,tarihsel,wikidata-6360
birim,54100041,Uzakkışla Köyü,tarihsel,wikidata-6360
birim,54100042,Uzunalan Köyü,tarihsel,wikidata-6360
birim,54100043,Yeniçam Köyü,tarihsel,wikidata-6360
birim,54100044,Yeşilova Köyü,tarihsel,wikidata-6360
birim,54100045,Ziahmet Köyü,tarihsel,wikidata-6360
birim,54110001,Açmabaşı Köyü,tarihsel,wikidata-6360
birim,54110003,Akpınar Köyü,tarihsel,wikidata-6360
birim,54110004,Aktaş Köyü,tarihsel,wikidata-6360
birim,54110006,Aydoğan Köyü,tarihsel,wikidata-6360
birim,54110007,Beyler Köyü,tarihsel,wikidata-6360
birim,54110008,Bezirgan Köyü,tarihsel,wikidata-6360
birim,54110009,Caferiye Köyü,tarihsel,wikidata-6360
birim,54110010,Çakmaklı Köyü,tarihsel,wikidata-6360
birim,54110011,Çukurköy Köyü,tarihsel,wikidata-6360
birim,54110012,Demiraçma Köyü,tarihsel,wikidata-6360
birim,54110013,Görele Köyü,tarihsel,wikidata-6360
birim,54110016,Kadıköy Köyü,tarihsel,wikidata-6360
birim,54110017,Karalar Köyü,tarihsel,wikidata-6360
birim,54110018,Karapelit Köyü,tarihsel,wikidata-6360
birim,54110020,Kestanepınarı Köyü,tarihsel,wikidata-6360
birim,54110021,Kirazlı Köyü,tarihsel,wikidata-6360
birim,54110022,Kızılüzüm Köyü,tarihsel,wikidata-6360
birim,54110023,Koğutpelit Köyü,tarihsel,wikidata-6360
birim,54110024,Köyyeri Köyü,tarihsel,wikidata-6360
birim,54110025,Kozluk Köyü,tarihsel,wikidata-6360
birim,54110026,Küplük Köyü,tarihsel,wikidata-6360
birim,54110027,Melen Köyü,tarihsel,wikidata-6360
birim,54110029,Selahiye Köyü,tarihsel,wikidata-6360
birim,54110030,Şerbetpınar Köyü,tarihsel,wikidata-6360
birim,54110031,Süngüt Köyü,tarihsel,wikidata-6360
birim,54110033,Yalpankaya Köyü,tarihsel,wikidata-6360
birim,54110034,Yanıksayvant Köyü,tarihsel,wikidata-6360
birim,54120001,Ağaççılar Köyü,tarihsel,wikidata-6360
birim,54120002,Ahılar Köyü,tarihsel,wikidata-6360
birim,54120003,Akçakaya Köyü,tarihsel,wikidata-6360
birim,54120004,Bacıköy Köyü,tarihsel,wikidata-6360
birim,54120005,Bakacak Köyü,tarihsel,wikidata-6360
birim,54120006,Bayırakçaşehir Köyü,tarihsel,wikidata-6360
birim,54120007,Çardak Köyü,tarihsel,wikidata-6360
birim,54120008,Cihadiye Köyü,tarihsel,wikidata-6360
birim,54120009,Çilekli Köyü,tarihsel,wikidata-6360
birim,54120011,Eğriçay Köyü,tarihsel,wikidata-6360
birim,54120013,Eskiyayla Köyü,tarihsel,wikidata-6360
birim,54120014,Fevziye Köyü,tarihsel,wikidata-6360
birim,54120015,Gökgöz Köyü,tarihsel,wikidata-6360
birim,54120016,Gonca Köyü,tarihsel,wikidata-6360
birim,54120017,Hayrettin Köyü,tarihsel,wikidata-6360
birim,54120018,Hüseyinli Köyü,tarihsel,wikidata-6360
birim,54120019,İsabalı Köyü,tarihsel,wikidata-6360
birim,54120020,Kadıköy Köyü,tarihsel,wikidata-6360
birim,54120021,Karapınar Köyü,tarihsel,wikidata-6360
birim,54120022,Kazımiye Köyü,tarihsel,wikidata-6360
birim,54120023,Kemaliye Köyü,tarihsel,wikidata-6360
birim,54120024,Mekece Köyü,tarihsel,wikidata-6360
birim,54120025,Oruçlu Köyü,tarihsel,wikidata-6360
birim,54120026,Özbek Köyü,tarihsel,wikidata-6360
birim,54120027,Paşalar Köyü,tarihsel,wikidata-6360
birim,54120028,Pınarlı Köyü,tarihsel,wikidata-6360
birim,54120029,Şahmelek Köyü,tarihsel,wikidata-6360
birim,54120030,Şeyhvarmaz Köyü,tarihsel,wikidata-6360
birim,54120032,Turgutlu Köyü,tarihsel,wikidata-6360
birim,54130001,Akçay Köyü,tarihsel,wikidata-6360
birim,54130002,Balkaya Köyü,tarihsel,wikidata-6360
birim,54130005,Fevziye Köyü,tarihsel,wikidata-6360
birim,54130009,Hacımercan Köyü,tarihsel,wikidata-6360
birim,54130010,İkramiye Köyü,tarihsel,wikidata-6360
birim,54130011,İlmiye Köyü,tarihsel,wikidata-6360
birim,54130012,İstanbuldere Köyü,tarihsel,wikidata-6360
birim,54130019,Kuruçeşme Köyü,tarihsel,wikidata-6360
birim,54130020,Mahmudiye Köyü,tarihsel,wikidata-6360
birim,54130021,Memnuniye Köyü,tarihsel,wikidata-6360
birim,54130022,Muradiye Köyü,tarihsel,wikidata-6360
birim,54130023,Nailiye Köyü,tarihsel,wikidata-6360
birim,54130025,Şükriye Köyü,tarihsel,wikidata-6360
birim,54130026,Ünlüce Köyü,tarihsel,wikidata-6360
birim,54130027,Uzunkum Köyü,tarihsel,wikidata-6360
birim,54130028,Yanık Köyü,tarihsel,wikidata-6360
birim,54140002,Aralık Köyü,tarihsel,wikidata-6360
birim,54140003,Aşağıdereköy Köyü,tarihsel,wikidata-6360
birim,54140005,Beşevler Köyü,tarihsel,wikidata-6360
birim,54140007,Çubuklu Köyü,tarihsel,wikidata-6360
birim,54140008,Dağyoncalı Köyü,tarihsel,wikidata-6360
birim,54140014,Kızılcıklı Köyü,tarihsel,wikidata-6360
birim,54140016,Kuruçeşme Köyü,tarihsel,wikidata-6360
birim,54140017,Meşeli Köyü,tarihsel,wikidata-6360
birim,54140020,Selahiye Köyü,tarihsel,wikidata-6360
birim,54140021,Uzunköy Köyü,tarihsel,wikidata-6360
birim,54140024,Yukarıdereköy Köyü,tarihsel,wikidata-6360
birim,54150004,Beşdeğirmen Köyü,tarihsel,wikidata-6360
birim,54150006,Fındıklı Köyü,tarihsel,wikidata-6360
birim,54150008,Hasanfakı Köyü,tarihsel,wikidata-6360
birim,54150009,İmamlar Köyü,tarihsel,wikidata-6360
birim,54150010,Kantar Köyü,tarihsel,wikidata-6360
birim,54150011,Karateke Köyü,tarihsel,wikidata-6360
birim,54150013,Kurudil Köyü,tarihsel,wikidata-6360
birim,54150014,Levent Köyü,tarihsel,wikidata-6360
birim,54150015,Mağara Köyü,tarihsel,wikidata-6360
birim,54150016,Maksudiye Köyü,tarihsel,wikidata-6360
birim,54150019,Sıraköy Köyü,tarihsel,wikidata-6360
birim,54150020,Soğucak Köyü,tarihsel,wikidata-6360
birim,54150021,Tokmaklıdere Köyü,tarihsel,wikidata-6360
birim,54150022,Türkbeylikkışla Köyü,tarihsel,wikidata-6360
birim,54150023,Yeniköy Köyü,tarihsel,wikidata-6360
birim,54160001,Akçapınar Köyü,tarihsel,wikidata-6360
birim,54160002,Aksu Köyü,tarihsel,wikidata-6360
birim,54160003,Alballar Köyü,tarihsel,wikidata-6360
birim,54160004,Avdan Köyü,tarihsel,wikidata-6360
birim,54160005,Çamtepe Köyü,tarihsel,wikidata-6360
birim,54160006,Dışdedeler Köyü,tarihsel,wikidata-6360
birim,54160007,Duman Köyü,tarihsel,wikidata-6360
birim,54160008,Esenyurt Köyü,tarihsel,wikidata-6360
birim,54160009,Hacıaliler Köyü,tarihsel,wikidata-6360
birim,54160011,Hacıyakup Köyü,tarihsel,wikidata-6360
birim,54160012,Harkköy Köyü,tarihsel,wikidata-6360
birim,54160013,İçdedeler Köyü,tarihsel,wikidata-6360
birim,54160014,Kemaller Köyü,tarihsel,wikidata-6360
birim,54160015,Mahdumlar Köyü,tarihsel,wikidata-6360
birim,54160016,Pirler Köyü,tarihsel,wikidata-6360
birim,54160017,Tuzla Köyü,tarihsel,wikidata-6360
birim,54160018,Uğurlu Köyü,tarihsel,wikidata-6360
birim,54160021,Yeniköy Köyü,tarihsel,wikidata-6360
birim,55010001,19 Mayıs Ballıca,semt,ptt-semt
birim,55010001,Aydınpınar Köyü,tarihsel,wikidata-6360
birim,55010002,19 Mayıs Ballıca,semt,ptt-semt
birim,55010003,19 Mayıs Ballıca,semt,ptt-semt
birim,55010004,19 Mayıs Ballıca,semt,ptt-semt
birim,55010004,Beylik Köyü,tarihsel,wikidata-6360
birim,55010005,19 Mayıs Ballıca,semt,ptt-semt
birim,55010006,19 Mayıs Ballıca,semt,ptt-semt
birim,55010006,Çandır Köyü,tarihsel,wikidata-6360
birim,55010007,19 Mayıs Ballıca,semt,ptt-semt
birim,55010007,Çepinler Köyü,tarihsel,wikidata-6360
birim,55010008,19 Mayıs Ballıca,semt,ptt-semt
birim,55010008,Cerekli Köyü,tarihsel,wikidata-6360
birim,55010009,19 Mayıs Ballıca,semt,ptt-semt
birim,55010009,Çetirlipınar Köyü,tarihsel,wikidata-6360
birim,55010010,19 Mayıs Ballıca,semt,ptt-semt
birim,55010010,Çiftlikköy Köyü,tarihsel,wikidata-6360
birim,55010011,19 Mayıs Ballıca,semt,ptt-semt
birim,55010012,19 Mayıs Ballıca,semt,ptt-semt
birim,55010012,Dağköy Köyü,tarihsel,wikidata-6360
birim,55010013,19 Mayıs Ballıca,semt,ptt-semt
birim,55010014,19 Mayıs Ballıca,semt,ptt-semt
birim,55010014,Düzköy Köyü,tarihsel,wikidata-6360
birim,55010015,19 Mayıs Ballıca,semt,ptt-semt
birim,55010015,Engiz Köyü,tarihsel,wikidata-6360
birim,55010016,19 Mayıs Ballıca,semt,ptt-semt
birim,55010016,Esentepe Köyü,tarihsel,wikidata-6360
birim,55010017,19 Mayıs Ballıca,semt,ptt-semt
birim,55010018,19 Mayıs Ballıca,semt,ptt-semt
birim,55010018,Fındıklı Köyü,tarihsel,wikidata-6360
birim,55010019,19 Mayıs Ballıca,semt,ptt-semt
birim,55010019,Hibe Köyü,tarihsel,wikidata-6360
birim,55010020,19 Mayıs Ballıca,semt,ptt-semt
birim,55010021,19 Mayıs Ballıca,semt,ptt-semt
birim,55010021,Karacaoğlu Köyü,tarihsel,wikidata-6360
birim,55010022,19 Mayıs Ballıca,semt,ptt-semt
birim,55010022,Karagöl Köyü,tarihsel,wikidata-6360
birim,55010023,19 Mayıs Ballıca,semt,ptt-semt
birim,55010024,19 Mayıs Ballıca,semt,ptt-semt
birim,55010024,Kertme Köyü,tarihsel,wikidata-6360
birim,55010025,19 Mayıs Ballıca,semt,ptt-semt
birim,55010025,Kösedik Köyü,tarihsel,wikidata-6360
birim,55010026,19 Mayıs Ballıca,semt,ptt-semt
birim,55010027,19 Mayıs Ballıca,semt,ptt-semt
birim,55010027,Kuşkayası Köyü,tarihsel,wikidata-6360
birim,55010028,19 Mayıs Ballıca,semt,ptt-semt
birim,55010029,19 Mayıs Ballıca,semt,ptt-semt
birim,55010029,Ormancık Köyü,tarihsel,wikidata-6360
birim,55010030,19 Mayıs Ballıca,semt,ptt-semt
birim,55010031,19 Mayıs Ballıca,semt,ptt-semt
birim,55010031,Tepeköy Köyü,tarihsel,wikidata-6360
birim,55010032,19 Mayıs Ballıca,semt,ptt-semt
birim,55010033,19 Mayıs Ballıca,semt,ptt-semt
birim,55010033,Yeşilköy Köyü,tarihsel,wikidata-6360
birim,55010034,19 Mayıs Ballıca,semt,ptt-semt
birim,55010035,19 Mayıs Ballıca,semt,ptt-semt
birim,55010035,Yeşilyurt Köyü,tarihsel,wikidata-6360
birim,55010036,19 Mayıs Ballıca,semt,ptt-semt
birim,55010037,19 Mayıs Ballıca,semt,ptt-semt
birim,55010038,19 Mayıs Ballıca,semt,ptt-semt
birim,55020001,Akbulut Köyü,tarihsel,wikidata-6360
birim,55020002,Akgüney Köyü,tarihsel,wikidata-6360
birim,55020003,Alidedebölmesi Köyü,tarihsel,wikidata-6360
birim,55020005,Aşağı Akgüney Köyü,tarihsel,wikidata-6360
birim,55020006,Aşağıısırganlı Köyü,tarihsel,wikidata-6360
birim,55020007,Aşağıkoçlu Köyü,tarihsel,wikidata-6360
birim,55020008,Bahşioymağı Köyü,tarihsel,wikidata-6360
birim,55020011,Demircideresi Köyü,tarihsel,wikidata-6360
birim,55020012,Doğankent Köyü,tarihsel,wikidata-6360
birim,55020013,Doyran Köyü,tarihsel,wikidata-6360
birim,55020015,Etyemez Köyü,tarihsel,wikidata-6360
birim,55020017,Göçkün Köyü,tarihsel,wikidata-6360
birim,55020018,Gökçeağaçoymağı Köyü,tarihsel,wikidata-6360
birim,55020019,Gökçeboğaz Köyü,tarihsel,wikidata-6360
birim,55020020,Gülkaya Köyü,tarihsel,wikidata-6360
birim,55020022,Gümüşova Köyü,tarihsel,wikidata-6360
birim,55020023,Güvenli Köyü,tarihsel,wikidata-6360
birim,55020024,Habilli Köyü,tarihsel,wikidata-6360
birim,55020025,Harmancık Köyü,tarihsel,wikidata-6360
birim,55020028,Kalıkdemirci Köyü,tarihsel,wikidata-6360
birim,55020029,Kapaklı Köyü,tarihsel,wikidata-6360
birim,55020030,Karaçukur Köyü,tarihsel,wikidata-6360
birim,55020031,Karahüseyinli Köyü,tarihsel,wikidata-6360
birim,55020032,Karlı Köyü,tarihsel,wikidata-6360
birim,55020034,Killik Köyü,tarihsel,wikidata-6360
birim,55020035,Kışlakonak Köyü,tarihsel,wikidata-6360
birim,55020036,Kızlan Köyü,tarihsel,wikidata-6360
birim,55020037,Köseköy Köyü,tarihsel,wikidata-6360
birim,55020039,Örenli Köyü,tarihsel,wikidata-6360
birim,55020040,Ortaköy Köyü,tarihsel,wikidata-6360
birim,55020041,Pelitbükü Köyü,tarihsel,wikidata-6360
birim,55020043,Sancar Köyü,tarihsel,wikidata-6360
birim,55020044,Sarılık Köyü,tarihsel,wikidata-6360
birim,55020045,Şirinköy Köyü,tarihsel,wikidata-6360
birim,55020046,Soğukçam Köyü,tarihsel,wikidata-6360
birim,55020048,Tefekli Köyü,tarihsel,wikidata-6360
birim,55020049,Tepebölmesi Köyü,tarihsel,wikidata-6360
birim,55020050,Terskırık Köyü,tarihsel,wikidata-6360
birim,55020051,Toplu Köyü,tarihsel,wikidata-6360
birim,55020052,Umutlu Köyü,tarihsel,wikidata-6360
birim,55020053,Uzunkıraç Köyü,tarihsel,wikidata-6360
birim,55020054,Vicikler Köyü,tarihsel,wikidata-6360
birim,55020057,Yenice Köyü,tarihsel,wikidata-6360
birim,55020058,Yeniköy Köyü,tarihsel,wikidata-6360
birim,55020059,Yeşilköy Köyü,tarihsel,wikidata-6360
birim,55020060,Yoğunpelit Köyü,tarihsel,wikidata-6360
birim,55020061,Yukarıelma Köyü,tarihsel,wikidata-6360
birim,55020062,Yukarıısırganlı Köyü,tarihsel,wikidata-6360
birim,55020063,Yukarıkoçlu Köyü,tarihsel,wikidata-6360
birim,55020064,Yukarısoğukçam Köyü,tarihsel,wikidata-6360
birim,55020065,Zeytin Köyü,tarihsel,wikidata-6360
birim,55030001,Acısu Köyü,tarihsel,wikidata-6360
birim,55030002,Akyazı Köyü,tarihsel,wikidata-6360
birim,55030003,Alan Köyü,tarihsel,wikidata-6360
birim,55030004,Alişar Köyü,tarihsel,wikidata-6360
birim,55030005,Arıcak Köyü,tarihsel,wikidata-6360
birim,55030006,Armutlu Köyü,tarihsel,wikidata-6360
birim,55030007,Aşuru Köyü,tarihsel,wikidata-6360
birim,55030009,Ayaklıalan Köyü,tarihsel,wikidata-6360
birim,55030010,Aydınköy Köyü,tarihsel,wikidata-6360
birim,55030012,Çulhaoğlu Köyü,tarihsel,wikidata-6360
birim,55030013,Dağcılar Köyü,tarihsel,wikidata-6360
birim,55030014,Emirmusa Köyü,tarihsel,wikidata-6360
birim,55030015,Esentepe Köyü,tarihsel,wikidata-6360
birim,55030016,Gökgöl Köyü,tarihsel,wikidata-6360
birim,55030017,Gülveren Köyü,tarihsel,wikidata-6360
birim,55030019,Hisariye Köyü,tarihsel,wikidata-6360
birim,55030020,İmamlı Köyü,tarihsel,wikidata-6360
birim,55030021,Kesealan Köyü,tarihsel,wikidata-6360
birim,55030022,Kılavuzlu Köyü,tarihsel,wikidata-6360
birim,55030023,Koşaca Köyü,tarihsel,wikidata-6360
birim,55030024,Kuyumcuoğlu Köyü,tarihsel,wikidata-6360
birim,55030025,Musaağa Köyü,tarihsel,wikidata-6360
birim,55030026,Sakızlık Köyü,tarihsel,wikidata-6360
birim,55030027,Uluköy Köyü,tarihsel,wikidata-6360
birim,55030028,Yarımca Köyü,tarihsel,wikidata-6360
birim,55030029,Yaylaköy Köyü,tarihsel,wikidata-6360
birim,55030030,Yeniömerli Köyü,tarihsel,wikidata-6360
birim,55030031,Yeşildere Köyü,tarihsel,wikidata-6360
birim,55030032,Yeşilköy Köyü,tarihsel,wikidata-6360
birim,55040001,Akalan Köyü,tarihsel,wikidata-6360
birim,55040002,Aksu Köyü,tarihsel,wikidata-6360
birim,55040004,Aslandamı Köyü,tarihsel,wikidata-6360
birim,55040006,Ayvalı Köyü,tarihsel,wikidata-6360
birim,55040007,Balaç Köyü,tarihsel,wikidata-6360
birim,55040008,Beypınar Köyü,tarihsel,wikidata-6360
birim,55040010,Kurupelit,semt,ptt-semt
birim,55040011,Kurupelit,semt,ptt-semt
birim,55040014,Çamlıyazı Köyü,tarihsel,wikidata-6360
birim,55040015,Çatmaoluk Köyü,tarihsel,wikidata-6360
birim,55040016,Çobanlı Köyü,tarihsel,wikidata-6360
birim,55040017,Çobanözü Köyü,tarihsel,wikidata-6360
birim,55040020,Elmaçukuru Köyü,tarihsel,wikidata-6360
birim,55040021,Erikli Köyü,tarihsel,wikidata-6360
birim,55040023,Güneyköy Köyü,tarihsel,wikidata-6360
birim,55040024,Kurupelit,semt,ptt-semt
birim,55040025,Kurupelit,semt,ptt-semt
birim,55040026,Kurupelit,semt,ptt-semt
birim,55040027,Kurupelit,semt,ptt-semt
birim,55040029,Kabadüz Köyü,tarihsel,wikidata-6360
birim,55040030,Kamalı Köyü,tarihsel,wikidata-6360
birim,55040031,Karakavuk Köyü,tarihsel,wikidata-6360
birim,55040032,Karaoyumca Köyü,tarihsel,wikidata-6360
birim,55040033,Kasnakcımermer Köyü,tarihsel,wikidata-6360
birim,55040034,Kayagüney Köyü,tarihsel,wikidata-6360
birim,55040036,Kurupelit,semt,ptt-semt
birim,55040037,Köseli Köyü,tarihsel,wikidata-6360
birim,55040038,Küçükkolpınar Köyü,tarihsel,wikidata-6360
birim,55040039,Kulacadağ Köyü,tarihsel,wikidata-6360
birim,55040040,Kurugökçe Köyü,tarihsel,wikidata-6360
birim,55040042,Meyvalı Köyü,tarihsel,wikidata-6360
birim,55040044,Özören Köyü,tarihsel,wikidata-6360
birim,55040045,Sarayköy Köyü,tarihsel,wikidata-6360
birim,55040046,Sarıışık Köyü,tarihsel,wikidata-6360
birim,55040047,Sarıtaş Köyü,tarihsel,wikidata-6360
birim,55040048,Sarıyusuf Köyü,tarihsel,wikidata-6360
birim,55040049,Şenyurt Köyü,tarihsel,wikidata-6360
birim,55040051,Kurupelit,semt,ptt-semt
birim,55040052,Kurupelit,semt,ptt-semt
birim,55040054,Yeşiltepe Köyü,tarihsel,wikidata-6360
birim,55040055,Kurupelit,semt,ptt-semt
birim,55040056,Yukarıaksu Köyü,tarihsel,wikidata-6360
birim,55050001,Ardıç Köyü,tarihsel,wikidata-6360
birim,55050002,Başalan Köyü,tarihsel,wikidata-6360
birim,55050003,Çamalan Köyü,tarihsel,wikidata-6360
birim,55050004,Çamlıkale Köyü,tarihsel,wikidata-6360
birim,55050005,Çarşıköy Köyü,tarihsel,wikidata-6360
birim,55050006,Çökekli Köyü,tarihsel,wikidata-6360
birim,55050007,Döngel Köyü,tarihsel,wikidata-6360
birim,55050009,Esenyurt Köyü,tarihsel,wikidata-6360
birim,55050010,Eynel Köyü,tarihsel,wikidata-6360
birim,55050014,Gültepe Köyü,tarihsel,wikidata-6360
birim,55050015,Gürçam Köyü,tarihsel,wikidata-6360
birim,55050016,Güzelyurt Köyü,tarihsel,wikidata-6360
birim,55050017,Kabaklık Köyü,tarihsel,wikidata-6360
birim,55050020,Karşıdöngel Köyü,tarihsel,wikidata-6360
birim,55050021,Kazancılı Köyü,tarihsel,wikidata-6360
birim,55050023,Koçyurdu Köyü,tarihsel,wikidata-6360
birim,55050025,Örencik Köyü,tarihsel,wikidata-6360
birim,55050028,Ortaköy Köyü,tarihsel,wikidata-6360
birim,55050030,Sahilköy Köyü,tarihsel,wikidata-6360
birim,55050031,Şenpınar Köyü,tarihsel,wikidata-6360
birim,55050032,Söğütpınar Köyü,tarihsel,wikidata-6360
birim,55050034,Terice Köyü,tarihsel,wikidata-6360
birim,55050035,Tiryakioğlu Köyü,tarihsel,wikidata-6360
birim,55050036,Uğurlu Köyü,tarihsel,wikidata-6360
birim,55050037,Yenice Köyü,tarihsel,wikidata-6360
birim,55050038,Yeniköy Köyü,tarihsel,wikidata-6360
birim,55050039,Yeşilçam Köyü,tarihsel,wikidata-6360
birim,55050041,Yeşilpınar Köyü,tarihsel,wikidata-6360
birim,55050043,Zafer Köyü,tarihsel,wikidata-6360
birim,55060001,Adaköy Köyü,tarihsel,wikidata-6360
birim,55060002,Ağcaalan Köyü,tarihsel,wikidata-6360
birim,55060003,Ağıllar Köyü,tarihsel,wikidata-6360
birim,55060004,Akalan Köyü,tarihsel,wikidata-6360
birim,55060005,Aktekke Köyü,tarihsel,wikidata-6360
birim,55060006,Alaçam Köyü,tarihsel,wikidata-6360
birim,55060008,Altınay Köyü,tarihsel,wikidata-6360
birim,55060010,Altınova Köyü,tarihsel,wikidata-6360
birim,55060012,Asar Köyü,tarihsel,wikidata-6360
birim,55060013,Asmaçam Köyü,tarihsel,wikidata-6360
birim,55060014,Azay Köyü,tarihsel,wikidata-6360
birim,55060016,Bakırpınarı Köyü,tarihsel,wikidata-6360
birim,55060017,Balıklar Köyü,tarihsel,wikidata-6360
birim,55060018,Barış Köyü,tarihsel,wikidata-6360
birim,55060019,Başaran Köyü,tarihsel,wikidata-6360
birim,55060020,Başkaya Köyü,tarihsel,wikidata-6360
birim,55060021,Bengü Köyü,tarihsel,wikidata-6360
birim,55060022,Boğazkaya Köyü,tarihsel,wikidata-6360
birim,55060023,Burunca Köyü,tarihsel,wikidata-6360
birim,55060025,Çalköy Köyü,tarihsel,wikidata-6360
birim,55060026,Çamaltı Köyü,tarihsel,wikidata-6360
birim,55060027,Çatak Köyü,tarihsel,wikidata-6360
birim,55060028,Çataltepe Köyü,tarihsel,wikidata-6360
birim,55060031,Çulhakoca Köyü,tarihsel,wikidata-6360
birim,55060033,Darboğaz Köyü,tarihsel,wikidata-6360
birim,55060034,Dededağı Köyü,tarihsel,wikidata-6360
birim,55060035,Dedeli Köyü,tarihsel,wikidata-6360
birim,55060036,Derbent Köyü,tarihsel,wikidata-6360
birim,55060037,Dereler Köyü,tarihsel,wikidata-6360
birim,55060038,Dikencik Köyü,tarihsel,wikidata-6360
birim,55060040,Doğankaya Köyü,tarihsel,wikidata-6360
birim,55060041,Düzköy Köyü,tarihsel,wikidata-6360
birim,55060042,Elalan Köyü,tarihsel,wikidata-6360
birim,55060043,Eldavut Köyü,tarihsel,wikidata-6360
birim,55060045,Emenli Köyü,tarihsel,wikidata-6360
birim,55060047,Esençay Köyü,tarihsel,wikidata-6360
birim,55060048,Evrenuşağı Köyü,tarihsel,wikidata-6360
birim,55060049,Eynegazi Köyü,tarihsel,wikidata-6360
birim,55060051,Fener Köyü,tarihsel,wikidata-6360
birim,55060053,Gazibeyli Köyü,tarihsel,wikidata-6360
birim,55060056,Gerzeliler Köyü,tarihsel,wikidata-6360
birim,55060057,Gökalan Köyü,tarihsel,wikidata-6360
birim,55060059,Gökçekent Köyü,tarihsel,wikidata-6360
birim,55060060,Gökçesu Köyü,tarihsel,wikidata-6360
birim,55060061,Göltepe Köyü,tarihsel,wikidata-6360
birim,55060062,Gümüşyaprak Köyü,tarihsel,wikidata-6360
birim,55060065,Harız Köyü,tarihsel,wikidata-6360
birim,55060066,Hıdırellez Köyü,tarihsel,wikidata-6360
birim,55060067,Hüseyinbeyli Köyü,tarihsel,wikidata-6360
birim,55060068,İğdir Köyü,tarihsel,wikidata-6360
birim,55060070,İkiztepe Köyü,tarihsel,wikidata-6360
birim,55060072,İnözükoşaca Köyü,tarihsel,wikidata-6360
birim,55060075,Kahraman Köyü,tarihsel,wikidata-6360
birim,55060076,Kalaycılı Köyü,tarihsel,wikidata-6360
birim,55060077,Kamberli Köyü,tarihsel,wikidata-6360
birim,55060078,Kanlıgüney Köyü,tarihsel,wikidata-6360
birim,55060079,Kapıkaya Köyü,tarihsel,wikidata-6360
birim,55060080,Karaburç Köyü,tarihsel,wikidata-6360
birim,55060081,Karakütük Köyü,tarihsel,wikidata-6360
birim,55060082,Karıncak Köyü,tarihsel,wikidata-6360
birim,55060083,Karpuzlu Köyü,tarihsel,wikidata-6360
birim,55060085,Kaygusuz Köyü,tarihsel,wikidata-6360
birim,55060086,Kelikler Köyü,tarihsel,wikidata-6360
birim,55060088,Keresteci Köyü,tarihsel,wikidata-6360
birim,55060091,Komşupınar Köyü,tarihsel,wikidata-6360
birim,55060092,Koruluk Köyü,tarihsel,wikidata-6360
birim,55060093,Köseli Köyü,tarihsel,wikidata-6360
birim,55060094,Koşu Köyü,tarihsel,wikidata-6360
birim,55060095,Kozağzı Köyü,tarihsel,wikidata-6360
birim,55060096,Küçükkavakpınar Köyü,tarihsel,wikidata-6360
birim,55060097,Kuşçular Köyü,tarihsel,wikidata-6360
birim,55060098,Kuşluğan Köyü,tarihsel,wikidata-6360
birim,55060099,Kuzalan Köyü,tarihsel,wikidata-6360
birim,55060100,Lengerli Köyü,tarihsel,wikidata-6360
birim,55060101,Meşelitürkmenler Köyü,tarihsel,wikidata-6360
birim,55060103,Müstecep Köyü,tarihsel,wikidata-6360
birim,55060104,Örencik Köyü,tarihsel,wikidata-6360
birim,55060105,Ortadurak Köyü,tarihsel,wikidata-6360
birim,55060106,Osmanbeyli Köyü,tarihsel,wikidata-6360
birim,55060107,Ozan Köyü,tarihsel,wikidata-6360
birim,55060108,Paşaşeyh Köyü,tarihsel,wikidata-6360
birim,55060109,Sahilkent Köyü,tarihsel,wikidata-6360
birim,55060110,Şahinkaya Köyü,tarihsel,wikidata-6360
birim,55060111,Sarıçevre Köyü,tarihsel,wikidata-6360
birim,55060112,Sarıkaya Köyü,tarihsel,wikidata-6360
birim,55060113,Sarıköy Köyü,tarihsel,wikidata-6360
birim,55060114,Sarpın Köyü,tarihsel,wikidata-6360
birim,55060115,Selemelik Köyü,tarihsel,wikidata-6360
birim,55060116,Şeyhören Köyü,tarihsel,wikidata-6360
birim,55060117,Şeyhulaş Köyü,tarihsel,wikidata-6360
birim,55060118,Şirinköy Köyü,tarihsel,wikidata-6360
birim,55060119,Sürmeli Köyü,tarihsel,wikidata-6360
birim,55060121,Taşköprü Köyü,tarihsel,wikidata-6360
birim,55060122,Tepebaşı Köyü,tarihsel,wikidata-6360
birim,55060123,Tepecik Köyü,tarihsel,wikidata-6360
birim,55060124,Terzili Köyü,tarihsel,wikidata-6360
birim,55060125,Türbe Köyü,tarihsel,wikidata-6360
birim,55060126,Türkköyü Köyü,tarihsel,wikidata-6360
birim,55060127,Tütüncüler Köyü,tarihsel,wikidata-6360
birim,55060128,Üçpınar Köyü,tarihsel,wikidata-6360
birim,55060129,Uluağaç Köyü,tarihsel,wikidata-6360
birim,55060130,Yağmurca Köyü,tarihsel,wikidata-6360
birim,55060132,Yakıntaş Köyü,tarihsel,wikidata-6360
birim,55060133,Yenialan Köyü,tarihsel,wikidata-6360
birim,55060134,Yeniköy Köyü,tarihsel,wikidata-6360
birim,55060135,Yeraltı Köyü,tarihsel,wikidata-6360
birim,55060136,Yeşilköy Köyü,tarihsel,wikidata-6360
birim,55060137,Yeşilyazı Köyü,tarihsel,wikidata-6360
birim,55060138,Yiğitalan Köyü,tarihsel,wikidata-6360
birim,55060139,Yörgüç Köyü,tarihsel,wikidata-6360
birim,55070001,Adatepe Köyü,tarihsel,wikidata-6360
birim,55070002,Alibeyli Köyü,tarihsel,wikidata-6360
birim,55070005,Avluca Köyü,tarihsel,wikidata-6360
birim,55070006,Başalan Köyü,tarihsel,wikidata-6360
birim,55070007,Başkonak Köyü,tarihsel,wikidata-6360
birim,55070009,Çağlayan Köyü,tarihsel,wikidata-6360
birim,55070010,Çamalan Köyü,tarihsel,wikidata-6360
birim,55070011,Demirci Köyü,tarihsel,wikidata-6360
birim,55070012,Dereler Köyü,tarihsel,wikidata-6360
birim,55070013,Devgeriş Köyü,tarihsel,wikidata-6360
birim,55070014,Düvecik Köyü,tarihsel,wikidata-6360
birim,55070015,Düzardıç Köyü,tarihsel,wikidata-6360
birim,55070016,Düzören Köyü,tarihsel,wikidata-6360
birim,55070018,Gaziosmanpaşa Köyü,tarihsel,wikidata-6360
birim,55070019,Gecehan Köyü,tarihsel,wikidata-6360
birim,55070020,Gödekli Köyü,tarihsel,wikidata-6360
birim,55070021,Gökçepınar Köyü,tarihsel,wikidata-6360
birim,55070022,Gölalan Köyü,tarihsel,wikidata-6360
birim,55070023,Gültepe Köyü,tarihsel,wikidata-6360
birim,55070025,Hacı İsmail Köyü,tarihsel,wikidata-6360
birim,55070026,Hacınaipli Köyü,tarihsel,wikidata-6360
birim,55070028,Hilaltepe Köyü,tarihsel,wikidata-6360
birim,55070030,İmamlar Köyü,tarihsel,wikidata-6360
birim,55070031,Kaleboğazı Köyü,tarihsel,wikidata-6360
birim,55070033,Kaşyayla Köyü,tarihsel,wikidata-6360
birim,55070034,Kestanepınar Köyü,tarihsel,wikidata-6360
birim,55070035,Kızıloğlak Köyü,tarihsel,wikidata-6360
birim,55070036,Kozlu Köyü,tarihsel,wikidata-6360
birim,55070038,Muratlı Köyü,tarihsel,wikidata-6360
birim,55070039,Sarıbıyık Köyü,tarihsel,wikidata-6360
birim,55070041,Tekkiraz Köyü,tarihsel,wikidata-6360
birim,55070042,Teknepınar Köyü,tarihsel,wikidata-6360
birim,55070044,Toygar Köyü,tarihsel,wikidata-6360
birim,55070045,Tuzaklı Köyü,tarihsel,wikidata-6360
birim,55070046,Üçpınar Köyü,tarihsel,wikidata-6360
birim,55070047,Uluçayır Köyü,tarihsel,wikidata-6360
birim,55070050,Yayla Köyü,tarihsel,wikidata-6360
birim,55070051,Yeniköy Köyü,tarihsel,wikidata-6360
birim,55070053,Yeşilpınar Köyü,tarihsel,wikidata-6360
birim,55080001,Acıklı Köyü,tarihsel,wikidata-6360
birim,55080003,Ahubaba Köyü,tarihsel,wikidata-6360
birim,55080005,Akçatarla Köyü,tarihsel,wikidata-6360
birim,55080006,Akkuzulu Köyü,tarihsel,wikidata-6360
birim,55080008,Alibeyli Köyü,tarihsel,wikidata-6360
birim,55080009,Allı Köyü,tarihsel,wikidata-6360
birim,55080010,Arım Köseli Köyü,tarihsel,wikidata-6360
birim,55080011,Aşağı Dikencik Köyü,tarihsel,wikidata-6360
birim,55080012,Aşağı Donurlu Köyü,tarihsel,wikidata-6360
birim,55080013,Aşağı Esenli Köyü,tarihsel,wikidata-6360
birim,55080014,Aşağı Kavacık Köyü,tarihsel,wikidata-6360
birim,55080015,Aşağı Musalla Köyü,tarihsel,wikidata-6360
birim,55080016,Aşağı Turgutlu Köyü,tarihsel,wikidata-6360
birim,55080017,Aşıklı Köyü,tarihsel,wikidata-6360
birim,55080018,Ataköy Köyü,tarihsel,wikidata-6360
birim,55080019,Bafracalı Köyü,tarihsel,wikidata-6360
birim,55080021,Bayramlı Köyü,tarihsel,wikidata-6360
birim,55080022,Beylerce Köyü,tarihsel,wikidata-6360
birim,55080023,Beyyenice Köyü,tarihsel,wikidata-6360
birim,55080024,Bezirgan Köyü,tarihsel,wikidata-6360
birim,55080026,Boyacılı Köyü,tarihsel,wikidata-6360
birim,55080027,Çaltı Köyü,tarihsel,wikidata-6360
birim,55080029,Canlı Köyü,tarihsel,wikidata-6360
birim,55080030,Çatak Köyü,tarihsel,wikidata-6360
birim,55080032,Çayvar Köyü,tarihsel,wikidata-6360
birim,55080033,Çelikli Köyü,tarihsel,wikidata-6360
birim,55080034,Çerçiler Köyü,tarihsel,wikidata-6360
birim,55080036,Cumhuriyet Köyü,tarihsel,wikidata-6360
birim,55080037,Dalbahçe Köyü,tarihsel,wikidata-6360
birim,55080038,Damlataş Köyü,tarihsel,wikidata-6360
birim,55080040,Demircili Köyü,tarihsel,wikidata-6360
birim,55080041,Demirli Köyü,tarihsel,wikidata-6360
birim,55080042,Denizler Köyü,tarihsel,wikidata-6360
birim,55080043,Deyincek Köyü,tarihsel,wikidata-6360
birim,55080045,Durakbaşı Köyü,tarihsel,wikidata-6360
birim,55080046,Durusu Köyü,tarihsel,wikidata-6360
birim,55080048,Eğridere Köyü,tarihsel,wikidata-6360
birim,55080049,Eğrikum Köyü,tarihsel,wikidata-6360
birim,55080050,Epçeli Köyü,tarihsel,wikidata-6360
birim,55080051,Esençay Köyü,tarihsel,wikidata-6360
birim,55080054,Gökçeçakmak Köyü,tarihsel,wikidata-6360
birim,55080055,Gökçeli Köyü,tarihsel,wikidata-6360
birim,55080056,Güldere Köyü,tarihsel,wikidata-6360
birim,55080057,Gülören Köyü,tarihsel,wikidata-6360
birim,55080058,Gülyazı Köyü,tarihsel,wikidata-6360
birim,55080061,Hacılıçay Köyü,tarihsel,wikidata-6360
birim,55080063,Helvacalı Köyü,tarihsel,wikidata-6360
birim,55080065,Irmaksırtı Köyü,tarihsel,wikidata-6360
birim,55080068,Karaağaç Köyü,tarihsel,wikidata-6360
birim,55080069,Karabahçe Köyü,tarihsel,wikidata-6360
birim,55080070,Karacalı Köyü,tarihsel,wikidata-6360
birim,55080071,Karakaya Köyü,tarihsel,wikidata-6360
birim,55080072,Karakulak Köyü,tarihsel,wikidata-6360
birim,55080073,Karamustafalı Köyü,tarihsel,wikidata-6360
birim,55080074,Kaydan Köyü,tarihsel,wikidata-6360
birim,55080075,Kemer Köyü,tarihsel,wikidata-6360
birim,55080076,Kestanepınar Köyü,tarihsel,wikidata-6360
birim,55080077,Kirazbucağı Köyü,tarihsel,wikidata-6360
birim,55080079,Kızılot Köyü,tarihsel,wikidata-6360
birim,55080080,Kocakavak Köyü,tarihsel,wikidata-6360
birim,55080081,Köklük Köyü,tarihsel,wikidata-6360
birim,55080082,Koldere Köyü,tarihsel,wikidata-6360
birim,55080083,Konukluk Köyü,tarihsel,wikidata-6360
birim,55080084,Köroğlu Köyü,tarihsel,wikidata-6360
birim,55080085,Kumköy Köyü,tarihsel,wikidata-6360
birim,55080086,Kumtepe Köyü,tarihsel,wikidata-6360
birim,55080087,Kurtahmetli Köyü,tarihsel,wikidata-6360
birim,55080089,Kürtün Köyü,tarihsel,wikidata-6360
birim,55080090,Kuşçulu Köyü,tarihsel,wikidata-6360
birim,55080091,Kuşhane Köyü,tarihsel,wikidata-6360
birim,55080092,Mahmutlu Köyü,tarihsel,wikidata-6360
birim,55080093,Melik Köyü,tarihsel,wikidata-6360
birim,55080094,Musçalı Köyü,tarihsel,wikidata-6360
birim,55080095,Namazlı Köyü,tarihsel,wikidata-6360
birim,55080096,Ömerli Köyü,tarihsel,wikidata-6360
birim,55080097,Ordu Köyü,tarihsel,wikidata-6360
birim,55080098,Ordubaşı Köyü,tarihsel,wikidata-6360
birim,55080100,Otluk Köyü,tarihsel,wikidata-6360
birim,55080101,Ovacık Köyü,tarihsel,wikidata-6360
birim,55080102,Oymalı Köyü,tarihsel,wikidata-6360
birim,55080103,Paşayazı Köyü,tarihsel,wikidata-6360
birim,55080104,Porsuk Köyü,tarihsel,wikidata-6360
birim,55080105,Sahil Köyü,tarihsel,wikidata-6360
birim,55080106,Saraçlı Köyü,tarihsel,wikidata-6360
birim,55080108,Sefalı Köyü,tarihsel,wikidata-6360
birim,55080109,Selimiye Köyü,tarihsel,wikidata-6360
birim,55080110,Şenyurt Köyü,tarihsel,wikidata-6360
birim,55080111,Şeyhgüven Köyü,tarihsel,wikidata-6360
birim,55080112,Şeyhhabil Köyü,tarihsel,wikidata-6360
birim,55080113,Sığırtmaç Köyü,tarihsel,wikidata-6360
birim,55080114,Soğucak Köyü,tarihsel,wikidata-6360
birim,55080115,Suğluca Köyü,tarihsel,wikidata-6360
birim,55080117,Taşdemir Köyü,tarihsel,wikidata-6360
birim,55080119,Tilkili Köyü,tarihsel,wikidata-6360
birim,55080120,Turgutlu Köyü,tarihsel,wikidata-6360
birim,55080122,Uluköy Köyü,tarihsel,wikidata-6360
birim,55080123,Ulupınar Köyü,tarihsel,wikidata-6360
birim,55080125,Ustacalı Köyü,tarihsel,wikidata-6360
birim,55080126,Uzunlu Köyü,tarihsel,wikidata-6360
birim,55080127,Vakıfköprü Köyü,tarihsel,wikidata-6360
birim,55080129,Yamanlı Köyü,tarihsel,wikidata-6360
birim,55080130,Yaycılar Köyü,tarihsel,wikidata-6360
birim,55080131,Yeni Karacalı Köyü,tarihsel,wikidata-6360
birim,55080132,Yeni Kışla Köyü,tarihsel,wikidata-6360
birim,55080133,Yeni Köseli Köyü,tarihsel,wikidata-6360
birim,55080134,Yeşildere Köyü,tarihsel,wikidata-6360
birim,55080136,Yeşilova Köyü,tarihsel,wikidata-6360
birim,55080138,Yukarı Dikencik Köyü,tarihsel,wikidata-6360
birim,55080139,Yukarı Donurlu Köyü,tarihsel,wikidata-6360
birim,55080140,Yukarı Esenli Köyü,tarihsel,wikidata-6360
birim,55080141,Yukarı Karabahçe Köyü,tarihsel,wikidata-6360
birim,55080142,Yukarı Kavacık Köyü,tarihsel,wikidata-6360
birim,55080143,Zümrüt Köyü,tarihsel,wikidata-6360
birim,55090003,Ağcamahmut Köyü,tarihsel,wikidata-6360
birim,55090004,Ağdırhasan Köyü,tarihsel,wikidata-6360
birim,55090005,Arslançayırı Köyü,tarihsel,wikidata-6360
birim,55090006,Aşağı Yavucak Köyü,tarihsel,wikidata-6360
birim,55090007,Aşağısusuz Köyü,tarihsel,wikidata-6360
birim,55090009,Başpelit Köyü,tarihsel,wikidata-6360
birim,55090011,Belalan Köyü,tarihsel,wikidata-6360
birim,55090012,Beyköy Köyü,tarihsel,wikidata-6360
birim,55090013,Beyören Köyü,tarihsel,wikidata-6360
birim,55090014,Boyalı Köyü,tarihsel,wikidata-6360
birim,55090016,Çakıralan Köyü,tarihsel,wikidata-6360
birim,55090017,Çamyatağı Köyü,tarihsel,wikidata-6360
birim,55090019,Çayırözü Köyü,tarihsel,wikidata-6360
birim,55090020,Çelikalan Köyü,tarihsel,wikidata-6360
birim,55090021,Celil Köyü,tarihsel,wikidata-6360
birim,55090022,Çeltek Köyü,tarihsel,wikidata-6360
birim,55090023,Cevizlik Köyü,tarihsel,wikidata-6360
birim,55090024,Çiftlikköy Köyü,tarihsel,wikidata-6360
birim,55090026,Demiryurt Köyü,tarihsel,wikidata-6360
birim,55090027,Dereköy Köyü,tarihsel,wikidata-6360
birim,55090028,Doğançayır Köyü,tarihsel,wikidata-6360
birim,55090029,Dündarlı Köyü,tarihsel,wikidata-6360
birim,55090031,Elmacık Köyü,tarihsel,wikidata-6360
birim,55090032,Ereli Köyü,tarihsel,wikidata-6360
birim,55090033,Erikbelen Köyü,tarihsel,wikidata-6360
birim,55090034,Ersandık Köyü,tarihsel,wikidata-6360
birim,55090035,Esenbey Köyü,tarihsel,wikidata-6360
birim,55090036,Eymir Köyü,tarihsel,wikidata-6360
birim,55090037,Gelincik Köyü,tarihsel,wikidata-6360
birim,55090038,Gidirli Köyü,tarihsel,wikidata-6360
birim,55090040,Güvercinlik Köyü,tarihsel,wikidata-6360
birim,55090041,Hacıbattal Köyü,tarihsel,wikidata-6360
birim,55090042,Hacıdede Köyü,tarihsel,wikidata-6360
birim,55090043,Hecinli Köyü,tarihsel,wikidata-6360
birim,55090044,Hilmiye Köyü,tarihsel,wikidata-6360
birim,55090048,İmircik Köyü,tarihsel,wikidata-6360
birim,55090050,Kaleköy Köyü,tarihsel,wikidata-6360
birim,55090051,Kamlık Köyü,tarihsel,wikidata-6360
birim,55090052,Karabük Köyü,tarihsel,wikidata-6360
birim,55090053,Karageçmiş Köyü,tarihsel,wikidata-6360
birim,55090054,Karahalil Köyü,tarihsel,wikidata-6360
birim,55090055,Karameşe Köyü,tarihsel,wikidata-6360
birim,55090056,Karga Köyü,tarihsel,wikidata-6360
birim,55090058,Kayabaşı Köyü,tarihsel,wikidata-6360
birim,55090059,Kayacık Köyü,tarihsel,wikidata-6360
birim,55090060,Kemaliye Köyü,tarihsel,wikidata-6360
birim,55090061,Kirenlik Köyü,tarihsel,wikidata-6360
birim,55090062,Kıroğlu Köyü,tarihsel,wikidata-6360
birim,55090063,Kocaoğlu Köyü,tarihsel,wikidata-6360
birim,55090064,Kocapınar Köyü,tarihsel,wikidata-6360
birim,55090065,Küflek Köyü,tarihsel,wikidata-6360
birim,55090066,Kuşkonağı Köyü,tarihsel,wikidata-6360
birim,55090069,Meryemdere Köyü,tarihsel,wikidata-6360
birim,55090070,Mesudiye Köyü,tarihsel,wikidata-6360
birim,55090071,Mısmılağaç Köyü,tarihsel,wikidata-6360
birim,55090072,Mürsel Köyü,tarihsel,wikidata-6360
birim,55090073,Orhaniye Köyü,tarihsel,wikidata-6360
birim,55090074,Ortaklar Köyü,tarihsel,wikidata-6360
birim,55090075,Paşapınarı Köyü,tarihsel,wikidata-6360
birim,55090076,Pınarçay Köyü,tarihsel,wikidata-6360
birim,55090077,Şerifali Köyü,tarihsel,wikidata-6360
birim,55090078,Şeyhali Köyü,tarihsel,wikidata-6360
birim,55090079,Şeyhkoyun Köyü,tarihsel,wikidata-6360
birim,55090080,Şeyhler Köyü,tarihsel,wikidata-6360
birim,55090081,Şeyhsafi Köyü,tarihsel,wikidata-6360
birim,55090082,Sivrikese Köyü,tarihsel,wikidata-6360
birim,55090083,Sofular Köyü,tarihsel,wikidata-6360
birim,55090085,Taşkaracaören Köyü,tarihsel,wikidata-6360
birim,55090086,Tekkeköy Köyü,tarihsel,wikidata-6360
birim,55090087,Tuzla Köyü,tarihsel,wikidata-6360
birim,55090088,Uluçal Köyü,tarihsel,wikidata-6360
birim,55090090,Yağcımahmut Köyü,tarihsel,wikidata-6360
birim,55090091,Yaylaçatı Köyü,tarihsel,wikidata-6360
birim,55090092,Yazıkışla Köyü,tarihsel,wikidata-6360
birim,55090094,Yenice Köyü,tarihsel,wikidata-6360
birim,55090096,Yeşilalan Köyü,tarihsel,wikidata-6360
birim,55090097,Yukarısusuz Köyü,tarihsel,wikidata-6360
birim,55090098,Yukarıyavucak Köyü,tarihsel,wikidata-6360
birim,55100003,Ahulu Köyü,tarihsel,wikidata-6360
birim,55100003,Yeşilkent,semt,ptt-semt
birim,55100004,Akgöl Köyü,tarihsel,wikidata-6360
birim,55100006,Aşağıavdan Köyü,tarihsel,wikidata-6360
birim,55100007,Ataköy Köyü,tarihsel,wikidata-6360
birim,55100007,Yeşilkent,semt,ptt-semt
birim,55100008,Avdan Köyü,tarihsel,wikidata-6360
birim,55100011,Bilmece Köyü,tarihsel,wikidata-6360
birim,55100012,Çanakçı Köyü,tarihsel,wikidata-6360
birim,55100013,Çandır Köyü,tarihsel,wikidata-6360
birim,55100017,Çelikalan Köyü,tarihsel,wikidata-6360
birim,55100019,Çivril Köyü,tarihsel,wikidata-6360
birim,55100021,Yeşilkent,semt,ptt-semt
birim,55100024,Gürgendağ Köyü,tarihsel,wikidata-6360
birim,55100030,İstasyon Köyü,tarihsel,wikidata-6360
birim,55100031,Kadamut Köyü,tarihsel,wikidata-6360
birim,55100036,Kapaklı Köyü,tarihsel,wikidata-6360
birim,55100039,Kavacık Köyü,tarihsel,wikidata-6360
birim,55100039,Yeşilkent,semt,ptt-semt
birim,55100042,Yeşilkent,semt,ptt-semt
birim,55100045,Kusçulu Köyü,tarihsel,wikidata-6360
birim,55100045,Yeşilkent,semt,ptt-semt
birim,55100053,Tepecik Köyü,tarihsel,wikidata-6360
birim,55100053,Yeşilkent,semt,ptt-semt
birim,55100057,Uzgur Köyü,tarihsel,wikidata-6360
birim,55100057,Yeşilkent,semt,ptt-semt
birim,55100060,Yeşiltepe Köyü,tarihsel,wikidata-6360
birim,55110002,Ağcakise Köyü,tarihsel,wikidata-6360
birim,55110003,Ahurlu Köyü,tarihsel,wikidata-6360
birim,55110004,Akbelen Köyü,tarihsel,wikidata-6360
birim,55110005,Alaçam Köyü,tarihsel,wikidata-6360
birim,55110006,Alagömlek Köyü,tarihsel,wikidata-6360
birim,55110007,Aşağıçirişli Köyü,tarihsel,wikidata-6360
birim,55110008,Atayurt Köyü,tarihsel,wikidata-6360
birim,55110009,Azaklı Köyü,tarihsel,wikidata-6360
birim,55110011,Başalan Köyü,tarihsel,wikidata-6360
birim,55110012,Bayındır Köyü,tarihsel,wikidata-6360
birim,55110013,Bayraklı Köyü,tarihsel,wikidata-6360
birim,55110014,Bekdemir Köyü,tarihsel,wikidata-6360
birim,55110015,Belalan Köyü,tarihsel,wikidata-6360
birim,55110016,Beybesli Köyü,tarihsel,wikidata-6360
birim,55110017,Beyköy Köyü,tarihsel,wikidata-6360
birim,55110018,Boğaziçi Köyü,tarihsel,wikidata-6360
birim,55110019,Bükceğiz Köyü,tarihsel,wikidata-6360
birim,55110020,Büyükçukur Köyü,tarihsel,wikidata-6360
birim,55110021,Çakallı Köyü,tarihsel,wikidata-6360
birim,55110022,Çalbaşı Köyü,tarihsel,wikidata-6360
birim,55110023,Çarıklıbaşı Köyü,tarihsel,wikidata-6360
birim,55110024,Çataltepe Köyü,tarihsel,wikidata-6360
birim,55110025,Çayırlı Köyü,tarihsel,wikidata-6360
birim,55110026,Celallı Köyü,tarihsel,wikidata-6360
birim,55110027,Çiçekyazı Köyü,tarihsel,wikidata-6360
birim,55110028,Çiğdem Köyü,tarihsel,wikidata-6360
birim,55110029,Çivril Köyü,tarihsel,wikidata-6360
birim,55110030,Çukurbük Köyü,tarihsel,wikidata-6360
birim,55110031,Değirmencili Köyü,tarihsel,wikidata-6360
birim,55110032,Demirci Köyü,tarihsel,wikidata-6360
birim,55110033,Dereköy Köyü,tarihsel,wikidata-6360
birim,55110034,Divanbaşı Köyü,tarihsel,wikidata-6360
birim,55110035,Doruk Köyü,tarihsel,wikidata-6360
birim,55110036,Duman Köyü,tarihsel,wikidata-6360
birim,55110037,Dura Köyü,tarihsel,wikidata-6360
birim,55110038,Emirli Köyü,tarihsel,wikidata-6360
birim,55110039,Germiyan Köyü,tarihsel,wikidata-6360
birim,55110040,Göçebe Köyü,tarihsel,wikidata-6360
birim,55110042,Hacılı Köyü,tarihsel,wikidata-6360
birim,55110043,İdrisli Köyü,tarihsel,wikidata-6360
birim,55110044,İkizdere Köyü,tarihsel,wikidata-6360
birim,55110045,Ilıcaköy Köyü,tarihsel,wikidata-6360
birim,55110046,Kapuhayat Köyü,tarihsel,wikidata-6360
birim,55110048,Karacalar Köyü,tarihsel,wikidata-6360
birim,55110049,Karadağ Köyü,tarihsel,wikidata-6360
birim,55110050,Karantu Köyü,tarihsel,wikidata-6360
birim,55110051,Karapınar Köyü,tarihsel,wikidata-6360
birim,55110052,Karayusuflu Köyü,tarihsel,wikidata-6360
birim,55110053,Karlı Köyü,tarihsel,wikidata-6360
birim,55110054,Kartepe Köyü,tarihsel,wikidata-6360
birim,55110056,Kayaköy Köyü,tarihsel,wikidata-6360
birim,55110057,Kazancı Köyü,tarihsel,wikidata-6360
birim,55110058,Kethüda Köyü,tarihsel,wikidata-6360
birim,55110059,Köseli Köyü,tarihsel,wikidata-6360
birim,55110060,Kozansıkı Köyü,tarihsel,wikidata-6360
birim,55110061,Küçükçukur Köyü,tarihsel,wikidata-6360
birim,55110062,Kurşunlu Köyü,tarihsel,wikidata-6360
birim,55110063,Kuzalan Köyü,tarihsel,wikidata-6360
birim,55110064,Mahmutbeyli Köyü,tarihsel,wikidata-6360
birim,55110065,Mahmutlu Köyü,tarihsel,wikidata-6360
birim,55110067,Mert Köyü,tarihsel,wikidata-6360
birim,55110068,Muhsinli Köyü,tarihsel,wikidata-6360
birim,55110069,Muratbeyli Köyü,tarihsel,wikidata-6360
birim,55110070,Ortaköy Köyü,tarihsel,wikidata-6360
birim,55110071,Saralan Köyü,tarihsel,wikidata-6360
birim,55110072,Şeyhli Köyü,tarihsel,wikidata-6360
birim,55110073,Şeyhresul Köyü,tarihsel,wikidata-6360
birim,55110074,Seyitali Köyü,tarihsel,wikidata-6360
birim,55110075,Sıralı Köyü,tarihsel,wikidata-6360
birim,55110077,Susuz Köyü,tarihsel,wikidata-6360
birim,55110078,Tabaklı Köyü,tarihsel,wikidata-6360
birim,55110079,Talışman Köyü,tarihsel,wikidata-6360
birim,55110080,Tatarmuslu Köyü,tarihsel,wikidata-6360
birim,55110081,Tekkeköy Köyü,tarihsel,wikidata-6360
birim,55110082,Tepecik Köyü,tarihsel,wikidata-6360
birim,55110083,Toptepe Köyü,tarihsel,wikidata-6360
birim,55110084,Üçhanlar Köyü,tarihsel,wikidata-6360
birim,55110087,Yenigün Köyü,tarihsel,wikidata-6360
birim,55110088,Yeralan Köyü,tarihsel,wikidata-6360
birim,55110090,Yukarı Dereköy Köyü,tarihsel,wikidata-6360
birim,55110091,Yukarıçirişli Köyü,tarihsel,wikidata-6360
birim,55120001,Ağcakaya Köyü,tarihsel,wikidata-6360
birim,55120002,Ahmetsaray Köyü,tarihsel,wikidata-6360
birim,55120004,Aktaş Köyü,tarihsel,wikidata-6360
birim,55120005,Akyar Köyü,tarihsel,wikidata-6360
birim,55120006,Alayurt Köyü,tarihsel,wikidata-6360
birim,55120007,Alıçlı Köyü,tarihsel,wikidata-6360
birim,55120008,Arslantaş Köyü,tarihsel,wikidata-6360
birim,55120009,Aşağıgölyazı Köyü,tarihsel,wikidata-6360
birim,55120010,Ayvalı Köyü,tarihsel,wikidata-6360
birim,55120011,Ayvalısokağı Köyü,tarihsel,wikidata-6360
birim,55120013,Başlamış Köyü,tarihsel,wikidata-6360
birim,55120014,Bolat Köyü,tarihsel,wikidata-6360
birim,55120015,Budakdere Köyü,tarihsel,wikidata-6360
birim,55120016,Büyükalan Köyü,tarihsel,wikidata-6360
birim,55120017,Büyükkızoğlu Köyü,tarihsel,wikidata-6360
birim,55120018,Çadırkaya Köyü,tarihsel,wikidata-6360
birim,55120019,Çakırgümüş Köyü,tarihsel,wikidata-6360
birim,55120020,Çamlıköy Köyü,tarihsel,wikidata-6360
birim,55120021,Cüce Köyü,tarihsel,wikidata-6360
birim,55120022,Daldere Köyü,tarihsel,wikidata-6360
birim,55120023,Deliahmetoğlu Köyü,tarihsel,wikidata-6360
birim,55120024,Derinöz Köyü,tarihsel,wikidata-6360
birim,55120025,Doğankaş Köyü,tarihsel,wikidata-6360
birim,55120026,Eynekaraca Köyü,tarihsel,wikidata-6360
birim,55120031,Hamamayağı Köyü,tarihsel,wikidata-6360
birim,55120032,Hamitköy Köyü,tarihsel,wikidata-6360
birim,55120033,Hasırcı Köyü,tarihsel,wikidata-6360
birim,55120034,Hızarbaşı Köyü,tarihsel,wikidata-6360
birim,55120035,İbi Köyü,tarihsel,wikidata-6360
birim,55120036,İsasofta Köyü,tarihsel,wikidata-6360
birim,55120038,Kabacagöz Köyü,tarihsel,wikidata-6360
birim,55120039,Karaabdal Köyü,tarihsel,wikidata-6360
birim,55120040,Kıranboğaz Köyü,tarihsel,wikidata-6360
birim,55120041,Kirazpınar Köyü,tarihsel,wikidata-6360
birim,55120044,Köseoğlu Köyü,tarihsel,wikidata-6360
birim,55120045,Küçükkızoğlu Köyü,tarihsel,wikidata-6360
birim,55120046,Küpecik Köyü,tarihsel,wikidata-6360
birim,55120047,Kuyucak Köyü,tarihsel,wikidata-6360
birim,55120048,Mazlumoğlu Köyü,tarihsel,wikidata-6360
birim,55120050,Nusratlı Köyü,tarihsel,wikidata-6360
birim,55120051,Oymapınar Köyü,tarihsel,wikidata-6360
birim,55120052,Salur Köyü,tarihsel,wikidata-6360
birim,55120055,Sarıgazel Köyü,tarihsel,wikidata-6360
birim,55120056,Sarıksızoğlu Köyü,tarihsel,wikidata-6360
birim,55120058,Şıhlı Köyü,tarihsel,wikidata-6360
birim,55120059,Soğanlı Köyü,tarihsel,wikidata-6360
birim,55120060,Söğütlü Köyü,tarihsel,wikidata-6360
birim,55120061,Tatlıcak Köyü,tarihsel,wikidata-6360
birim,55120062,Teberoğlu Köyü,tarihsel,wikidata-6360
birim,55120065,Yukarıgölyazı Köyü,tarihsel,wikidata-6360
birim,55120066,Yumaklı Köyü,tarihsel,wikidata-6360
birim,55120067,Yuvacık Köyü,tarihsel,wikidata-6360
birim,55130001,Alan Köyü,tarihsel,wikidata-6360
birim,55130004,Avut Köyü,tarihsel,wikidata-6360
birim,55130006,Biçme Köyü,tarihsel,wikidata-6360
birim,55130007,Çağlayan Köyü,tarihsel,wikidata-6360
birim,55130008,Cevizli Köyü,tarihsel,wikidata-6360
birim,55130009,Çiçekli Köyü,tarihsel,wikidata-6360
birim,55130010,Dikencik Köyü,tarihsel,wikidata-6360
birim,55130012,Esatçiftliği Köyü,tarihsel,wikidata-6360
birim,55130014,Fidancık Köyü,tarihsel,wikidata-6360
birim,55130015,Fındıklı Köyü,tarihsel,wikidata-6360
birim,55130016,Gökçebaşı Köyü,tarihsel,wikidata-6360
birim,55130018,Güzelvatan Köyü,tarihsel,wikidata-6360
birim,55130019,Kalfalı Köyü,tarihsel,wikidata-6360
birim,55130021,Karacaören Köyü,tarihsel,wikidata-6360
birim,55130022,Karadere Köyü,tarihsel,wikidata-6360
birim,55130023,Karaman Köyü,tarihsel,wikidata-6360
birim,55130024,Karayonca Köyü,tarihsel,wikidata-6360
birim,55130025,Kırgıl Köyü,tarihsel,wikidata-6360
birim,55130026,Kızılot Köyü,tarihsel,wikidata-6360
birim,55130027,Kocalar Köyü,tarihsel,wikidata-6360
birim,55130028,Konakören Köyü,tarihsel,wikidata-6360
birim,55130029,Kuşcuğaz Köyü,tarihsel,wikidata-6360
birim,55130032,Muslubey Köyü,tarihsel,wikidata-6360
birim,55130035,Suluca Köyü,tarihsel,wikidata-6360
birim,55130036,Tacalan Köyü,tarihsel,wikidata-6360
birim,55130037,Tahnal Köyü,tarihsel,wikidata-6360
birim,55130038,Tepealtı Köyü,tarihsel,wikidata-6360
birim,55130039,Yavaşbey Köyü,tarihsel,wikidata-6360
birim,55130040,Yayla Köyü,tarihsel,wikidata-6360
birim,55130042,Yenidoğan Köyü,tarihsel,wikidata-6360
birim,55130043,Yeşil Köyü,tarihsel,wikidata-6360
birim,55130044,Yukarıkestanepınar Köyü,tarihsel,wikidata-6360
birim,55140001,Kutlukent,semt,ptt-semt
birim,55140003,Akbaşlar Köyü,tarihsel,wikidata-6360
birim,55140004,Kutlukent,semt,ptt-semt
birim,55140005,Antyeri Köyü,tarihsel,wikidata-6360
birim,55140006,Kutlukent,semt,ptt-semt
birim,55140007,Bakacak Köyü,tarihsel,wikidata-6360
birim,55140008,Balcalı Köyü,tarihsel,wikidata-6360
birim,55140009,Başköy Köyü,tarihsel,wikidata-6360
birim,55140010,Beyoğlu Köyü,tarihsel,wikidata-6360
birim,55140013,Çayırçökek Köyü,tarihsel,wikidata-6360
birim,55140016,Çimenli Köyü,tarihsel,wikidata-6360
birim,55140017,Çınaralan Köyü,tarihsel,wikidata-6360
birim,55140019,Kutlukent,semt,ptt-semt
birim,55140020,Büyüklü,semt,ptt-semt
birim,55140021,Erenköy Köyü,tarihsel,wikidata-6360
birim,55140022,Gökçe Köyü,tarihsel,wikidata-6360
birim,55140023,Gökçedere Köyü,tarihsel,wikidata-6360
birim,55140024,Gölceğiz Köyü,tarihsel,wikidata-6360
birim,55140025,Güzelyurt Köyü,tarihsel,wikidata-6360
birim,55140026,Hamzalı Köyü,tarihsel,wikidata-6360
birim,55140028,Büyüklü,semt,ptt-semt
birim,55140029,Kababürük Köyü,tarihsel,wikidata-6360
birim,55140030,Kahyalı Köyü,tarihsel,wikidata-6360
birim,55140031,Karaoğlan Köyü,tarihsel,wikidata-6360
birim,55140032,Karaperçin Köyü,tarihsel,wikidata-6360
birim,55140033,Kargılı Köyü,tarihsel,wikidata-6360
birim,55140034,Karışlar Köyü,tarihsel,wikidata-6360
birim,55140035,Kutlukent,semt,ptt-semt
birim,55140036,Kerpiçli Köyü,tarihsel,wikidata-6360
birim,55140037,Kibarlar Köyü,tarihsel,wikidata-6360
birim,55140038,Kutlukent,semt,ptt-semt
birim,55140040,Köprübaşı Köyü,tarihsel,wikidata-6360
birim,55140043,Ovabaşı Köyü,tarihsel,wikidata-6360
birim,55140045,Kutlukent,semt,ptt-semt
birim,55140047,Sarıyurt Köyü,tarihsel,wikidata-6360
birim,55140049,Seymenler Köyü,tarihsel,wikidata-6360
birim,55140050,Sıtmasuyu Köyü,tarihsel,wikidata-6360
birim,55140051,Yağbasan Köyü,tarihsel,wikidata-6360
birim,55140052,Aşağıçinik,semt,ptt-semt
birim,55140053,Yaylageriş Köyü,tarihsel,wikidata-6360
birim,55140054,Yazılar Köyü,tarihsel,wikidata-6360
birim,55140056,Yenidoğan Köyü,tarihsel,wikidata-6360
birim,55140057,Yeniköy Köyü,tarihsel,wikidata-6360
birim,55140058,Yeşilalan Köyü,tarihsel,wikidata-6360
birim,55140059,Yeşildere Köyü,tarihsel,wikidata-6360
birim,55140060,Yeşilyurt Köyü,tarihsel,wikidata-6360
birim,55140061,Yukarıçinik Köyü,tarihsel,wikidata-6360
birim,55140062,Zafer Köyü,tarihsel,wikidata-6360
birim,55150001,Ahmetbey Köyü,tarihsel,wikidata-6360
birim,55150002,Akbucak Köyü,tarihsel,wikidata-6360
birim,55150003,Akçagün Köyü,tarihsel,wikidata-6360
birim,55150004,Akçay Köyü,tarihsel,wikidata-6360
birim,55150005,Akçaykaracalı Köyü,tarihsel,wikidata-6360
birim,55150006,Altunlu Köyü,tarihsel,wikidata-6360
birim,55150008,Aybeder Köyü,tarihsel,wikidata-6360
birim,55150009,Bafracalı Köyü,tarihsel,wikidata-6360
birim,55150010,Bağsaray Köyü,tarihsel,wikidata-6360
birim,55150013,Beşikli Köyü,tarihsel,wikidata-6360
birim,55150015,Çamlıca Köyü,tarihsel,wikidata-6360
birim,55150016,Çanaklı Köyü,tarihsel,wikidata-6360
birim,55150017,Çangallar Köyü,tarihsel,wikidata-6360
birim,55150018,Çardak Köyü,tarihsel,wikidata-6360
birim,55150020,Cılar Köyü,tarihsel,wikidata-6360
birim,55150022,Dağdıralı Köyü,tarihsel,wikidata-6360
birim,55150023,Dereyol Köyü,tarihsel,wikidata-6360
birim,55150024,Dibekli Köyü,tarihsel,wikidata-6360
birim,55150026,Eğercili Köyü,tarihsel,wikidata-6360
birim,55150027,Elmaköy Köyü,tarihsel,wikidata-6360
birim,55150029,Emiryusuf Köyü,tarihsel,wikidata-6360
birim,55150030,Erenköy Köyü,tarihsel,wikidata-6360
birim,55150031,Etyemezli Köyü,tarihsel,wikidata-6360
birim,55150035,Geçmiş Köyü,tarihsel,wikidata-6360
birim,55150038,Gündoğdu Köyü,tarihsel,wikidata-6360
birim,55150041,İmanalisi Köyü,tarihsel,wikidata-6360
birim,55150042,Karacaköy Köyü,tarihsel,wikidata-6360
birim,55150043,Karacalı Köyü,tarihsel,wikidata-6360
birim,55150044,Karamahmut Köyü,tarihsel,wikidata-6360
birim,55150045,Karkucak Köyü,tarihsel,wikidata-6360
birim,55150046,Kazımkarabekirpaşa Köyü,tarihsel,wikidata-6360
birim,55150047,Kesikkaya Köyü,tarihsel,wikidata-6360
birim,55150049,Kocamanbaşı Köyü,tarihsel,wikidata-6360
birim,55150050,Köybucağı Köyü,tarihsel,wikidata-6360
birim,55150052,Kumcığaz Köyü,tarihsel,wikidata-6360
birim,55150053,Kuşca Köyü,tarihsel,wikidata-6360
birim,55150054,Kuşculu Köyü,tarihsel,wikidata-6360
birim,55150055,Mescitli Köyü,tarihsel,wikidata-6360
birim,55150056,Meşeyazı Köyü,tarihsel,wikidata-6360
birim,55150057,Muratlı Köyü,tarihsel,wikidata-6360
birim,55150058,Oğuzlu Köyü,tarihsel,wikidata-6360
birim,55150059,Örencik Köyü,tarihsel,wikidata-6360
birim,55150060,Ortasöğütlü Köyü,tarihsel,wikidata-6360
birim,55150061,Özyurt Köyü,tarihsel,wikidata-6360
birim,55150063,Sancaklı Köyü,tarihsel,wikidata-6360
birim,55150064,Sarayköy Köyü,tarihsel,wikidata-6360
birim,55150065,Şeyhli Köyü,tarihsel,wikidata-6360
birim,55150066,Sivaslılar Köyü,tarihsel,wikidata-6360
birim,55150068,Şuayip Köyü,tarihsel,wikidata-6360
birim,55150069,Sütözü Köyü,tarihsel,wikidata-6360
birim,55150070,Taşlık Köyü,tarihsel,wikidata-6360
birim,55150071,Taşpınar Köyü,tarihsel,wikidata-6360
birim,55150072,Uludere Köyü,tarihsel,wikidata-6360
birim,55150073,Uzungazi Köyü,tarihsel,wikidata-6360
birim,55150076,Yenicami Köyü,tarihsel,wikidata-6360
birim,55150078,Yerli Köyü,tarihsel,wikidata-6360
birim,55150080,Yukarıtaşpınar Köyü,tarihsel,wikidata-6360
birim,55150081,Yüksekyayla Köyü,tarihsel,wikidata-6360
birim,55160002,Adatepe Köyü,tarihsel,wikidata-6360
birim,55160003,Ağcaalan Köyü,tarihsel,wikidata-6360
birim,55160004,Ağcayazı Köyü,tarihsel,wikidata-6360
birim,55160005,Ahmetbaba Köyü,tarihsel,wikidata-6360
birim,55160006,Akören Köyü,tarihsel,wikidata-6360
birim,55160007,Alan Köyü,tarihsel,wikidata-6360
birim,55160008,Alanbaşı Köyü,tarihsel,wikidata-6360
birim,55160009,Alancık Köyü,tarihsel,wikidata-6360
birim,55160010,Alanşeyhi Köyü,tarihsel,wikidata-6360
birim,55160011,Altınkaya Köyü,tarihsel,wikidata-6360
birim,55160012,Arıca Köyü,tarihsel,wikidata-6360
birim,55160014,Avdan Köyü,tarihsel,wikidata-6360
birim,55160015,Aydınlı Köyü,tarihsel,wikidata-6360
birim,55160016,Aydoğdu Köyü,tarihsel,wikidata-6360
birim,55160017,Ayvalı Köyü,tarihsel,wikidata-6360
birim,55160018,Bahçekonak Köyü,tarihsel,wikidata-6360
birim,55160020,Bahçesaray Köyü,tarihsel,wikidata-6360
birim,55160021,Bakla Köyü,tarihsel,wikidata-6360
birim,55160022,Başalan Köyü,tarihsel,wikidata-6360
birim,55160023,Başfakı Köyü,tarihsel,wikidata-6360
birim,55160024,Bayram Köyü,tarihsel,wikidata-6360
birim,55160025,Bektaş Köyü,tarihsel,wikidata-6360
birim,55160026,Belalan Köyü,tarihsel,wikidata-6360
birim,55160027,Beşpınar Köyü,tarihsel,wikidata-6360
birim,55160028,Boğa Köyü,tarihsel,wikidata-6360
birim,55160029,Boğazkoru Köyü,tarihsel,wikidata-6360
birim,55160030,Boruk Köyü,tarihsel,wikidata-6360
birim,55160031,Burhaniye Köyü,tarihsel,wikidata-6360
birim,55160032,Büyükkale Köyü,tarihsel,wikidata-6360
birim,55160033,Çakırtaş Köyü,tarihsel,wikidata-6360
birim,55160034,Çal Köyü,tarihsel,wikidata-6360
birim,55160035,Çalman Köyü,tarihsel,wikidata-6360
birim,55160036,Çaltu Köyü,tarihsel,wikidata-6360
birim,55160037,Çamlıca Köyü,tarihsel,wikidata-6360
birim,55160038,Çamlıdere Köyü,tarihsel,wikidata-6360
birim,55160039,Çamlıkonak Köyü,tarihsel,wikidata-6360
birim,55160042,Cebeli Köyü,tarihsel,wikidata-6360
birim,55160043,Çekalan Köyü,tarihsel,wikidata-6360
birim,55160044,Çekmeden Köyü,tarihsel,wikidata-6360
birim,55160045,Çeltek Köyü,tarihsel,wikidata-6360
birim,55160046,Çorakdere Köyü,tarihsel,wikidata-6360
birim,55160048,Darıçay Köyü,tarihsel,wikidata-6360
birim,55160049,Darıçayalanı Köyü,tarihsel,wikidata-6360
birim,55160051,Devalan Köyü,tarihsel,wikidata-6360
birim,55160052,Doyran Köyü,tarihsel,wikidata-6360
birim,55160053,Duruçay Köyü,tarihsel,wikidata-6360
birim,55160054,Elaldı Köyü,tarihsel,wikidata-6360
birim,55160055,Elbeği Köyü,tarihsel,wikidata-6360
birim,55160056,Elmalı Köyü,tarihsel,wikidata-6360
birim,55160057,Esen Köyü,tarihsel,wikidata-6360
birim,55160058,Esentepe Köyü,tarihsel,wikidata-6360
birim,55160059,Esenyurt Köyü,tarihsel,wikidata-6360
birim,55160063,Göllüalan Köyü,tarihsel,wikidata-6360
birim,55160064,Gömlekhisar Köyü,tarihsel,wikidata-6360
birim,55160065,Güder Köyü,tarihsel,wikidata-6360
birim,55160066,Güldere Köyü,tarihsel,wikidata-6360
birim,55160067,Habibfakı Köyü,tarihsel,wikidata-6360
birim,55160068,Hacılı Köyü,tarihsel,wikidata-6360
birim,55160069,Halilbaba Köyü,tarihsel,wikidata-6360
birim,55160070,Halkahavlı Köyü,tarihsel,wikidata-6360
birim,55160071,Hayranlı Köyü,tarihsel,wikidata-6360
birim,55160073,İmircik Köyü,tarihsel,wikidata-6360
birim,55160074,İncesu Köyü,tarihsel,wikidata-6360
birim,55160075,İnkaya Köyü,tarihsel,wikidata-6360
birim,55160076,Kabalı Köyü,tarihsel,wikidata-6360
birim,55160077,Kadıçayırı Köyü,tarihsel,wikidata-6360
birim,55160078,Kadıoğlu Köyü,tarihsel,wikidata-6360
birim,55160079,Kapaklı Köyü,tarihsel,wikidata-6360
birim,55160080,Kapaklıeşme Köyü,tarihsel,wikidata-6360
birim,55160081,Kaplancık Köyü,tarihsel,wikidata-6360
birim,55160082,Karabük Köyü,tarihsel,wikidata-6360
birim,55160083,Karacaören Köyü,tarihsel,wikidata-6360
birim,55160084,Karadoruk Köyü,tarihsel,wikidata-6360
birim,55160085,Karaköy Köyü,tarihsel,wikidata-6360
birim,55160086,Karanar Köyü,tarihsel,wikidata-6360
birim,55160087,Karapınar Köyü,tarihsel,wikidata-6360
birim,55160088,Karkucak Köyü,tarihsel,wikidata-6360
birim,55160089,Karlı Köyü,tarihsel,wikidata-6360
birim,55160090,Kavakpınarı Köyü,tarihsel,wikidata-6360
birim,55160091,Kılıçgüney Köyü,tarihsel,wikidata-6360
birim,55160092,Kıranalan Köyü,tarihsel,wikidata-6360
birim,55160093,Kıratbükü Köyü,tarihsel,wikidata-6360
birim,55160094,Kırma Köyü,tarihsel,wikidata-6360
birim,55160095,Kızılcakoru Köyü,tarihsel,wikidata-6360
birim,55160096,Kızılcaören Köyü,tarihsel,wikidata-6360
birim,55160097,Kızılkese Köyü,tarihsel,wikidata-6360
birim,55160098,Kocakaya Köyü,tarihsel,wikidata-6360
birim,55160099,Köprübaşı Köyü,tarihsel,wikidata-6360
birim,55160100,Kovalı Köyü,tarihsel,wikidata-6360
birim,55160101,Küçükkale Köyü,tarihsel,wikidata-6360
birim,55160102,Kületek Köyü,tarihsel,wikidata-6360
birim,55160103,Kumral Köyü,tarihsel,wikidata-6360
birim,55160104,Kuruçay Köyü,tarihsel,wikidata-6360
birim,55160105,Kuşcular Köyü,tarihsel,wikidata-6360
birim,55160106,Kuyaş Köyü,tarihsel,wikidata-6360
birim,55160107,Kuyumcu Köyü,tarihsel,wikidata-6360
birim,55160108,Mahmatlı Köyü,tarihsel,wikidata-6360
birim,55160110,Melikli Köyü,tarihsel,wikidata-6360
birim,55160111,Meşeli Köyü,tarihsel,wikidata-6360
birim,55160112,Mezraa Köyü,tarihsel,wikidata-6360
birim,55160115,Öğürlü Köyü,tarihsel,wikidata-6360
birim,55160116,Örencik Köyü,tarihsel,wikidata-6360
birim,55160117,Orta Köyü,tarihsel,wikidata-6360
birim,55160119,Oruç Köyü,tarihsel,wikidata-6360
birim,55160120,Ovacık Köyü,tarihsel,wikidata-6360
birim,55160121,Oymaağaç Köyü,tarihsel,wikidata-6360
birim,55160125,Özyörük Köyü,tarihsel,wikidata-6360
birim,55160126,Paşa Köyü,tarihsel,wikidata-6360
birim,55160127,Pazarcı Köyü,tarihsel,wikidata-6360
birim,55160128,Samukalan Köyü,tarihsel,wikidata-6360
birim,55160129,Samur Köyü,tarihsel,wikidata-6360
birim,55160130,Saraycık Köyü,tarihsel,wikidata-6360
birim,55160132,Sarıalan Köyü,tarihsel,wikidata-6360
birim,55160133,Sarıdibek Köyü,tarihsel,wikidata-6360
birim,55160134,Sarıyar Köyü,tarihsel,wikidata-6360
birim,55160135,Şentepe Köyü,tarihsel,wikidata-6360
birim,55160136,Sırbaşmak Köyü,tarihsel,wikidata-6360
birim,55160137,Sofular Köyü,tarihsel,wikidata-6360
birim,55160138,Soğucak Köyü,tarihsel,wikidata-6360
birim,55160139,Susuz Köyü,tarihsel,wikidata-6360
birim,55160141,Tahtaköprü Köyü,tarihsel,wikidata-6360
birim,55160143,Taşlıyük Köyü,tarihsel,wikidata-6360
birim,55160144,Tatarkale Köyü,tarihsel,wikidata-6360
birim,55160145,Teberük Köyü,tarihsel,wikidata-6360
birim,55160146,Tekkekıran Köyü,tarihsel,wikidata-6360
birim,55160147,Tepeören Köyü,tarihsel,wikidata-6360
birim,55160149,Türkmen Köyü,tarihsel,wikidata-6360
birim,55160150,Yağcı Köyü,tarihsel,wikidata-6360
birim,55160151,Yağınözü Köyü,tarihsel,wikidata-6360
birim,55160152,Yarbaşı Köyü,tarihsel,wikidata-6360
birim,55160154,Yeniçelik Köyü,tarihsel,wikidata-6360
birim,55160155,Yenidüzce Köyü,tarihsel,wikidata-6360
birim,55160157,Yeşiltepe Köyü,tarihsel,wikidata-6360
birim,55160158,Yolpınar Köyü,tarihsel,wikidata-6360
birim,55160159,Yukarınarlı Köyü,tarihsel,wikidata-6360
birim,55160160,Yurtdağı Köyü,tarihsel,wikidata-6360
birim,55160161,Yürükçal Köyü,tarihsel,wikidata-6360
birim,55170001,Asmapınar Köyü,tarihsel,wikidata-6360
birim,55170002,Büyükkırık Köyü,tarihsel,wikidata-6360
birim,55170003,Çamalan Köyü,tarihsel,wikidata-6360
birim,55170004,Çepni Köyü,tarihsel,wikidata-6360
birim,55170005,Gündüzlü Köyü,tarihsel,wikidata-6360
birim,55170006,Karaaba Köyü,tarihsel,wikidata-6360
birim,55170007,Kayalı Köyü,tarihsel,wikidata-6360
birim,55170009,Küplüağzı Köyü,tarihsel,wikidata-6360
birim,55170011,Kuzören Köyü,tarihsel,wikidata-6360
birim,55170014,Mutaflı Köyü,tarihsel,wikidata-6360
birim,55170015,Sarıgöl Köyü,tarihsel,wikidata-6360
birim,55170016,Yassıdağ Köyü,tarihsel,wikidata-6360
birim,55170017,Yeşilköy Köyü,tarihsel,wikidata-6360
birim,56040001,Siirt,semt,ptt-semt
birim,56040002,Siirt,semt,ptt-semt
birim,56040003,Siirt,semt,ptt-semt
birim,56040005,Siirt,semt,ptt-semt
birim,56040006,Siirt,semt,ptt-semt
birim,56040007,Siirt,semt,ptt-semt
birim,56040008,Siirt,semt,ptt-semt
birim,56040009,Siirt,semt,ptt-semt
birim,56040010,Siirt,semt,ptt-semt
birim,56040011,Siirt,semt,ptt-semt
birim,56040012,Siirt,semt,ptt-semt
birim,56040013,Siirt,semt,ptt-semt
birim,56040014,Siirt,semt,ptt-semt
birim,56040016,Siirt,semt,ptt-semt
birim,56040017,Siirt,semt,ptt-semt
birim,56040018,Siirt,semt,ptt-semt
birim,56040019,Siirt,semt,ptt-semt
birim,56040020,Siirt,semt,ptt-semt
birim,56040021,Siirt,semt,ptt-semt
birim,56040022,Siirt,semt,ptt-semt
birim,56070001,Aydınlar,semt,ptt-semt
birim,56070002,Aydınlar,semt,ptt-semt
birim,56070003,Aydınlar,semt,ptt-semt
birim,57020007,Yeni Köyü,tarihsel,wikidata-6360
birim,57040005,Yandak Köyü,tarihsel,wikidata-6360
birim,57070001,Sinop,semt,ptt-semt
birim,57070002,Sinop,semt,ptt-semt
birim,57070003,Sinop,semt,ptt-semt
birim,57070004,Sinop,semt,ptt-semt
birim,57070005,Sinop,semt,ptt-semt
birim,57070006,Sinop,semt,ptt-semt
birim,57070007,Sinop,semt,ptt-semt
birim,57070008,Korucuk Köyü,tarihsel,wikidata-6360
birim,57070008,Sinop,semt,ptt-semt
birim,57070009,Sinop,semt,ptt-semt
birim,57070010,Sinop,semt,ptt-semt
birim,57070011,Sinop,semt,ptt-semt
birim,57070012,Sinop,semt,ptt-semt
birim,57070013,Sinop,semt,ptt-semt
birim,58050007,Yeniçubuk,semt,ptt-semt
birim,58050010,Yeniçubuk,semt,ptt-semt
birim,58050012,Yeniçubuk,semt,ptt-semt
birim,58050017,Yeniçubuk,semt,ptt-semt
birim,58050018,Yeniçubuk,semt,ptt-semt
birim,58120008,Çarşı,semt,ptt-semt
birim,58120009,Çarşı,semt,ptt-semt
birim,58120015,Çarşı,semt,ptt-semt
birim,58120023,Çarşı,semt,ptt-semt
birim,58120026,Çarşı,semt,ptt-semt
birim,58120029,Çarşı,semt,ptt-semt
birim,58120037,Çarşı,semt,ptt-semt
birim,58120051,Çarşı,semt,ptt-semt
birim,58120052,Çarşı,semt,ptt-semt
birim,58120053,Çarşı,semt,ptt-semt
birim,58120058,Çarşı,semt,ptt-semt
birim,58120060,Çarşı,semt,ptt-semt
birim,58120062,Çarşı,semt,ptt-semt
birim,59020002,Silahtar,semt,ptt-semt
birim,59020005,Deregündüzlü Köyü,tarihsel,wikidata-6360
birim,59020007,Silahtar,semt,ptt-semt
birim,59020011,Silahtar,semt,ptt-semt
birim,59020012,Silahtar,semt,ptt-semt
birim,59020013,Maksutlu Köyü,tarihsel,wikidata-6360
birim,59020015,Silahtar,semt,ptt-semt
birim,59020016,Önerler Köyü,tarihsel,wikidata-6360
birim,59020019,Şahpaz Köyü,tarihsel,wikidata-6360
birim,59020020,Sarılar Köyü,tarihsel,wikidata-6360
birim,59020022,Seymen Köyü,tarihsel,wikidata-6360
birim,59020023,Silahtar,semt,ptt-semt
birim,59020024,Türkgücü Köyü,tarihsel,wikidata-6360
birim,59030001,Ahimehmet Köyü,tarihsel,wikidata-6360
birim,59030004,Esenler Köyü,tarihsel,wikidata-6360
birim,59030005,İğneler Köyü,tarihsel,wikidata-6360
birim,59030006,Karamehmet Köyü,tarihsel,wikidata-6360
birim,59030007,Kırkgöz Köyü,tarihsel,wikidata-6360
birim,59030010,Paşaköy Köyü,tarihsel,wikidata-6360
birim,59030011,Pınarbaşı Köyü,tarihsel,wikidata-6360
birim,59030014,Vakıflar Köyü,tarihsel,wikidata-6360
birim,59030017,Yulaflı Köyü,tarihsel,wikidata-6360
birim,59040001,Ataköy Köyü,tarihsel,wikidata-6360
birim,59040002,Avluobası Köyü,tarihsel,wikidata-6360
birim,59040004,Aydınlar Köyü,tarihsel,wikidata-6360
birim,59040005,Bayramşah Köyü,tarihsel,wikidata-6360
birim,59040006,Büyükkarakarlı Köyü,tarihsel,wikidata-6360
birim,59040007,Buzağcı Köyü,tarihsel,wikidata-6360
birim,59040008,Cambazdere Köyü,tarihsel,wikidata-6360
birim,59040009,Canhıdır Köyü,tarihsel,wikidata-6360
birim,59040010,Çene Köyü,tarihsel,wikidata-6360
birim,59040012,Çıkrıkçı Köyü,tarihsel,wikidata-6360
birim,59040013,Dambaslar Köyü,tarihsel,wikidata-6360
birim,59040014,Danişment Köyü,tarihsel,wikidata-6360
birim,59040015,Delibedir Köyü,tarihsel,wikidata-6360
birim,59040016,Duğcalı Köyü,tarihsel,wikidata-6360
birim,59040017,Emiryakup Köyü,tarihsel,wikidata-6360
birim,59040018,Fahrioğlu Köyü,tarihsel,wikidata-6360
birim,59040019,Hacıllı Köyü,tarihsel,wikidata-6360
birim,59040020,Hasköy Köyü,tarihsel,wikidata-6360
birim,59040021,Hedeyli Köyü,tarihsel,wikidata-6360
birim,59040024,İsmailli Köyü,tarihsel,wikidata-6360
birim,59040025,Kabahöyük Köyü,tarihsel,wikidata-6360
birim,59040026,Kadriye Köyü,tarihsel,wikidata-6360
birim,59040028,Kandamış Köyü,tarihsel,wikidata-6360
birim,59040029,Karababa Köyü,tarihsel,wikidata-6360
birim,59040030,Karabürçek Köyü,tarihsel,wikidata-6360
birim,59040031,Karakavak Köyü,tarihsel,wikidata-6360
birim,59040032,Karayahşi Köyü,tarihsel,wikidata-6360
birim,59040033,Kemallar Köyü,tarihsel,wikidata-6360
birim,59040034,Kılıçlar Köyü,tarihsel,wikidata-6360
birim,59040035,Küçükkarakarlı Köyü,tarihsel,wikidata-6360
birim,59040036,Kurtdere Köyü,tarihsel,wikidata-6360
birim,59040037,Kutlugün Köyü,tarihsel,wikidata-6360
birim,59040038,Lahna Köyü,tarihsel,wikidata-6360
birim,59040039,Muzruplu Köyü,tarihsel,wikidata-6360
birim,59040040,Örey Köyü,tarihsel,wikidata-6360
birim,59040041,Övenler Köyü,tarihsel,wikidata-6360
birim,59040042,Parmaksız Köyü,tarihsel,wikidata-6360
birim,59040044,Soylu Köyü,tarihsel,wikidata-6360
birim,59040045,Subaşı Köyü,tarihsel,wikidata-6360
birim,59040046,Susuzmüsellim Köyü,tarihsel,wikidata-6360
birim,59040047,Tatarlı Köyü,tarihsel,wikidata-6360
birim,59040048,Temrezli Köyü,tarihsel,wikidata-6360
birim,59040049,Umurbey Köyü,tarihsel,wikidata-6360
birim,59040050,Umurçu Köyü,tarihsel,wikidata-6360
birim,59040051,Yörgüç Köyü,tarihsel,wikidata-6360
birim,59040052,Yörükler Köyü,tarihsel,wikidata-6360
birim,59050002,Bahçeağıl Köyü,tarihsel,wikidata-6360
birim,59050009,Karlı Köyü,tarihsel,wikidata-6360
birim,59050013,Uzunhacı Köyü,tarihsel,wikidata-6360
birim,59050014,Yanıkağıl Köyü,tarihsel,wikidata-6360
birim,59060001,Ahievren Köyü,tarihsel,wikidata-6360
birim,59060002,Ahmetpaşa Köyü,tarihsel,wikidata-6360
birim,59060003,Aksakal Köyü,tarihsel,wikidata-6360
birim,59060004,Alaybey Köyü,tarihsel,wikidata-6360
birim,59060005,Allıışık Köyü,tarihsel,wikidata-6360
birim,59060006,Bağpınarı Köyü,tarihsel,wikidata-6360
birim,59060008,Ballı Köyü,tarihsel,wikidata-6360
birim,59060009,Ballısüle Köyü,tarihsel,wikidata-6360
birim,59060010,Batkın Köyü,tarihsel,wikidata-6360
birim,59060011,Bayramtepe Köyü,tarihsel,wikidata-6360
birim,59060013,Çavuşköy Köyü,tarihsel,wikidata-6360
birim,59060014,Çimendere Köyü,tarihsel,wikidata-6360
birim,59060015,Çınaraltı Köyü,tarihsel,wikidata-6360
birim,59060016,Çınarlıdere Köyü,tarihsel,wikidata-6360
birim,59060017,Danişment Köyü,tarihsel,wikidata-6360
birim,59060018,Davuteli Köyü,tarihsel,wikidata-6360
birim,59060019,Deliller Köyü,tarihsel,wikidata-6360
birim,59060020,Demircili Köyü,tarihsel,wikidata-6360
birim,59060021,Dereköy Köyü,tarihsel,wikidata-6360
birim,59060022,Deveci Köyü,tarihsel,wikidata-6360
birim,59060023,Develi Köyü,tarihsel,wikidata-6360
birim,59060024,Doğanköy Köyü,tarihsel,wikidata-6360
birim,59060025,Dolu Köyü,tarihsel,wikidata-6360
birim,59060026,Elmalı Köyü,tarihsel,wikidata-6360
birim,59060027,Emirali Köyü,tarihsel,wikidata-6360
birim,59060028,Esendik Köyü,tarihsel,wikidata-6360
birim,59060029,Evrenbey Köyü,tarihsel,wikidata-6360
birim,59060031,Gönence Köyü,tarihsel,wikidata-6360
birim,59060032,Gözsüz Köyü,tarihsel,wikidata-6360
birim,59060033,Güneşli Köyü,tarihsel,wikidata-6360
birim,59060035,Hacısungur Köyü,tarihsel,wikidata-6360
birim,59060036,Halıç Köyü,tarihsel,wikidata-6360
birim,59060037,Hasköy Köyü,tarihsel,wikidata-6360
birim,59060038,Hemit Köyü,tarihsel,wikidata-6360
birim,59060039,Hereke Köyü,tarihsel,wikidata-6360
birim,59060040,İbribey Köyü,tarihsel,wikidata-6360
birim,59060041,İbrice Köyü,tarihsel,wikidata-6360
birim,59060042,İshakça Köyü,tarihsel,wikidata-6360
birim,59060043,Izgar Köyü,tarihsel,wikidata-6360
birim,59060044,Kadıköy Köyü,tarihsel,wikidata-6360
birim,59060045,Kalaycı Köyü,tarihsel,wikidata-6360
birim,59060046,Karacagür Köyü,tarihsel,wikidata-6360
birim,59060047,Karacahalil Köyü,tarihsel,wikidata-6360
birim,59060048,Karaiğdemir Köyü,tarihsel,wikidata-6360
birim,59060049,Karamurat Köyü,tarihsel,wikidata-6360
birim,59060050,Kavakçeşme Köyü,tarihsel,wikidata-6360
birim,59060051,Kermeyan Köyü,tarihsel,wikidata-6360
birim,59060052,Kiremitlik Köyü,tarihsel,wikidata-6360
birim,59060053,Kırıkali Köyü,tarihsel,wikidata-6360
birim,59060055,Küçükhıdır Köyü,tarihsel,wikidata-6360
birim,59060056,Kürtüllü Köyü,tarihsel,wikidata-6360
birim,59060057,Kuyucu Köyü,tarihsel,wikidata-6360
birim,59060058,Mestanlar Köyü,tarihsel,wikidata-6360
birim,59060059,Müstecep Köyü,tarihsel,wikidata-6360
birim,59060060,Pirinççeşme Köyü,tarihsel,wikidata-6360
birim,59060062,Şahin Köyü,tarihsel,wikidata-6360
birim,59060063,Sarıpolat Köyü,tarihsel,wikidata-6360
birim,59060064,Sarıyar Köyü,tarihsel,wikidata-6360
birim,59060065,Sarnıç Köyü,tarihsel,wikidata-6360
birim,59060066,Sırtbey Köyü,tarihsel,wikidata-6360
birim,59060067,Tekkeköy Köyü,tarihsel,wikidata-6360
birim,59060068,Teteköy Köyü,tarihsel,wikidata-6360
birim,59060069,Vakıfiğdemir Köyü,tarihsel,wikidata-6360
birim,59060070,Yaylagöne Köyü,tarihsel,wikidata-6360
birim,59060071,Yaylaköy Köyü,tarihsel,wikidata-6360
birim,59060073,Yenice Köyü,tarihsel,wikidata-6360
birim,59060074,Yenidibek Köyü,tarihsel,wikidata-6360
birim,59060075,Yılanlı Köyü,tarihsel,wikidata-6360
birim,59060076,Yörücek Köyü,tarihsel,wikidata-6360
birim,59060077,Yörük Köyü,tarihsel,wikidata-6360
birim,59090003,Ayvacık Köyü,tarihsel,wikidata-6360
birim,59090005,Bahçedere Köyü,tarihsel,wikidata-6360
birim,59090006,Bahçeköy Köyü,tarihsel,wikidata-6360
birim,59090010,Çayla Köyü,tarihsel,wikidata-6360
birim,59090011,Çukuryurt Köyü,tarihsel,wikidata-6360
birim,59090013,Demirler Köyü,tarihsel,wikidata-6360
birim,59090014,Edirköy Köyü,tarihsel,wikidata-6360
birim,59090015,Göçerler Köyü,tarihsel,wikidata-6360
birim,59090016,Güngörmez Köyü,tarihsel,wikidata-6360
birim,59090017,Kadıköy Köyü,tarihsel,wikidata-6360
birim,59090018,Karabürçek Köyü,tarihsel,wikidata-6360
birim,59090019,Kavacık Köyü,tarihsel,wikidata-6360
birim,59090021,Küçükyoncalı Köyü,tarihsel,wikidata-6360
birim,59090022,Kurtdere Köyü,tarihsel,wikidata-6360
birim,59090023,Osmanlı Köyü,tarihsel,wikidata-6360
birim,59090025,Sefaalan Köyü,tarihsel,wikidata-6360
birim,59090026,Sinanlı Köyü,tarihsel,wikidata-6360
birim,59090027,Sofular Köyü,tarihsel,wikidata-6360
birim,59090029,Yuvalı Köyü,tarihsel,wikidata-6360
birim,59100001,Aşağıkalamış Köyü,tarihsel,wikidata-6360
birim,59100002,Beyoğlu Köyü,tarihsel,wikidata-6360
birim,59100003,Bulgur Köyü,tarihsel,wikidata-6360
birim,59100005,Çengelli Köyü,tarihsel,wikidata-6360
birim,59100006,Çınarlı Köyü,tarihsel,wikidata-6360
birim,59100008,Eriklice Köyü,tarihsel,wikidata-6360
birim,59100009,Gaziköy Köyü,tarihsel,wikidata-6360
birim,59100010,Gölcük Köyü,tarihsel,wikidata-6360
birim,59100011,Güzelköy Köyü,tarihsel,wikidata-6360
birim,59100013,İğdebağları Köyü,tarihsel,wikidata-6360
birim,59100014,İshaklı Köyü,tarihsel,wikidata-6360
birim,59100016,Kirazlı Köyü,tarihsel,wikidata-6360
birim,59100017,Kızılcaterzi Köyü,tarihsel,wikidata-6360
birim,59100018,Kocaali Köyü,tarihsel,wikidata-6360
birim,59100020,Mursallı Köyü,tarihsel,wikidata-6360
birim,59100021,Palamut Köyü,tarihsel,wikidata-6360
birim,59100022,Şenköy Köyü,tarihsel,wikidata-6360
birim,59100023,Sofuköy Köyü,tarihsel,wikidata-6360
birim,59100024,Tepeköy Köyü,tarihsel,wikidata-6360
birim,59100025,Uçmakdere Köyü,tarihsel,wikidata-6360
birim,59100026,Ulaman Köyü,tarihsel,wikidata-6360
birim,59100027,Yayaağaç Köyü,tarihsel,wikidata-6360
birim,59100028,Yayaköy Köyü,tarihsel,wikidata-6360
birim,59100029,Yeniköy Köyü,tarihsel,wikidata-6360
birim,59100030,Yörgüç Köyü,tarihsel,wikidata-6360
birim,59100031,Yukarıkalamış Köyü,tarihsel,wikidata-6360
birim,59110002,Ahmedikli Köyü,tarihsel,wikidata-6360
birim,59110003,Ahmetçe Köyü,tarihsel,wikidata-6360
birim,59110004,Akçahalil Köyü,tarihsel,wikidata-6360
birim,59110006,Araphacı Köyü,tarihsel,wikidata-6360
birim,59110007,Aşağıkılıçlı Köyü,tarihsel,wikidata-6360
birim,59110008,Eskicami,semt,ptt-semt
birim,59110009,Avşar Köyü,tarihsel,wikidata-6360
birim,59110011,Eskicami,semt,ptt-semt
birim,59110014,Bıyıkali Köyü,tarihsel,wikidata-6360
birim,59110015,Çanakçı Köyü,tarihsel,wikidata-6360
birim,59110016,Eskicami,semt,ptt-semt
birim,59110018,Eskicami,semt,ptt-semt
birim,59110019,Dedecik Köyü,tarihsel,wikidata-6360
birim,59110020,Eskicami,semt,ptt-semt
birim,59110021,Demirli Köyü,tarihsel,wikidata-6360
birim,59110022,Doğrukaracamurat Köyü,tarihsel,wikidata-6360
birim,59110024,Evciler Köyü,tarihsel,wikidata-6360
birim,59110025,Ferhadanlı Köyü,tarihsel,wikidata-6360
birim,59110026,Gazioğlu Köyü,tarihsel,wikidata-6360
birim,59110027,Generli Köyü,tarihsel,wikidata-6360
birim,59110028,Gündüzlü Köyü,tarihsel,wikidata-6360
birim,59110029,Güveçli Köyü,tarihsel,wikidata-6360
birim,59110030,Hacıköy Köyü,tarihsel,wikidata-6360
birim,59110031,Eskicami,semt,ptt-semt
birim,59110032,Husunlu Köyü,tarihsel,wikidata-6360
birim,59110033,İnecik Köyü,tarihsel,wikidata-6360
birim,59110034,Işıklar Köyü,tarihsel,wikidata-6360
birim,59110035,Eskicami,semt,ptt-semt
birim,59110036,Karabezirgan Köyü,tarihsel,wikidata-6360
birim,59110038,Karaçalı Köyü,tarihsel,wikidata-6360
birim,59110040,Karaevli Köyü,tarihsel,wikidata-6360
birim,59110041,Karahalil Köyü,tarihsel,wikidata-6360
birim,59110042,Karahisarlı Köyü,tarihsel,wikidata-6360
birim,59110043,Karansıllı Köyü,tarihsel,wikidata-6360
birim,59110044,Kaşıkçı Köyü,tarihsel,wikidata-6360
birim,59110045,Kayı Köyü,tarihsel,wikidata-6360
birim,59110046,Kazandere Köyü,tarihsel,wikidata-6360
birim,59110047,Kılavuzlu Köyü,tarihsel,wikidata-6360
birim,59110048,Kınıklar Köyü,tarihsel,wikidata-6360
birim,59110049,Köseilyas Köyü,tarihsel,wikidata-6360
birim,59110051,Mahramlı Köyü,tarihsel,wikidata-6360
birim,59110052,Naipköy Köyü,tarihsel,wikidata-6360
birim,59110053,Eskicami,semt,ptt-semt
birim,59110054,Nusratfakı Köyü,tarihsel,wikidata-6360
birim,59110055,Nusratlı Köyü,tarihsel,wikidata-6360
birim,59110056,Oğuzlu Köyü,tarihsel,wikidata-6360
birim,59110057,Ormanlı Köyü,tarihsel,wikidata-6360
birim,59110058,Ortaca Köyü,tarihsel,wikidata-6360
birim,59110059,Eskicami,semt,ptt-semt
birim,59110060,Oruçbeyli Köyü,tarihsel,wikidata-6360
birim,59110061,Osmanlı Köyü,tarihsel,wikidata-6360
birim,59110062,Otmanlı Köyü,tarihsel,wikidata-6360
birim,59110063,Selçuk Köyü,tarihsel,wikidata-6360
birim,59110064,Semetli Köyü,tarihsel,wikidata-6360
birim,59110065,Seymenli Köyü,tarihsel,wikidata-6360
birim,59110066,Taşumurca Köyü,tarihsel,wikidata-6360
birim,59110067,Tatarlı Köyü,tarihsel,wikidata-6360
birim,59110070,Yağcı Köyü,tarihsel,wikidata-6360
birim,59110072,Yayabaşı Köyü,tarihsel,wikidata-6360
birim,59110073,Yazır Köyü,tarihsel,wikidata-6360
birim,59110074,Yenice Köyü,tarihsel,wikidata-6360
birim,59110075,Yeniköy Köyü,tarihsel,wikidata-6360
birim,59110076,Yukarıkılıçlı Köyü,tarihsel,wikidata-6360
birim,59110077,Yuva Köyü,tarihsel,wikidata-6360
birim,60040002,Akkoç Köyü,tarihsel,wikidata-6360
birim,60040012,Evyaba Köyü,tarihsel,wikidata-6360
birim,60040034,Sütlüce Köyü,tarihsel,wikidata-6360
birim,60040038,Yeni Köyü,tarihsel,wikidata-6360
birim,61010001,Acısu Köyü,tarihsel,wikidata-6360
birim,61010003,Ağaçlı Köyü,tarihsel,wikidata-6360
birim,61010006,Akdamar Köyü,tarihsel,wikidata-6360
birim,61010007,Akören Köyü,tarihsel,wikidata-6360
birim,61010009,Alsancak Köyü,tarihsel,wikidata-6360
birim,61010010,Ambarcık Köyü,tarihsel,wikidata-6360
birim,61010011,Arpacılı Köyü,tarihsel,wikidata-6360
birim,61010012,Aydınköy Köyü,tarihsel,wikidata-6360
birim,61010013,Bozdoğan Köyü,tarihsel,wikidata-6360
birim,61010014,Çamlıca Köyü,tarihsel,wikidata-6360
birim,61010015,Çamlıdere Köyü,tarihsel,wikidata-6360
birim,61010016,Cevizli Köyü,tarihsel,wikidata-6360
birim,61010017,Cevizlik Köyü,tarihsel,wikidata-6360
birim,61010018,Çiçeklidüz Köyü,tarihsel,wikidata-6360
birim,61010019,Çilekli Köyü,tarihsel,wikidata-6360
birim,61010020,Çınarlık Köyü,tarihsel,wikidata-6360
birim,61010022,Çukurca Köyü,tarihsel,wikidata-6360
birim,61010024,Demirci Köyü,tarihsel,wikidata-6360
birim,61010025,Demirkapı Köyü,tarihsel,wikidata-6360
birim,61010026,Demirtaş Köyü,tarihsel,wikidata-6360
birim,61010031,Esentepe Köyü,tarihsel,wikidata-6360
birim,61010032,Eskiköy Köyü,tarihsel,wikidata-6360
birim,61010033,Fındıklı Köyü,tarihsel,wikidata-6360
birim,61010034,Fıstıklı Köyü,tarihsel,wikidata-6360
birim,61010035,Gümüşlü Köyü,tarihsel,wikidata-6360
birim,61010036,Helvacı Köyü,tarihsel,wikidata-6360
birim,61010038,Kaleönü Köyü,tarihsel,wikidata-6360
birim,61010039,Karaçayır Köyü,tarihsel,wikidata-6360
birim,61010040,Karpınar Köyü,tarihsel,wikidata-6360
birim,61010043,Kemaliye Köyü,tarihsel,wikidata-6360
birim,61010044,Kirazlık Köyü,tarihsel,wikidata-6360
birim,61010045,Koçlu Köyü,tarihsel,wikidata-6360
birim,61010046,Kuruçam Köyü,tarihsel,wikidata-6360
birim,61010047,Maden Köyü,tarihsel,wikidata-6360
birim,61010049,Meşeli Köyü,tarihsel,wikidata-6360
birim,61010050,Meydankaya Köyü,tarihsel,wikidata-6360
birim,61010053,Ortaalan Köyü,tarihsel,wikidata-6360
birim,61010054,Ortaköy Köyü,tarihsel,wikidata-6360
birim,61010056,Özakdamar Köyü,tarihsel,wikidata-6360
birim,61010057,Özdemirci Köyü,tarihsel,wikidata-6360
birim,61010058,Salacık Köyü,tarihsel,wikidata-6360
birim,61010059,Sarıca Köyü,tarihsel,wikidata-6360
birim,61010061,Sertkaya Köyü,tarihsel,wikidata-6360
birim,61010064,Tatlısu Köyü,tarihsel,wikidata-6360
birim,61010065,Tütüncüler Köyü,tarihsel,wikidata-6360
birim,61010066,Uçarsu Köyü,tarihsel,wikidata-6360
birim,61010069,Yeniköy Köyü,tarihsel,wikidata-6360
birim,61010070,Yeşiltepe Köyü,tarihsel,wikidata-6360
birim,61010071,Yeşilyurt Köyü,tarihsel,wikidata-6360
birim,61010073,Zaferli Köyü,tarihsel,wikidata-6360
birim,61020001,Aytaş Köyü,tarihsel,wikidata-6360
birim,61020002,Ayvadere Köyü,tarihsel,wikidata-6360
birim,61020003,Bahçecik Köyü,tarihsel,wikidata-6360
birim,61020004,Bereketli Köyü,tarihsel,wikidata-6360
birim,61020005,Birlik Köyü,tarihsel,wikidata-6360
birim,61020006,Buzluca Köyü,tarihsel,wikidata-6360
birim,61020007,Çamlıca Köyü,tarihsel,wikidata-6360
birim,61020008,Çamlıktepe Köyü,tarihsel,wikidata-6360
birim,61020010,Çiftepınar Köyü,tarihsel,wikidata-6360
birim,61020011,Çukurçayır Köyü,tarihsel,wikidata-6360
birim,61020012,Değirmencik Köyü,tarihsel,wikidata-6360
birim,61020014,Erikli Köyü,tarihsel,wikidata-6360
birim,61020015,Halilli Köyü,tarihsel,wikidata-6360
birim,61020016,Hasköy Köyü,tarihsel,wikidata-6360
birim,61020018,İyisu Köyü,tarihsel,wikidata-6360
birim,61020020,Karatepe Köyü,tarihsel,wikidata-6360
birim,61020021,Karşıyaka Köyü,tarihsel,wikidata-6360
birim,61020022,Kayacık Köyü,tarihsel,wikidata-6360
birim,61020023,Kayaiçi Köyü,tarihsel,wikidata-6360
birim,61020024,Kaymaklı Köyü,tarihsel,wikidata-6360
birim,61020025,Kestanelik Köyü,tarihsel,wikidata-6360
birim,61020026,Köprüüstü Köyü,tarihsel,wikidata-6360
birim,61020027,Kükürtlü Köyü,tarihsel,wikidata-6360
birim,61020029,Merkezköy Köyü,tarihsel,wikidata-6360
birim,61020030,Ortaköy Köyü,tarihsel,wikidata-6360
birim,61020032,Pervane Köyü,tarihsel,wikidata-6360
birim,61020033,Sulakyurt Köyü,tarihsel,wikidata-6360
birim,61020034,Sularbaşı Köyü,tarihsel,wikidata-6360
birim,61020035,Taşgeçit Köyü,tarihsel,wikidata-6360
birim,61020036,Taşönü Köyü,tarihsel,wikidata-6360
birim,61020037,Taştepe Köyü,tarihsel,wikidata-6360
birim,61020038,Türkeli Köyü,tarihsel,wikidata-6360
birim,61020039,Turnalı Köyü,tarihsel,wikidata-6360
birim,61020040,Yalıboyu Köyü,tarihsel,wikidata-6360
birim,61020041,Yassıkaya Köyü,tarihsel,wikidata-6360
birim,61020042,Yeniköy Köyü,tarihsel,wikidata-6360
birim,61020043,Yeşilce Köyü,tarihsel,wikidata-6360
birim,61020044,Yeşilköy Köyü,tarihsel,wikidata-6360
birim,61020046,Yiğitözü Köyü,tarihsel,wikidata-6360
birim,61020047,Yıldızlı Köyü,tarihsel,wikidata-6360
birim,61020049,Yoncalı Köyü,tarihsel,wikidata-6360
birim,61020050,Yüceyurt Köyü,tarihsel,wikidata-6360
birim,61040002,Ağaçlı Köyü,tarihsel,wikidata-6360
birim,61040003,Akkese Köyü,tarihsel,wikidata-6360
birim,61040004,Aksaklı Köyü,tarihsel,wikidata-6360
birim,61040005,Anbarlı Köyü,tarihsel,wikidata-6360
birim,61040006,Ardıçatak Köyü,tarihsel,wikidata-6360
birim,61040007,Bayırköy Köyü,tarihsel,wikidata-6360
birim,61040009,Bozlu Köyü,tarihsel,wikidata-6360
birim,61040010,Çakırlı Köyü,tarihsel,wikidata-6360
birim,61040012,Çıtlaklı Köyü,tarihsel,wikidata-6360
birim,61040014,Dağlıca Köyü,tarihsel,wikidata-6360
birim,61040015,Denizli Köyü,tarihsel,wikidata-6360
birim,61040016,Dolanlı Köyü,tarihsel,wikidata-6360
birim,61040017,Duygulu Köyü,tarihsel,wikidata-6360
birim,61040020,Hünerli Köyü,tarihsel,wikidata-6360
birim,61040021,Kalegüney Köyü,tarihsel,wikidata-6360
birim,61040022,Korkuthan Köyü,tarihsel,wikidata-6360
birim,61040023,Kutluca Köyü,tarihsel,wikidata-6360
birim,61040026,Resullü Köyü,tarihsel,wikidata-6360
birim,61040027,Şahmelik Köyü,tarihsel,wikidata-6360
birim,61040028,Sayvancık Köyü,tarihsel,wikidata-6360
birim,61040029,Seyitahmet Köyü,tarihsel,wikidata-6360
birim,61040030,Takazlı Köyü,tarihsel,wikidata-6360
birim,61040032,Yenicami Köyü,tarihsel,wikidata-6360
birim,61040034,Zemberek Köyü,tarihsel,wikidata-6360
birim,61050003,Çallı Köyü,tarihsel,wikidata-6360
birim,61050004,Erenköy Köyü,tarihsel,wikidata-6360
birim,61050005,Fenerköy Köyü,tarihsel,wikidata-6360
birim,61050006,Gülbahçe Köyü,tarihsel,wikidata-6360
birim,61050007,Kadıköy Köyü,tarihsel,wikidata-6360
birim,61050008,Kaleköy Köyü,tarihsel,wikidata-6360
birim,61050009,Kavaklı Köyü,tarihsel,wikidata-6360
birim,61050011,Kovanlı Köyü,tarihsel,wikidata-6360
birim,61050012,Küçükköy Köyü,tarihsel,wikidata-6360
birim,61050014,Pınarlı Köyü,tarihsel,wikidata-6360
birim,61050015,Şahinli Köyü,tarihsel,wikidata-6360
birim,61050017,Samsun Köyü,tarihsel,wikidata-6360
birim,61050018,Serpilköy Köyü,tarihsel,wikidata-6360
birim,61050019,Taşlıtepe Köyü,tarihsel,wikidata-6360
birim,61050020,Veliköy Köyü,tarihsel,wikidata-6360
birim,61050021,Yavuz Köyü,tarihsel,wikidata-6360
birim,61050022,Yeniköy Köyü,tarihsel,wikidata-6360
birim,61060001,Akdoğan Köyü,tarihsel,wikidata-6360
birim,61060002,Arpaözü Köyü,tarihsel,wikidata-6360
birim,61060003,Aşağıkumlu Köyü,tarihsel,wikidata-6360
birim,61060005,Baltacılı Köyü,tarihsel,wikidata-6360
birim,61060006,Çambaşı Köyü,tarihsel,wikidata-6360
birim,61060007,Çamlıbel Köyü,tarihsel,wikidata-6360
birim,61060008,Çayıroba Köyü,tarihsel,wikidata-6360
birim,61060009,Demirkapı Köyü,tarihsel,wikidata-6360
birim,61060010,Demirli Köyü,tarihsel,wikidata-6360
birim,61060011,Derindere Köyü,tarihsel,wikidata-6360
birim,61060014,Kabataş Köyü,tarihsel,wikidata-6360
birim,61060016,Kayran Köyü,tarihsel,wikidata-6360
birim,61060017,Köknar Köyü,tarihsel,wikidata-6360
birim,61060018,Koldere Köyü,tarihsel,wikidata-6360
birim,61060019,Köseli Köyü,tarihsel,wikidata-6360
birim,61060020,Maraşlı Köyü,tarihsel,wikidata-6360
birim,61060021,Şahinkaya Köyü,tarihsel,wikidata-6360
birim,61060022,Şekersu Köyü,tarihsel,wikidata-6360
birim,61060023,Soğanlı Köyü,tarihsel,wikidata-6360
birim,61060025,Taşlıgedik Köyü,tarihsel,wikidata-6360
birim,61060026,Taşören Köyü,tarihsel,wikidata-6360
birim,61060027,Ulucami Köyü,tarihsel,wikidata-6360
birim,61060029,Uzuntarla Köyü,tarihsel,wikidata-6360
birim,61060030,Yaylaönü Köyü,tarihsel,wikidata-6360
birim,61060031,Yeşilalan Köyü,tarihsel,wikidata-6360
birim,61060032,Yukarıkumlu Köyü,tarihsel,wikidata-6360
birim,61070001,Akköse Köyü,tarihsel,wikidata-6360
birim,61070002,Çalışanlar Köyü,tarihsel,wikidata-6360
birim,61070003,Çayırbaşı Köyü,tarihsel,wikidata-6360
birim,61070004,Gülen Köyü,tarihsel,wikidata-6360
birim,61070005,Günebakan Köyü,tarihsel,wikidata-6360
birim,61070009,Ormancık Köyü,tarihsel,wikidata-6360
birim,61070010,Taşçılar Köyü,tarihsel,wikidata-6360
birim,61070011,Tüfekçi Köyü,tarihsel,wikidata-6360
birim,61070013,Yenice Köyü,tarihsel,wikidata-6360
birim,61070014,Zincirlitaş Köyü,tarihsel,wikidata-6360
birim,61080001,Alazlı Köyü,tarihsel,wikidata-6360
birim,61080013,Çiğdemli Köyü,tarihsel,wikidata-6360
birim,61080015,Gökçeler Köyü,tarihsel,wikidata-6360
birim,61080016,Gürgendağ Köyü,tarihsel,wikidata-6360
birim,61080017,Küçüktepeköy Köyü,tarihsel,wikidata-6360
birim,61080019,Taşocağı Köyü,tarihsel,wikidata-6360
birim,61080022,Yerlice Köyü,tarihsel,wikidata-6360
birim,61090008,Dağönü Köyü,tarihsel,wikidata-6360
birim,61090009,Dereyurt Köyü,tarihsel,wikidata-6360
birim,61090010,Fatih Köyü,tarihsel,wikidata-6360
birim,61090011,Geçitli Köyü,tarihsel,wikidata-6360
birim,61090012,Göksel Köyü,tarihsel,wikidata-6360
birim,61090017,Kılavuz Köyü,tarihsel,wikidata-6360
birim,61090018,Köyceğiz Köyü,tarihsel,wikidata-6360
birim,61090022,Onur Köyü,tarihsel,wikidata-6360
birim,61090023,Pazarönü Köyü,tarihsel,wikidata-6360
birim,61090024,Pınarca Köyü,tarihsel,wikidata-6360
birim,61090025,Sarmaşık Köyü,tarihsel,wikidata-6360
birim,61090026,Şehitli Köyü,tarihsel,wikidata-6360
birim,61090027,Şişli Köyü,tarihsel,wikidata-6360
birim,61090028,Taflancık Köyü,tarihsel,wikidata-6360
birim,61090030,Yarlı Köyü,tarihsel,wikidata-6360
birim,61090032,Yeniköy Köyü,tarihsel,wikidata-6360
birim,61090033,Yıldırımlar Köyü,tarihsel,wikidata-6360
birim,61090034,Yırca Köyü,tarihsel,wikidata-6360
birim,61100002,Arpalı Köyü,tarihsel,wikidata-6360
birim,61100005,Çifteköprü Köyü,tarihsel,wikidata-6360
birim,61100008,Güneşli Köyü,tarihsel,wikidata-6360
birim,61100010,Yağmurlu Köyü,tarihsel,wikidata-6360
birim,61110001,Akarsu Köyü,tarihsel,wikidata-6360
birim,61110002,Akmescit Köyü,tarihsel,wikidata-6360
birim,61110003,Alaçam Köyü,tarihsel,wikidata-6360
birim,61110004,Alataş Köyü,tarihsel,wikidata-6360
birim,61110005,Altındere Köyü,tarihsel,wikidata-6360
birim,61110006,Anayurt Köyü,tarihsel,wikidata-6360
birim,61110007,Ardıçlıyayla Köyü,tarihsel,wikidata-6360
birim,61110008,Armağan Köyü,tarihsel,wikidata-6360
birim,61110010,Bağışlı Köyü,tarihsel,wikidata-6360
birim,61110012,Bakımlı Köyü,tarihsel,wikidata-6360
birim,61110013,Bakırcılar Köyü,tarihsel,wikidata-6360
birim,61110014,Barışlı Köyü,tarihsel,wikidata-6360
birim,61110015,Başar Köyü,tarihsel,wikidata-6360
birim,61110016,Çamlıdüz Köyü,tarihsel,wikidata-6360
birim,61110017,Çatak Köyü,tarihsel,wikidata-6360
birim,61110018,Çayırlar Köyü,tarihsel,wikidata-6360
birim,61110019,Çeşmeler Köyü,tarihsel,wikidata-6360
birim,61110021,Coşandere Köyü,tarihsel,wikidata-6360
birim,61110022,Dikkaya Köyü,tarihsel,wikidata-6360
birim,61110023,Erginköy Köyü,tarihsel,wikidata-6360
birim,61110026,Gayretli Köyü,tarihsel,wikidata-6360
birim,61110030,Güzelce Köyü,tarihsel,wikidata-6360
birim,61110031,Güzelyayla Köyü,tarihsel,wikidata-6360
birim,61110032,Hamsiköy Köyü,tarihsel,wikidata-6360
birim,61110033,Hızarlı Köyü,tarihsel,wikidata-6360
birim,61110034,Kapuköy Köyü,tarihsel,wikidata-6360
birim,61110035,Kaynarca Köyü,tarihsel,wikidata-6360
birim,61110036,Kırantaş Köyü,tarihsel,wikidata-6360
birim,61110037,Kiremitli Köyü,tarihsel,wikidata-6360
birim,61110039,Köprüyanı Köyü,tarihsel,wikidata-6360
birim,61110040,Kozağaç Köyü,tarihsel,wikidata-6360
birim,61110041,Kuşçu Köyü,tarihsel,wikidata-6360
birim,61110042,Mataracı Köyü,tarihsel,wikidata-6360
birim,61110044,Ocaklı Köyü,tarihsel,wikidata-6360
birim,61110045,Oğulağaç Köyü,tarihsel,wikidata-6360
birim,61110047,Ormaniçi Köyü,tarihsel,wikidata-6360
birim,61110048,Ormanüstü Köyü,tarihsel,wikidata-6360
birim,61110050,Ortaköy Köyü,tarihsel,wikidata-6360
birim,61110052,Sevinç Köyü,tarihsel,wikidata-6360
birim,61110053,Şimşirli Köyü,tarihsel,wikidata-6360
birim,61110054,Sındıran Köyü,tarihsel,wikidata-6360
birim,61110055,Sukenarı Köyü,tarihsel,wikidata-6360
birim,61110056,Temelli Köyü,tarihsel,wikidata-6360
birim,61110057,Üçgedik Köyü,tarihsel,wikidata-6360
birim,61110058,Yaylabaşı Köyü,tarihsel,wikidata-6360
birim,61110059,Yazılıtaş Köyü,tarihsel,wikidata-6360
birim,61110060,Yazlık Köyü,tarihsel,wikidata-6360
birim,61110061,Yeniköy Köyü,tarihsel,wikidata-6360
birim,61110063,Yeşilyurt Köyü,tarihsel,wikidata-6360
birim,61110064,Yukarıköy Köyü,tarihsel,wikidata-6360
birim,61110065,Yüzüncüyıl Köyü,tarihsel,wikidata-6360
birim,61110066,Zaferli Köyü,tarihsel,wikidata-6360
birim,61120001,Ağaçbaşı Köyü,tarihsel,wikidata-6360
birim,61120002,Ağaçseven Köyü,tarihsel,wikidata-6360
birim,61120003,Aşağıkışlacık Köyü,tarihsel,wikidata-6360
birim,61120005,Barış Köyü,tarihsel,wikidata-6360
birim,61120006,Başköy Köyü,tarihsel,wikidata-6360
birim,61120007,Bayırca Köyü,tarihsel,wikidata-6360
birim,61120008,Birlik Köyü,tarihsel,wikidata-6360
birim,61120010,Çaltılı Köyü,tarihsel,wikidata-6360
birim,61120015,Çukurova Köyü,tarihsel,wikidata-6360
birim,61120018,Dağalan Köyü,tarihsel,wikidata-6360
birim,61120019,Darılı Köyü,tarihsel,wikidata-6360
birim,61120020,Dereköy Köyü,tarihsel,wikidata-6360
birim,61120021,Doğançay Köyü,tarihsel,wikidata-6360
birim,61120022,Dumlusu Köyü,tarihsel,wikidata-6360
birim,61120023,Erenköy Köyü,tarihsel,wikidata-6360
birim,61120024,Esenköy Köyü,tarihsel,wikidata-6360
birim,61120026,Fındıkoba Köyü,tarihsel,wikidata-6360
birim,61120027,Gökçeoba Köyü,tarihsel,wikidata-6360
birim,61120028,Gümüşören Köyü,tarihsel,wikidata-6360
birim,61120029,Güresen Köyü,tarihsel,wikidata-6360
birim,61120034,Karabudak Köyü,tarihsel,wikidata-6360
birim,61120035,Kavakpınar Köyü,tarihsel,wikidata-6360
birim,61120036,Kazançlı Köyü,tarihsel,wikidata-6360
birim,61120037,Keler Köyü,tarihsel,wikidata-6360
birim,61120038,Kiraz Köyü,tarihsel,wikidata-6360
birim,61120039,Kireçli Köyü,tarihsel,wikidata-6360
birim,61120040,Kıyıboyu Köyü,tarihsel,wikidata-6360
birim,61120042,Korkut Köyü,tarihsel,wikidata-6360
birim,61120043,Korucuk Köyü,tarihsel,wikidata-6360
birim,61120044,Kumludere Köyü,tarihsel,wikidata-6360
birim,61120046,Ovacık Köyü,tarihsel,wikidata-6360
birim,61120047,Pınaraltı Köyü,tarihsel,wikidata-6360
birim,61120048,Saraçlı Köyü,tarihsel,wikidata-6360
birim,61120049,Sarayköy Köyü,tarihsel,wikidata-6360
birim,61120050,Sarıbey Köyü,tarihsel,wikidata-6360
birim,61120051,Sarıkaya Köyü,tarihsel,wikidata-6360
birim,61120052,Sefaköy Köyü,tarihsel,wikidata-6360
birim,61120053,Serince Köyü,tarihsel,wikidata-6360
birim,61120054,Sıraağaç Köyü,tarihsel,wikidata-6360
birim,61120055,Sivrice Köyü,tarihsel,wikidata-6360
birim,61120057,Söğütlü Köyü,tarihsel,wikidata-6360
birim,61120058,Sugeldi Köyü,tarihsel,wikidata-6360
birim,61120060,Tavşanlı Köyü,tarihsel,wikidata-6360
birim,61120063,Uluağaç Köyü,tarihsel,wikidata-6360
birim,61120064,Yanıktaş Köyü,tarihsel,wikidata-6360
birim,61120065,Yazlık Köyü,tarihsel,wikidata-6360
birim,61120066,Yemişalan Köyü,tarihsel,wikidata-6360
birim,61130001,Beşirli,semt,ptt-semt
birim,61130002,Bostancı,semt,ptt-semt
birim,61130003,Erdoğdu,semt,ptt-semt
birim,61130004,Beşirli,semt,ptt-semt
birim,61130005,Bostancı,semt,ptt-semt
birim,61130006,Erdoğdu,semt,ptt-semt
birim,61130007,Erdoğdu,semt,ptt-semt
birim,61130008,Ağıllı Köyü,tarihsel,wikidata-6360
birim,61130008,Beşirli,semt,ptt-semt
birim,61130009,Akkaya Köyü,tarihsel,wikidata-6360
birim,61130010,Bostancı,semt,ptt-semt
birim,61130011,Aktoprak Köyü,tarihsel,wikidata-6360
birim,61130011,Beşirli,semt,ptt-semt
birim,61130012,Beşirli,semt,ptt-semt
birim,61130013,Beşirli,semt,ptt-semt
birim,61130014,Ayvalı Köyü,tarihsel,wikidata-6360
birim,61130014,Beşirli,semt,ptt-semt
birim,61130015,Erdoğdu,semt,ptt-semt
birim,61130016,Bengisu Köyü,tarihsel,wikidata-6360
birim,61130016,Beşirli,semt,ptt-semt
birim,61130017,Beştaş Köyü,tarihsel,wikidata-6360
birim,61130019,Bostancı,semt,ptt-semt
birim,61130019,Bulak Köyü,tarihsel,wikidata-6360
birim,61130021,Çamoba Köyü,tarihsel,wikidata-6360
birim,61130023,Bostancı,semt,ptt-semt
birim,61130023,Çilekli Köyü,tarihsel,wikidata-6360
birim,61130024,Bostancı,semt,ptt-semt
birim,61130024,Çimenli Köyü,tarihsel,wikidata-6360
birim,61130030,Beşirli,semt,ptt-semt
birim,61130030,Doğançay Köyü,tarihsel,wikidata-6360
birim,61130031,Bostancı,semt,ptt-semt
birim,61130031,Dolaylı Köyü,tarihsel,wikidata-6360
birim,61130032,Düzyurt Köyü,tarihsel,wikidata-6360
birim,61130034,Bostancı,semt,ptt-semt
birim,61130035,Beşirli,semt,ptt-semt
birim,61130036,Beşirli,semt,ptt-semt
birim,61130036,Fatih Sultan Köyü,tarihsel,wikidata-6360
birim,61130038,Geçit Köyü,tarihsel,wikidata-6360
birim,61130039,Gölçayır Köyü,tarihsel,wikidata-6360
birim,61130040,Gözalan Köyü,tarihsel,wikidata-6360
birim,61130041,Erdoğdu,semt,ptt-semt
birim,61130042,Beşirli,semt,ptt-semt
birim,61130042,Gündoğdu Köyü,tarihsel,wikidata-6360
birim,61130043,Beşirli,semt,ptt-semt
birim,61130044,Erdoğdu,semt,ptt-semt
birim,61130045,Bostancı,semt,ptt-semt
birim,61130045,İncesu Köyü,tarihsel,wikidata-6360
birim,61130046,Beşirli,semt,ptt-semt
birim,61130048,Bostancı,semt,ptt-semt
birim,61130049,Bostancı,semt,ptt-semt
birim,61130050,Beşirli,semt,ptt-semt
birim,61130050,Karakaya Köyü,tarihsel,wikidata-6360
birim,61130051,Karlık Köyü,tarihsel,wikidata-6360
birim,61130052,Beşirli,semt,ptt-semt
birim,61130053,Bostancı,semt,ptt-semt
birim,61130053,Kavala Köyü,tarihsel,wikidata-6360
birim,61130056,Kireçhane Köyü,tarihsel,wikidata-6360
birim,61130057,Bostancı,semt,ptt-semt
birim,61130058,Bostancı,semt,ptt-semt
birim,61130058,Kozluca Köyü,tarihsel,wikidata-6360
birim,61130059,Beşirli,semt,ptt-semt
birim,61130060,Kutlugün Köyü,tarihsel,wikidata-6360
birim,61130061,Bostancı,semt,ptt-semt
birim,61130063,Bostancı,semt,ptt-semt
birim,61130063,Özbirlik Köyü,tarihsel,wikidata-6360
birim,61130065,Bostancı,semt,ptt-semt
birim,61130066,Bostancı,semt,ptt-semt
birim,61130066,Pınaraltı Köyü,tarihsel,wikidata-6360
birim,61130068,Bostancı,semt,ptt-semt
birim,61130068,Sayvan Köyü,tarihsel,wikidata-6360
birim,61130069,Bostancı,semt,ptt-semt
birim,61130069,Sevimli Köyü,tarihsel,wikidata-6360
birim,61130070,Erdoğdu,semt,ptt-semt
birim,61130071,Subaşı Köyü,tarihsel,wikidata-6360
birim,61130072,Beşirli,semt,ptt-semt
birim,61130073,Tosköy Köyü,tarihsel,wikidata-6360
birim,61130074,Beşirli,semt,ptt-semt
birim,61130074,Uğurlu Köyü,tarihsel,wikidata-6360
birim,61130075,Bostancı,semt,ptt-semt
birim,61130076,Erdoğdu,semt,ptt-semt
birim,61130077,Bostancı,semt,ptt-semt
birim,61130079,Beşirli,semt,ptt-semt
birim,61130079,Yeniköy Köyü,tarihsel,wikidata-6360
birim,61130080,Beşirli,semt,ptt-semt
birim,61130081,Bostancı,semt,ptt-semt
birim,61130081,Yeşilbük Köyü,tarihsel,wikidata-6360
birim,61130082,Beşirli,semt,ptt-semt
birim,61130083,Beşirli,semt,ptt-semt
birim,61130084,Beşirli,semt,ptt-semt
birim,61130084,Yeşiltepe Köyü,tarihsel,wikidata-6360
birim,61130085,Bostancı,semt,ptt-semt
birim,61130086,Bostancı,semt,ptt-semt
birim,61130086,Yeşilyurt Köyü,tarihsel,wikidata-6360
birim,61140001,Ağırtaş Köyü,tarihsel,wikidata-6360
birim,61140002,Akçiriş Köyü,tarihsel,wikidata-6360
birim,61140004,Çamlıca Köyü,tarihsel,wikidata-6360
birim,61140005,Çarlaklı Köyü,tarihsel,wikidata-6360
birim,61140006,Çetrik Köyü,tarihsel,wikidata-6360
birim,61140008,Doğancı Köyü,tarihsel,wikidata-6360
birim,61140009,Dorukkiriş Köyü,tarihsel,wikidata-6360
birim,61140010,Düzköy Köyü,tarihsel,wikidata-6360
birim,61140011,Fidanbaşı Köyü,tarihsel,wikidata-6360
birim,61140013,Gökçeköy Köyü,tarihsel,wikidata-6360
birim,61140014,Gölkiriş Köyü,tarihsel,wikidata-6360
birim,61140015,Güdün Köyü,tarihsel,wikidata-6360
birim,61140016,Kabasakal Köyü,tarihsel,wikidata-6360
birim,61140018,Karakaya Köyü,tarihsel,wikidata-6360
birim,61140019,Kasımağzı Köyü,tarihsel,wikidata-6360
birim,61140021,Kuzuluk Köyü,tarihsel,wikidata-6360
birim,61140022,Pelitçik Köyü,tarihsel,wikidata-6360
birim,61140023,Sayvançatak Köyü,tarihsel,wikidata-6360
birim,61140024,Simenli Köyü,tarihsel,wikidata-6360
birim,61140025,Sinlice Köyü,tarihsel,wikidata-6360
birim,61140027,Sütpınar Köyü,tarihsel,wikidata-6360
birim,61140028,Tepeağzı Köyü,tarihsel,wikidata-6360
birim,61140030,Üzümözü Köyü,tarihsel,wikidata-6360
birim,61150001,Aksu Köyü,tarihsel,wikidata-6360
birim,61150002,Armutlu Köyü,tarihsel,wikidata-6360
birim,61150003,Aşağıovalı Köyü,tarihsel,wikidata-6360
birim,61150005,Birlik Köyü,tarihsel,wikidata-6360
birim,61150010,Çiftesu Köyü,tarihsel,wikidata-6360
birim,61150011,Çimenli Köyü,tarihsel,wikidata-6360
birim,61150012,Dirlik Köyü,tarihsel,wikidata-6360
birim,61150013,Fındıcak Köyü,tarihsel,wikidata-6360
birim,61150014,Gültepe Köyü,tarihsel,wikidata-6360
birim,61150015,Güneyköy Köyü,tarihsel,wikidata-6360
birim,61150016,Kahraman Köyü,tarihsel,wikidata-6360
birim,61150017,Karacakaya Köyü,tarihsel,wikidata-6360
birim,61150018,Konak Köyü,tarihsel,wikidata-6360
birim,61150019,Koyuncular Köyü,tarihsel,wikidata-6360
birim,61150020,Küçükdere Köyü,tarihsel,wikidata-6360
birim,61150021,Muratlı Köyü,tarihsel,wikidata-6360
birim,61150024,Ortaköy Köyü,tarihsel,wikidata-6360
birim,61150026,Petekli Köyü,tarihsel,wikidata-6360
birim,61150029,Üzümlü Köyü,tarihsel,wikidata-6360
birim,61150030,Yazıoba Köyü,tarihsel,wikidata-6360
birim,61150033,Yeşilköy Köyü,tarihsel,wikidata-6360
birim,61150034,Yokuşbaşı Köyü,tarihsel,wikidata-6360
birim,61150035,Yukarıçavuşlu Köyü,tarihsel,wikidata-6360
birim,61160001,Biçinlik Köyü,tarihsel,wikidata-6360
birim,61160003,Çamlı Köyü,tarihsel,wikidata-6360
birim,61160004,Çayıriçi Köyü,tarihsel,wikidata-6360
birim,61160005,Hoşarlı Köyü,tarihsel,wikidata-6360
birim,61160007,Kalemli Köyü,tarihsel,wikidata-6360
birim,61160009,Kalınçam Köyü,tarihsel,wikidata-6360
birim,61160010,Karaağaçlı Köyü,tarihsel,wikidata-6360
birim,61160011,Karasu Köyü,tarihsel,wikidata-6360
birim,61160013,Kayacan Köyü,tarihsel,wikidata-6360
birim,61160014,Kösecik Köyü,tarihsel,wikidata-6360
birim,61160015,Kozluca Köyü,tarihsel,wikidata-6360
birim,61160016,Melikşah Köyü,tarihsel,wikidata-6360
birim,61160018,Sağrı Köyü,tarihsel,wikidata-6360
birim,61160019,Sayraç Köyü,tarihsel,wikidata-6360
birim,61160020,Turalı Köyü,tarihsel,wikidata-6360
birim,61160021,Yakçukur Köyü,tarihsel,wikidata-6360
birim,61170001,Açıkalan Köyü,tarihsel,wikidata-6360
birim,61170002,Akköy Köyü,tarihsel,wikidata-6360
birim,61170003,Aydoğdu Köyü,tarihsel,wikidata-6360
birim,61170004,Bahadırlı Köyü,tarihsel,wikidata-6360
birim,61170005,Ballı Köyü,tarihsel,wikidata-6360
birim,61170006,Bozalan Köyü,tarihsel,wikidata-6360
birim,61170008,Caferli Köyü,tarihsel,wikidata-6360
birim,61170009,Çamlık Köyü,tarihsel,wikidata-6360
birim,61170012,Çavuşlu Köyü,tarihsel,wikidata-6360
birim,61170015,Deregözü Köyü,tarihsel,wikidata-6360
birim,61170016,Düzlük Köyü,tarihsel,wikidata-6360
birim,61170017,Esentepe Köyü,tarihsel,wikidata-6360
birim,61170018,Fethiye Köyü,tarihsel,wikidata-6360
birim,61170019,Fevziye Köyü,tarihsel,wikidata-6360
birim,61170023,Hamzalı Köyü,tarihsel,wikidata-6360
birim,61170025,İlyaslı Köyü,tarihsel,wikidata-6360
birim,61170026,İshaklı Köyü,tarihsel,wikidata-6360
birim,61170027,Karatepe Köyü,tarihsel,wikidata-6360
birim,61170029,Kıranköy Köyü,tarihsel,wikidata-6360
birim,61170030,Kirazlık Köyü,tarihsel,wikidata-6360
birim,61170032,Köprücek Köyü,tarihsel,wikidata-6360
birim,61170035,Mahmutlu Köyü,tarihsel,wikidata-6360
birim,61170036,Mısırlı Köyü,tarihsel,wikidata-6360
birim,61170037,Ortaköy Köyü,tarihsel,wikidata-6360
birim,61170038,Rıdvanlı Köyü,tarihsel,wikidata-6360
birim,61170039,Sekmenli Köyü,tarihsel,wikidata-6360
birim,61170040,Şenocak Köyü,tarihsel,wikidata-6360
birim,61170041,Sinanlı Köyü,tarihsel,wikidata-6360
birim,61170042,Soğuksu Köyü,tarihsel,wikidata-6360
birim,61170043,Tarlacık Köyü,tarihsel,wikidata-6360
birim,61170045,Yaylacık Köyü,tarihsel,wikidata-6360
birim,61170046,Yıldız Köyü,tarihsel,wikidata-6360
birim,61180002,Çamlıyurt Köyü,tarihsel,wikidata-6360
birim,61180003,Çınarlı Köyü,tarihsel,wikidata-6360
birim,61180004,Demirciler Köyü,tarihsel,wikidata-6360
birim,61180005,Gülyurdu Köyü,tarihsel,wikidata-6360
birim,61180007,İkisu Köyü,tarihsel,wikidata-6360
birim,61180009,Kayabaşı Köyü,tarihsel,wikidata-6360
birim,61180010,Kılıçlı Köyü,tarihsel,wikidata-6360
birim,61180011,Kıratlı Köyü,tarihsel,wikidata-6360
birim,61180012,Kömürcü Köyü,tarihsel,wikidata-6360
birim,61180013,Maden Köyü,tarihsel,wikidata-6360
birim,61180018,Pınarlı Köyü,tarihsel,wikidata-6360
birim,61180020,Şanlı Köyü,tarihsel,wikidata-6360
birim,61180021,Tandırlı Köyü,tarihsel,wikidata-6360
birim,61180022,Taşdelen Köyü,tarihsel,wikidata-6360
birim,61180024,Yenice Köyü,tarihsel,wikidata-6360
birim,61180025,Yokuşlu Köyü,tarihsel,wikidata-6360
birim,62010007,Yenimahalle Köyü,tarihsel,wikidata-6360
birim,62030002,Elmalık Köyü,tarihsel,wikidata-6360
birim,62030004,Güneşdere Köyü,tarihsel,wikidata-6360
birim,62030007,Kepektaşı Köyü,tarihsel,wikidata-6360
birim,62030008,Kuşçu Köyü,tarihsel,wikidata-6360
birim,62040001,Aktuluk Köyü,tarihsel,wikidata-6360
birim,62040001,Tunceli,semt,ptt-semt
birim,62040002,Tunceli,semt,ptt-semt
birim,62040003,Tunceli,semt,ptt-semt
birim,62040004,Tunceli,semt,ptt-semt
birim,62040005,Tunceli,semt,ptt-semt
birim,62040006,Tunceli,semt,ptt-semt
birim,62040007,Tunceli,semt,ptt-semt
birim,62040008,Tunceli,semt,ptt-semt
birim,62040228,Tunceli,semt,ptt-semt
birim,63020001,Abdallı Köyü,tarihsel,wikidata-6360
birim,63020002,Akarçay Köyü,tarihsel,wikidata-6360
birim,63020003,Akpınar Köyü,tarihsel,wikidata-6360
birim,63020004,Almaşar Köyü,tarihsel,wikidata-6360
birim,63020005,Altınova Köyü,tarihsel,wikidata-6360
birim,63020006,Arslanlı Köyü,tarihsel,wikidata-6360
birim,63020007,Aşağı Fatmacık Köyü,tarihsel,wikidata-6360
birim,63020008,Aşağı Habip Köyü,tarihsel,wikidata-6360
birim,63020009,Aşağı Karkutlu Köyü,tarihsel,wikidata-6360
birim,63020010,Aşağı Kuyucak Köyü,tarihsel,wikidata-6360
birim,63020011,Aşağıalmaşar Köyü,tarihsel,wikidata-6360
birim,63020012,Aşağıeşme Köyü,tarihsel,wikidata-6360
birim,63020014,Bağlarbaşı Köyü,tarihsel,wikidata-6360
birim,63020015,Bahçeönü Köyü,tarihsel,wikidata-6360
birim,63020016,Bentbahçesi Köyü,tarihsel,wikidata-6360
birim,63020017,Böğürtlen Köyü,tarihsel,wikidata-6360
birim,63020018,Bozdere Köyü,tarihsel,wikidata-6360
birim,63020019,Boztepe Köyü,tarihsel,wikidata-6360
birim,63020020,Cibinören Köyü,tarihsel,wikidata-6360
birim,63020021,Çiçekalan Köyü,tarihsel,wikidata-6360
birim,63020022,Çiftlik Köyü,tarihsel,wikidata-6360
birim,63020023,Çoğan Köyü,tarihsel,wikidata-6360
birim,63020026,Dalocak Köyü,tarihsel,wikidata-6360
birim,63020027,Damlıca Köyü,tarihsel,wikidata-6360
birim,63020028,Diktepe Köyü,tarihsel,wikidata-6360
birim,63020029,Dışlık Köyü,tarihsel,wikidata-6360
birim,63020030,Divriği Köyü,tarihsel,wikidata-6360
birim,63020031,Dorucak Köyü,tarihsel,wikidata-6360
birim,63020032,Duyduk Köyü,tarihsel,wikidata-6360
birim,63020033,Düzlüce Köyü,tarihsel,wikidata-6360
birim,63020034,Ekenek Köyü,tarihsel,wikidata-6360
birim,63020035,Geçittepe Köyü,tarihsel,wikidata-6360
birim,63020036,Göktepe Köyü,tarihsel,wikidata-6360
birim,63020037,Günışığı Köyü,tarihsel,wikidata-6360
birim,63020038,Güvenir Köyü,tarihsel,wikidata-6360
birim,63020039,Güzelyurt Köyü,tarihsel,wikidata-6360
birim,63020041,Haydarahmet Köyü,tarihsel,wikidata-6360
birim,63020043,Ilgar Köyü,tarihsel,wikidata-6360
birim,63020044,İnceler Köyü,tarihsel,wikidata-6360
birim,63020045,İncirli Köyü,tarihsel,wikidata-6360
birim,63020046,İncirlidere Köyü,tarihsel,wikidata-6360
birim,63020047,İnnaplı Köyü,tarihsel,wikidata-6360
birim,63020048,Karababa Köyü,tarihsel,wikidata-6360
birim,63020050,Keskince Köyü,tarihsel,wikidata-6360
birim,63020051,Kocaali Köyü,tarihsel,wikidata-6360
birim,63020052,Kömağıl Köyü,tarihsel,wikidata-6360
birim,63020053,Konak Köyü,tarihsel,wikidata-6360
birim,63020054,Kural Köyü,tarihsel,wikidata-6360
birim,63020056,Kurucahöyük Köyü,tarihsel,wikidata-6360
birim,63020057,Mengelli Köyü,tarihsel,wikidata-6360
birim,63020059,Meteler Köyü,tarihsel,wikidata-6360
birim,63020060,Meyanca Köyü,tarihsel,wikidata-6360
birim,63020063,Orta Fatmacık Köyü,tarihsel,wikidata-6360
birim,63020064,Özveren Köyü,tarihsel,wikidata-6360
birim,63020067,Şekerköy Köyü,tarihsel,wikidata-6360
birim,63020068,Sekili Köyü,tarihsel,wikidata-6360
birim,63020070,Sumaklı Köyü,tarihsel,wikidata-6360
birim,63020071,Surtepe Köyü,tarihsel,wikidata-6360
birim,63020072,Tüten Köyü,tarihsel,wikidata-6360
birim,63020073,Uğurcuk Köyü,tarihsel,wikidata-6360
birim,63020074,Ünsal Köyü,tarihsel,wikidata-6360
birim,63020075,Yaylacık Köyü,tarihsel,wikidata-6360
birim,63020076,Yeniakpınar Köyü,tarihsel,wikidata-6360
birim,63020077,Yılmaz Köyü,tarihsel,wikidata-6360
birim,63020078,Yukarı Karabaş Köyü,tarihsel,wikidata-6360
birim,63020079,Yukarıhabib Köyü,tarihsel,wikidata-6360
birim,63020080,Yukarıincirli Köyü,tarihsel,wikidata-6360
birim,63020081,Yukarıyeniçağ Köyü,tarihsel,wikidata-6360
birim,63020082,Yuvacık Köyü,tarihsel,wikidata-6360
birim,63020083,Ziyaret Köyü,tarihsel,wikidata-6360
birim,63030010,Baltaş Köyü,tarihsel,wikidata-6360
birim,63030012,Biris Köyü,tarihsel,wikidata-6360
birim,63030017,Büyükhan Köyü,tarihsel,wikidata-6360
birim,63030020,Deliler Köyü,tarihsel,wikidata-6360
birim,63030022,Dutluca Köyü,tarihsel,wikidata-6360
birim,63030034,İkizköy Köyü,tarihsel,wikidata-6360
birim,63030048,Kındırali Köyü,tarihsel,wikidata-6360
birim,63030058,Mülkören Köyü,tarihsel,wikidata-6360
birim,63030067,Saluc Köyü,tarihsel,wikidata-6360
birim,63030072,Sızan Köyü,tarihsel,wikidata-6360
birim,63030074,Söğütlü Köyü,tarihsel,wikidata-6360
birim,63030077,Tozluca Köyü,tarihsel,wikidata-6360
birim,63030080,Üçdirek Köyü,tarihsel,wikidata-6360
birim,63040003,Akbulut Köyü,tarihsel,wikidata-6360
birim,63040004,Aktepe Köyü,tarihsel,wikidata-6360
birim,63040005,Alaca Köyü,tarihsel,wikidata-6360
birim,63040006,Altınköy Köyü,tarihsel,wikidata-6360
birim,63040007,Aşağıdoruklu Köyü,tarihsel,wikidata-6360
birim,63040008,Aşağıdurmuş Köyü,tarihsel,wikidata-6360
birim,63040009,Aşağıkarataş Köyü,tarihsel,wikidata-6360
birim,63040010,Avcılı Köyü,tarihsel,wikidata-6360
birim,63040011,Aydın Köyü,tarihsel,wikidata-6360
birim,63040012,Aydoğdu Köyü,tarihsel,wikidata-6360
birim,63040014,Boğalı Köyü,tarihsel,wikidata-6360
birim,63040015,Büyükçaylı Köyü,tarihsel,wikidata-6360
birim,63040016,Büyükyenice Köyü,tarihsel,wikidata-6360
birim,63040017,Büyükyıldız Köyü,tarihsel,wikidata-6360
birim,63040018,Ceylan Köyü,tarihsel,wikidata-6360
birim,63040020,Damlacık Köyü,tarihsel,wikidata-6360
birim,63040021,Dikili Köyü,tarihsel,wikidata-6360
birim,63040022,Düzova Köyü,tarihsel,wikidata-6360
birim,63040026,Gültepe Köyü,tarihsel,wikidata-6360
birim,63040027,Gümüş Köyü,tarihsel,wikidata-6360
birim,63040028,Han Köyü,tarihsel,wikidata-6360
birim,63040029,Işıklar Köyü,tarihsel,wikidata-6360
birim,63040030,Maden Köyü,tarihsel,wikidata-6360
birim,63040033,Muratlı Köyü,tarihsel,wikidata-6360
birim,63040034,Özbek Köyü,tarihsel,wikidata-6360
birim,63040035,Saraççeşme Köyü,tarihsel,wikidata-6360
birim,63040039,Tekinler Köyü,tarihsel,wikidata-6360
birim,63040042,Yalçınkaya Köyü,tarihsel,wikidata-6360
birim,63040043,Yeniköy Köyü,tarihsel,wikidata-6360
birim,63040045,Yeşiltepe Köyü,tarihsel,wikidata-6360
birim,63040046,Yoncalı Köyü,tarihsel,wikidata-6360
birim,63040047,Yukarıdoruklu Köyü,tarihsel,wikidata-6360
birim,63040048,Yukarıdurmuş Köyü,tarihsel,wikidata-6360
birim,63040049,Yukarıesence Köyü,tarihsel,wikidata-6360
birim,63040050,Yukarıkarataş Köyü,tarihsel,wikidata-6360
birim,63040051,Yukarıtaşlıdere Köyü,tarihsel,wikidata-6360
birim,63040052,Yüksektepe Köyü,tarihsel,wikidata-6360
birim,63050001,Çarşı,semt,ptt-semt
birim,63050002,Abdurrahmandede Köyü,tarihsel,wikidata-6360
birim,63050003,Açmalı Köyü,tarihsel,wikidata-6360
birim,63050005,Akçamescit Köyü,tarihsel,wikidata-6360
birim,63050006,Akdilek Köyü,tarihsel,wikidata-6360
birim,63050007,Akmağara Köyü,tarihsel,wikidata-6360
birim,63050009,Akören Köyü,tarihsel,wikidata-6360
birim,63050013,Altınbaşak Köyü,tarihsel,wikidata-6360
birim,63050014,Altıntepe Köyü,tarihsel,wikidata-6360
birim,63050015,Ambartepe Köyü,tarihsel,wikidata-6360
birim,63050016,Apalı Köyü,tarihsel,wikidata-6360
birim,63050017,Aşağıhemedan Köyü,tarihsel,wikidata-6360
birim,63050018,Aşağıkoçlu Köyü,tarihsel,wikidata-6360
birim,63050019,Aşağıyazıcı Köyü,tarihsel,wikidata-6360
birim,63050021,Atlıkonak Köyü,tarihsel,wikidata-6360
birim,63050024,Bakırtaş Köyü,tarihsel,wikidata-6360
birim,63050025,Bakışlar Köyü,tarihsel,wikidata-6360
birim,63050026,Banarlı Köyü,tarihsel,wikidata-6360
birim,63050028,Başgöze Köyü,tarihsel,wikidata-6360
birim,63050029,Başören Köyü,tarihsel,wikidata-6360
birim,63050031,Bayraklı Köyü,tarihsel,wikidata-6360
birim,63050032,Beşat Köyü,tarihsel,wikidata-6360
birim,63050034,Çarşı,semt,ptt-semt
birim,63050035,Çarşı,semt,ptt-semt
birim,63050036,Bildim Köyü,tarihsel,wikidata-6360
birim,63050039,Bulduk Köyü,tarihsel,wikidata-6360
birim,63050040,Büyükdüzlük Köyü,tarihsel,wikidata-6360
birim,63050041,Büyükhan Köyü,tarihsel,wikidata-6360
birim,63050043,Büyükotluca Köyü,tarihsel,wikidata-6360
birim,63050044,Çalışkanlar Köyü,tarihsel,wikidata-6360
birim,63050045,Çarşı,semt,ptt-semt
birim,63050046,Çamurlu Köyü,tarihsel,wikidata-6360
birim,63050049,Dilimli Köyü,tarihsel,wikidata-6360
birim,63050051,Dolutepe Köyü,tarihsel,wikidata-6360
birim,63050052,Duruca Köyü,tarihsel,wikidata-6360
birim,63050056,Gelincik Köyü,tarihsel,wikidata-6360
birim,63050057,Çarşı,semt,ptt-semt
birim,63050058,Göldere Köyü,tarihsel,wikidata-6360
birim,63050059,Görenler Köyü,tarihsel,wikidata-6360
birim,63050060,Gözeller Köyü,tarihsel,wikidata-6360
birim,63050061,Çarşı,semt,ptt-semt
birim,63050062,Gümüşören Köyü,tarihsel,wikidata-6360
birim,63050063,Günbalı Köyü,tarihsel,wikidata-6360
birim,63050064,Güneş Köyü,tarihsel,wikidata-6360
birim,63050065,Güngören Köyü,tarihsel,wikidata-6360
birim,63050069,Çarşı,semt,ptt-semt
birim,63050071,Hamzababa Köyü,tarihsel,wikidata-6360
birim,63050072,Hancığaz Köyü,tarihsel,wikidata-6360
birim,63050074,Horozköy Köyü,tarihsel,wikidata-6360
birim,63050075,İkizce Köyü,tarihsel,wikidata-6360
birim,63050076,Kadıkendi Köyü,tarihsel,wikidata-6360
birim,63050077,Çarşı,semt,ptt-semt
birim,63050078,Kap Köyü,tarihsel,wikidata-6360
birim,63050079,Kaplanköy Köyü,tarihsel,wikidata-6360
birim,63050080,Karaali Köyü,tarihsel,wikidata-6360
birim,63050081,Karahisar Köyü,tarihsel,wikidata-6360
birim,63050083,Karaman Köyü,tarihsel,wikidata-6360
birim,63050084,Keberli Köyü,tarihsel,wikidata-6360
birim,63050085,Keçikıran Köyü,tarihsel,wikidata-6360
birim,63050086,Çarşı,semt,ptt-semt
birim,63050088,Keskin Köyü,tarihsel,wikidata-6360
birim,63050089,Kınalı Köyü,tarihsel,wikidata-6360
birim,63050091,Kırkmağara Köyü,tarihsel,wikidata-6360
birim,63050092,Kızılkuyu Köyü,tarihsel,wikidata-6360
birim,63050093,Koçören Köyü,tarihsel,wikidata-6360
birim,63050094,Köprülük Köyü,tarihsel,wikidata-6360
birim,63050095,Kubacık Köyü,tarihsel,wikidata-6360
birim,63050097,Küçükdüzlük Köyü,tarihsel,wikidata-6360
birim,63050099,Külünçe Köyü,tarihsel,wikidata-6360
birim,63050100,Küpeli Köyü,tarihsel,wikidata-6360
birim,63050101,Çarşı,semt,ptt-semt
birim,63050102,Kurucuk Köyü,tarihsel,wikidata-6360
birim,63050104,Mihraplı Köyü,tarihsel,wikidata-6360
birim,63050106,Mutlukaya Köyü,tarihsel,wikidata-6360
birim,63050107,Nadire Köyü,tarihsel,wikidata-6360
birim,63050108,Olgunlar Köyü,tarihsel,wikidata-6360
birim,63050109,Olukyanı Köyü,tarihsel,wikidata-6360
birim,63050111,Örenli Köyü,tarihsel,wikidata-6360
birim,63050112,Ortahemedan Köyü,tarihsel,wikidata-6360
birim,63050114,Ovabeyli Köyü,tarihsel,wikidata-6360
birim,63050115,Ozanlar Köyü,tarihsel,wikidata-6360
birim,63050116,Özlü Köyü,tarihsel,wikidata-6360
birim,63050118,Çarşı,semt,ptt-semt
birim,63050120,Sağlık Köyü,tarihsel,wikidata-6360
birim,63050121,Şahinalan Köyü,tarihsel,wikidata-6360
birim,63050122,Şahinler Köyü,tarihsel,wikidata-6360
birim,63050123,Seksenören Köyü,tarihsel,wikidata-6360
birim,63050125,Selman Köyü,tarihsel,wikidata-6360
birim,63050128,Sultantepe Köyü,tarihsel,wikidata-6360
birim,63050129,Tarlabaşı Köyü,tarihsel,wikidata-6360
birim,63050130,Taşlıca Köyü,tarihsel,wikidata-6360
birim,63050131,Tekyamaç Köyü,tarihsel,wikidata-6360
birim,63050134,Çarşı,semt,ptt-semt
birim,63050135,Turluk Köyü,tarihsel,wikidata-6360
birim,63050136,Tuzluca Köyü,tarihsel,wikidata-6360
birim,63050139,Ulucanlar Köyü,tarihsel,wikidata-6360
birim,63050140,Uluköy Köyü,tarihsel,wikidata-6360
birim,63050141,Umuroba Köyü,tarihsel,wikidata-6360
birim,63050143,Vergili Köyü,tarihsel,wikidata-6360
birim,63050144,Yağmurlu Köyü,tarihsel,wikidata-6360
birim,63050146,Yamaçaltı Köyü,tarihsel,wikidata-6360
birim,63050147,Yanıkçöğür Köyü,tarihsel,wikidata-6360
birim,63050148,Yardımcı Köyü,tarihsel,wikidata-6360
birim,63050149,Yaşar Köyü,tarihsel,wikidata-6360
birim,63050150,Yaykılıç Köyü,tarihsel,wikidata-6360
birim,63050151,Yediyol Köyü,tarihsel,wikidata-6360
birim,63050152,Çarşı,semt,ptt-semt
birim,63050153,Yenice Köyü,tarihsel,wikidata-6360
birim,63050155,Yolbaşı Köyü,tarihsel,wikidata-6360
birim,63050157,Yukarıçaykuyu Köyü,tarihsel,wikidata-6360
birim,63050158,Yukarıhemedan Köyü,tarihsel,wikidata-6360
birim,63050160,Yukarıyazıcı Köyü,tarihsel,wikidata-6360
birim,63050161,Yusuf Köyü,tarihsel,wikidata-6360
birim,63050162,Çarşı,semt,ptt-semt
birim,63050163,Zeynepköy Köyü,tarihsel,wikidata-6360
birim,63060001,Altınova Köyü,tarihsel,wikidata-6360
birim,63060004,Aşağı Göklü Köyü,tarihsel,wikidata-6360
birim,63060005,Balaban Köyü,tarihsel,wikidata-6360
birim,63060006,Beyburcu Köyü,tarihsel,wikidata-6360
birim,63060008,Bozyazı Köyü,tarihsel,wikidata-6360
birim,63060009,Bulaklı Köyü,tarihsel,wikidata-6360
birim,63060010,Çakallı Köyü,tarihsel,wikidata-6360
birim,63060011,Çebekoğlu Köyü,tarihsel,wikidata-6360
birim,63060013,Dergili Köyü,tarihsel,wikidata-6360
birim,63060014,Durak Köyü,tarihsel,wikidata-6360
birim,63060016,Erikli Köyü,tarihsel,wikidata-6360
birim,63060018,Fıstıközü Köyü,tarihsel,wikidata-6360
birim,63060019,Gözeli Köyü,tarihsel,wikidata-6360
birim,63060020,Gülaçan Köyü,tarihsel,wikidata-6360
birim,63060021,Günece Köyü,tarihsel,wikidata-6360
birim,63060022,Gürkuyu Köyü,tarihsel,wikidata-6360
birim,63060023,Gürlüce Köyü,tarihsel,wikidata-6360
birim,63060024,Hilalli Köyü,tarihsel,wikidata-6360
birim,63060025,Kalkan Köyü,tarihsel,wikidata-6360
birim,63060028,Kavaklıca Köyü,tarihsel,wikidata-6360
birim,63060029,Kayalar Köyü,tarihsel,wikidata-6360
birim,63060031,Kurugöl Köyü,tarihsel,wikidata-6360
birim,63060032,Macunlu Köyü,tarihsel,wikidata-6360
birim,63060034,Ömerli Köyü,tarihsel,wikidata-6360
birim,63060035,Ortayol Köyü,tarihsel,wikidata-6360
birim,63060036,Özmüş Köyü,tarihsel,wikidata-6360
birim,63060038,Salmanlı Köyü,tarihsel,wikidata-6360
birim,63060039,Savaşan Köyü,tarihsel,wikidata-6360
birim,63060040,Saylakkaya Köyü,tarihsel,wikidata-6360
birim,63060043,Sırataşlar Köyü,tarihsel,wikidata-6360
birim,63060045,Sütveren Köyü,tarihsel,wikidata-6360
birim,63060046,Tavşanören Köyü,tarihsel,wikidata-6360
birim,63070001,Acaryurt Köyü,tarihsel,wikidata-6360
birim,63070002,Açıkyazı Köyü,tarihsel,wikidata-6360
birim,63070004,Akçalı Köyü,tarihsel,wikidata-6360
birim,63070005,Akdoğan Köyü,tarihsel,wikidata-6360
birim,63070007,Aktaş Köyü,tarihsel,wikidata-6360
birim,63070008,Altındamla Köyü,tarihsel,wikidata-6360
birim,63070009,Altıntepe Köyü,tarihsel,wikidata-6360
birim,63070010,Anaz Köyü,tarihsel,wikidata-6360
birim,63070011,Aşağı İçkara Köyü,tarihsel,wikidata-6360
birim,63070012,Aşağıakören Köyü,tarihsel,wikidata-6360
birim,63070013,Aşağıkoymat Köyü,tarihsel,wikidata-6360
birim,63070014,Aşağıvarlıca Köyü,tarihsel,wikidata-6360
birim,63070015,Aslanlı Köyü,tarihsel,wikidata-6360
birim,63070016,Asri Köyü,tarihsel,wikidata-6360
birim,63070018,Ayazca Köyü,tarihsel,wikidata-6360
birim,63070022,Bakımlı Köyü,tarihsel,wikidata-6360
birim,63070023,Balkatan Köyü,tarihsel,wikidata-6360
birim,63070024,Ballıca Köyü,tarihsel,wikidata-6360
birim,63070026,Boncuk Köyü,tarihsel,wikidata-6360
birim,63070027,Boydere Köyü,tarihsel,wikidata-6360
birim,63070028,Büyükmirdesi Köyü,tarihsel,wikidata-6360
birim,63070029,Çamlıdere Köyü,tarihsel,wikidata-6360
birim,63070030,Çanakçı Köyü,tarihsel,wikidata-6360
birim,63070031,Çatallı Köyü,tarihsel,wikidata-6360
birim,63070032,Çekçek Köyü,tarihsel,wikidata-6360
birim,63070036,Çukurdoruç Köyü,tarihsel,wikidata-6360
birim,63070037,Dağeteği Köyü,tarihsel,wikidata-6360
birim,63070038,Dağyanı Köyü,tarihsel,wikidata-6360
birim,63070039,Dalbaşı Köyü,tarihsel,wikidata-6360
birim,63070041,Derinkuyu Köyü,tarihsel,wikidata-6360
birim,63070042,Derman Köyü,tarihsel,wikidata-6360
birim,63070044,Dikme Köyü,tarihsel,wikidata-6360
birim,63070045,Diktaş Köyü,tarihsel,wikidata-6360
birim,63070046,Diphisar Köyü,tarihsel,wikidata-6360
birim,63070047,Eğerkıran Köyü,tarihsel,wikidata-6360
birim,63070048,Emirler Köyü,tarihsel,wikidata-6360
birim,63070049,Ernebi Köyü,tarihsel,wikidata-6360
birim,63070052,Göktepe Köyü,tarihsel,wikidata-6360
birim,63070053,Güçlü Köyü,tarihsel,wikidata-6360
birim,63070054,Gülveren Köyü,tarihsel,wikidata-6360
birim,63070055,Gümüştaş Köyü,tarihsel,wikidata-6360
birim,63070056,Gürpınar Köyü,tarihsel,wikidata-6360
birim,63070057,Güvenli Köyü,tarihsel,wikidata-6360
birim,63070058,Güzelköy Köyü,tarihsel,wikidata-6360
birim,63070059,Güzelyurt Köyü,tarihsel,wikidata-6360
birim,63070060,Halime Köyü,tarihsel,wikidata-6360
birim,63070062,Havşanlı Köyü,tarihsel,wikidata-6360
birim,63070064,İbrik Köyü,tarihsel,wikidata-6360
birim,63070065,İkiağız Köyü,tarihsel,wikidata-6360
birim,63070067,İnci Köyü,tarihsel,wikidata-6360
birim,63070068,İncirağacı Köyü,tarihsel,wikidata-6360
birim,63070069,İncirli Köyü,tarihsel,wikidata-6360
birim,63070071,İrice Köyü,tarihsel,wikidata-6360
birim,63070072,Kahraman Köyü,tarihsel,wikidata-6360
birim,63070073,Kalecik Köyü,tarihsel,wikidata-6360
birim,63070074,Kalınbayat Köyü,tarihsel,wikidata-6360
birim,63070076,Kanatlı Köyü,tarihsel,wikidata-6360
birim,63070077,Kanoğlu Köyü,tarihsel,wikidata-6360
birim,63070078,Kapaklı Köyü,tarihsel,wikidata-6360
birim,63070079,Karatepe Köyü,tarihsel,wikidata-6360
birim,63070080,Kargalı Köyü,tarihsel,wikidata-6360
birim,63070081,Karpuzlu Köyü,tarihsel,wikidata-6360
birim,63070083,Kavakbaşı Köyü,tarihsel,wikidata-6360
birim,63070084,Kayalı Köyü,tarihsel,wikidata-6360
birim,63070085,Kaygılı Köyü,tarihsel,wikidata-6360
birim,63070086,Kaynaklı Köyü,tarihsel,wikidata-6360
birim,63070087,Keçili Köyü,tarihsel,wikidata-6360
birim,63070088,Kengerli Köyü,tarihsel,wikidata-6360
birim,63070089,Kepez Köyü,tarihsel,wikidata-6360
birim,63070090,Kepirli Köyü,tarihsel,wikidata-6360
birim,63070091,Keremli Köyü,tarihsel,wikidata-6360
birim,63070094,Kızılpınar Köyü,tarihsel,wikidata-6360
birim,63070095,Koçak Köyü,tarihsel,wikidata-6360
birim,63070096,Konaç Köyü,tarihsel,wikidata-6360
birim,63070097,Konak Köyü,tarihsel,wikidata-6360
birim,63070099,Körkuyu Köyü,tarihsel,wikidata-6360
birim,63070100,Kösecik Köyü,tarihsel,wikidata-6360
birim,63070101,Köseköy Köyü,tarihsel,wikidata-6360
birim,63070102,Küçüksenemağara Köyü,tarihsel,wikidata-6360
birim,63070103,Mağaracık Köyü,tarihsel,wikidata-6360
birim,63070104,Mamuca Köyü,tarihsel,wikidata-6360
birim,63070105,Mehmetçik Köyü,tarihsel,wikidata-6360
birim,63070108,Mutluca Köyü,tarihsel,wikidata-6360
birim,63070109,Nokta Köyü,tarihsel,wikidata-6360
birim,63070110,Oğulbey Köyü,tarihsel,wikidata-6360
birim,63070111,Örencik Köyü,tarihsel,wikidata-6360
birim,63070112,Ortaören Köyü,tarihsel,wikidata-6360
birim,63070114,Osmanbey Köyü,tarihsel,wikidata-6360
birim,63070115,Parmakkapı Köyü,tarihsel,wikidata-6360
birim,63070117,Payamlı Köyü,tarihsel,wikidata-6360
birim,63070118,Perşembe Köyü,tarihsel,wikidata-6360
birim,63070123,Sarışeyh Köyü,tarihsel,wikidata-6360
birim,63070125,Sarpdere Köyü,tarihsel,wikidata-6360
birim,63070126,Sefalı Köyü,tarihsel,wikidata-6360
birim,63070129,Sendebelen Köyü,tarihsel,wikidata-6360
birim,63070130,Şenocak Köyü,tarihsel,wikidata-6360
birim,63070131,Şeyhçoban Köyü,tarihsel,wikidata-6360
birim,63070132,Seyrantepe Köyü,tarihsel,wikidata-6360
birim,63070136,Sumaklı Köyü,tarihsel,wikidata-6360
birim,63070138,Taşlıca Köyü,tarihsel,wikidata-6360
birim,63070140,Tepedibi Köyü,tarihsel,wikidata-6360
birim,63070141,Tepeköy Köyü,tarihsel,wikidata-6360
birim,63070142,Terzi Köyü,tarihsel,wikidata-6360
birim,63070143,Topraklı Köyü,tarihsel,wikidata-6360
birim,63070144,Üçgöze Köyü,tarihsel,wikidata-6360
birim,63070146,Üçkuyu Köyü,tarihsel,wikidata-6360
birim,63070147,Ulubağ Köyü,tarihsel,wikidata-6360
birim,63070149,Uluhan Köyü,tarihsel,wikidata-6360
birim,63070150,Umut Köyü,tarihsel,wikidata-6360
birim,63070151,Üzümkara Köyü,tarihsel,wikidata-6360
birim,63070154,Yarımsu Köyü,tarihsel,wikidata-6360
birim,63070156,Yazılıkavak Köyü,tarihsel,wikidata-6360
birim,63070157,Yedikuyu Köyü,tarihsel,wikidata-6360
birim,63070158,Yenice Köyü,tarihsel,wikidata-6360
birim,63070159,Yeniköy Köyü,tarihsel,wikidata-6360
birim,63070161,Yenisu Köyü,tarihsel,wikidata-6360
birim,63070162,Yeroluk Köyü,tarihsel,wikidata-6360
birim,63070164,Yeşilköy Köyü,tarihsel,wikidata-6360
birim,63070165,Yeşiltepe Köyü,tarihsel,wikidata-6360
birim,63070166,Yeşilyurt Köyü,tarihsel,wikidata-6360
birim,63070167,Yıldız Köyü,tarihsel,wikidata-6360
birim,63070168,Yolyazı Köyü,tarihsel,wikidata-6360
birim,63070169,Yukarıakören Köyü,tarihsel,wikidata-6360
birim,63070170,Yukarıkoymat Köyü,tarihsel,wikidata-6360
birim,63080002,Ağcıl Köyü,tarihsel,wikidata-6360
birim,63080003,Ahmetkara Köyü,tarihsel,wikidata-6360
birim,63080004,Akkuş Köyü,tarihsel,wikidata-6360
birim,63080005,Alacalı Köyü,tarihsel,wikidata-6360
birim,63080007,Altılı Köyü,tarihsel,wikidata-6360
birim,63080009,Arın Köyü,tarihsel,wikidata-6360
birim,63080011,Aşağıkesmekaya Köyü,tarihsel,wikidata-6360
birim,63080012,Aşağıyakınyol Köyü,tarihsel,wikidata-6360
birim,63080013,Aşağıyarımca Köyü,tarihsel,wikidata-6360
birim,63080014,Aslankuyusu Köyü,tarihsel,wikidata-6360
birim,63080015,Avlak Köyü,tarihsel,wikidata-6360
birim,63080016,Aydıncık Köyü,tarihsel,wikidata-6360
birim,63080017,Aydınlar Köyü,tarihsel,wikidata-6360
birim,63080019,Balkat Köyü,tarihsel,wikidata-6360
birim,63080020,Balkır Köyü,tarihsel,wikidata-6360
birim,63080023,Bellitaş Köyü,tarihsel,wikidata-6360
birim,63080025,Binekli Köyü,tarihsel,wikidata-6360
birim,63080027,Bozyazı Köyü,tarihsel,wikidata-6360
birim,63080028,Buğdaytepe Köyü,tarihsel,wikidata-6360
birim,63080029,Bükdere Köyü,tarihsel,wikidata-6360
birim,63080030,Buldum Köyü,tarihsel,wikidata-6360
birim,63080031,Bulgurlu Köyü,tarihsel,wikidata-6360
birim,63080032,Büyüktaşlıca Köyü,tarihsel,wikidata-6360
birim,63080033,Büyüktürbe Köyü,tarihsel,wikidata-6360
birim,63080034,Çağbaşı Köyü,tarihsel,wikidata-6360
birim,63080036,Çatalhurma Köyü,tarihsel,wikidata-6360
birim,63080037,Çepkenli Köyü,tarihsel,wikidata-6360
birim,63080042,Çolpan Köyü,tarihsel,wikidata-6360
birim,63080044,Damlasu Köyü,tarihsel,wikidata-6360
birim,63080045,Dayanıklı Köyü,tarihsel,wikidata-6360
birim,63080046,Demirli Köyü,tarihsel,wikidata-6360
birim,63080048,Doğukesmekaya Köyü,tarihsel,wikidata-6360
birim,63080050,Doruç Köyü,tarihsel,wikidata-6360
birim,63080051,Duran Köyü,tarihsel,wikidata-6360
birim,63080053,Eskiharran Köyü,tarihsel,wikidata-6360
birim,63080056,Gögeç Köyü,tarihsel,wikidata-6360
birim,63080058,Göktaş Köyü,tarihsel,wikidata-6360
birim,63080059,Gözcü Köyü,tarihsel,wikidata-6360
birim,63080060,Gürgelen Köyü,tarihsel,wikidata-6360
birim,63080062,Huzurlu Köyü,tarihsel,wikidata-6360
birim,63080065,İmambakır Köyü,tarihsel,wikidata-6360
birim,63080067,Karataş Köyü,tarihsel,wikidata-6360
birim,63080069,Kılıçlı Köyü,tarihsel,wikidata-6360
birim,63080070,Kırmıtlı Köyü,tarihsel,wikidata-6360
birim,63080071,Kökenli Köyü,tarihsel,wikidata-6360
birim,63080072,Koyunluca Köyü,tarihsel,wikidata-6360
birim,63080075,Küçükyıldız Köyü,tarihsel,wikidata-6360
birim,63080076,Küplüce Köyü,tarihsel,wikidata-6360
birim,63080077,Kuruyer Köyü,tarihsel,wikidata-6360
birim,63080079,Meydankapı Köyü,tarihsel,wikidata-6360
birim,63080080,Minare Köyü,tarihsel,wikidata-6360
birim,63080082,Oğulcuk Köyü,tarihsel,wikidata-6360
birim,63080086,Öztaş Köyü,tarihsel,wikidata-6360
birim,63080087,Parapara Köyü,tarihsel,wikidata-6360
birim,63080088,Saide Köyü,tarihsel,wikidata-6360
birim,63080090,Seferköy Köyü,tarihsel,wikidata-6360
birim,63080091,Sehrince Köyü,tarihsel,wikidata-6360
birim,63080092,Selalmaz Köyü,tarihsel,wikidata-6360
birim,63080094,Soylu Köyü,tarihsel,wikidata-6360
birim,63080095,Şuayipşehri Köyü,tarihsel,wikidata-6360
birim,63080096,Sugeldi Köyü,tarihsel,wikidata-6360
birim,63080097,Şükürali Köyü,tarihsel,wikidata-6360
birim,63080099,Sütlüce Köyü,tarihsel,wikidata-6360
birim,63080100,Tahılalan Köyü,tarihsel,wikidata-6360
birim,63080102,Tantana Köyü,tarihsel,wikidata-6360
birim,63080103,Taylıca Köyü,tarihsel,wikidata-6360
birim,63080105,Tekneli Köyü,tarihsel,wikidata-6360
birim,63080107,Tozluca Köyü,tarihsel,wikidata-6360
birim,63080109,Türkoğlu Köyü,tarihsel,wikidata-6360
birim,63080110,Uluağaç Köyü,tarihsel,wikidata-6360
birim,63080111,Ünlü Köyü,tarihsel,wikidata-6360
birim,63080112,Uzunyol Köyü,tarihsel,wikidata-6360
birim,63080113,Varlıalan Köyü,tarihsel,wikidata-6360
birim,63080114,Yakacık Köyü,tarihsel,wikidata-6360
birim,63080115,Yardımlı Köyü,tarihsel,wikidata-6360
birim,63080116,Yaygılı Köyü,tarihsel,wikidata-6360
birim,63080117,Yayvandoruk Köyü,tarihsel,wikidata-6360
birim,63080118,Yenice Köyü,tarihsel,wikidata-6360
birim,63080121,Yolgider Köyü,tarihsel,wikidata-6360
birim,63080123,Yukarıyakınyol Köyü,tarihsel,wikidata-6360
birim,63080124,Yukarıyarımca Köyü,tarihsel,wikidata-6360
birim,63090001,Ağılmus Köyü,tarihsel,wikidata-6360
birim,63090002,Ağveren Köyü,tarihsel,wikidata-6360
birim,63090003,Akçakebir Köyü,tarihsel,wikidata-6360
birim,63090004,Akçaören Köyü,tarihsel,wikidata-6360
birim,63090005,Alpı Köyü,tarihsel,wikidata-6360
birim,63090006,Arabuk Köyü,tarihsel,wikidata-6360
birim,63090007,Arıca Köyü,tarihsel,wikidata-6360
birim,63090008,Arınık Köyü,tarihsel,wikidata-6360
birim,63090009,Arpalı Köyü,tarihsel,wikidata-6360
birim,63090010,Aşağıçatak Köyü,tarihsel,wikidata-6360
birim,63090011,Aşağıekece Köyü,tarihsel,wikidata-6360
birim,63090012,Aşağıkamış Köyü,tarihsel,wikidata-6360
birim,63090013,Aşağıkülünçe Köyü,tarihsel,wikidata-6360
birim,63090014,Aslanlı Köyü,tarihsel,wikidata-6360
birim,63090015,Aydınlı Köyü,tarihsel,wikidata-6360
birim,63090017,Bahçecik Köyü,tarihsel,wikidata-6360
birim,63090019,Balkı Köyü,tarihsel,wikidata-6360
birim,63090020,Barğaç Köyü,tarihsel,wikidata-6360
birim,63090021,Bölükbaşı Köyü,tarihsel,wikidata-6360
birim,63090022,Buğur Köyü,tarihsel,wikidata-6360
birim,63090023,Çağıllı Köyü,tarihsel,wikidata-6360
birim,63090024,Çakmak Köyü,tarihsel,wikidata-6360
birim,63090025,Çat Köyü,tarihsel,wikidata-6360
birim,63090027,Doğrular Köyü,tarihsel,wikidata-6360
birim,63090028,Faik Köyü,tarihsel,wikidata-6360
birim,63090029,Gelenek Köyü,tarihsel,wikidata-6360
birim,63090030,Göktepe Köyü,tarihsel,wikidata-6360
birim,63090031,Gölcük Köyü,tarihsel,wikidata-6360
birim,63090032,Gölebakan Köyü,tarihsel,wikidata-6360
birim,63090033,Gülaldı Köyü,tarihsel,wikidata-6360
birim,63090034,Güluşağı Köyü,tarihsel,wikidata-6360
birim,63090035,Gürgür Köyü,tarihsel,wikidata-6360
birim,63090036,Hanmağara Köyü,tarihsel,wikidata-6360
birim,63090037,Hayrat Köyü,tarihsel,wikidata-6360
birim,63090038,Hoşin Köyü,tarihsel,wikidata-6360
birim,63090040,Kadıkent Köyü,tarihsel,wikidata-6360
birim,63090041,Karaburç Köyü,tarihsel,wikidata-6360
birim,63090043,Karakucak Köyü,tarihsel,wikidata-6360
birim,63090044,Karapınar Köyü,tarihsel,wikidata-6360
birim,63090045,Kavalık Köyü,tarihsel,wikidata-6360
birim,63090046,Kepirhisar Köyü,tarihsel,wikidata-6360
birim,63090047,Kepirkucak Köyü,tarihsel,wikidata-6360
birim,63090048,Kırbaşı Köyü,tarihsel,wikidata-6360
birim,63090049,Korgun Köyü,tarihsel,wikidata-6360
birim,63090050,Kovancı Köyü,tarihsel,wikidata-6360
birim,63090052,Kuskunlu Köyü,tarihsel,wikidata-6360
birim,63090053,Malören Köyü,tarihsel,wikidata-6360
birim,63090054,Mantarlı Köyü,tarihsel,wikidata-6360
birim,63090055,Ömerli Köyü,tarihsel,wikidata-6360
birim,63090056,Orgız Köyü,tarihsel,wikidata-6360
birim,63090057,Ovacık Köyü,tarihsel,wikidata-6360
birim,63090058,Oymaağaç Köyü,tarihsel,wikidata-6360
birim,63090059,Özbaş Köyü,tarihsel,wikidata-6360
birim,63090060,Özveren Köyü,tarihsel,wikidata-6360
birim,63090061,Saluca Köyü,tarihsel,wikidata-6360
birim,63090062,Söğütlü Köyü,tarihsel,wikidata-6360
birim,63090064,Üçüzler Köyü,tarihsel,wikidata-6360
birim,63090065,Ustahasan Köyü,tarihsel,wikidata-6360
birim,63090066,Uzuncuk Köyü,tarihsel,wikidata-6360
birim,63090067,Yakınyurt Köyü,tarihsel,wikidata-6360
birim,63090069,Yeşerdi Köyü,tarihsel,wikidata-6360
birim,63090070,Yuvacalı Köyü,tarihsel,wikidata-6360
birim,63100001,Ağılcık Köyü,tarihsel,wikidata-6360
birim,63100002,Ağızhan Köyü,tarihsel,wikidata-6360
birim,63100005,Akıncı Köyü,tarihsel,wikidata-6360
birim,63100006,Akpınar Köyü,tarihsel,wikidata-6360
birim,63100009,Apaydın Köyü,tarihsel,wikidata-6360
birim,63100010,Aşağıçiftlik Köyü,tarihsel,wikidata-6360
birim,63100011,Aşıkköy Köyü,tarihsel,wikidata-6360
birim,63100013,Ayanlar Köyü,tarihsel,wikidata-6360
birim,63100014,Bahçeli Köyü,tarihsel,wikidata-6360
birim,63100015,Başören Köyü,tarihsel,wikidata-6360
birim,63100017,Bezirci Köyü,tarihsel,wikidata-6360
birim,63100018,Bölücek Köyü,tarihsel,wikidata-6360
birim,63100019,Bozköy Köyü,tarihsel,wikidata-6360
birim,63100020,Buğdayhüyük Köyü,tarihsel,wikidata-6360
birim,63100021,Büyük Akziyaret Köyü,tarihsel,wikidata-6360
birim,63100022,Büyükalanlı Köyü,tarihsel,wikidata-6360
birim,63100023,Büyükçömlekçi Köyü,tarihsel,wikidata-6360
birim,63100024,Büyükkargılı Köyü,tarihsel,wikidata-6360
birim,63100025,Büyükördek Köyü,tarihsel,wikidata-6360
birim,63100026,Büyüksalkım Köyü,tarihsel,wikidata-6360
birim,63100027,Çakmak Köyü,tarihsel,wikidata-6360
birim,63100030,Cemal Köyü,tarihsel,wikidata-6360
birim,63100031,Çiftekemer Köyü,tarihsel,wikidata-6360
birim,63100032,Çıralı Köyü,tarihsel,wikidata-6360
birim,63100033,Demircik Köyü,tarihsel,wikidata-6360
birim,63100035,Dolunay Köyü,tarihsel,wikidata-6360
birim,63100037,Düğer Köyü,tarihsel,wikidata-6360
birim,63100038,Ergünköy Köyü,tarihsel,wikidata-6360
birim,63100039,Esemkulu Köyü,tarihsel,wikidata-6360
birim,63100041,Estağfurullah Köyü,tarihsel,wikidata-6360
birim,63100042,Gazibey Köyü,tarihsel,wikidata-6360
birim,63100043,Geçitköy Köyü,tarihsel,wikidata-6360
birim,63100044,Gelibolu Köyü,tarihsel,wikidata-6360
birim,63100045,Göbekli Köyü,tarihsel,wikidata-6360
birim,63100046,Gölgen Köyü,tarihsel,wikidata-6360
birim,63100047,Gölpınar Köyü,tarihsel,wikidata-6360
birim,63100049,Günışık Köyü,tarihsel,wikidata-6360
birim,63100050,Hamurkesen Köyü,tarihsel,wikidata-6360
birim,63100051,Horzum Köyü,tarihsel,wikidata-6360
birim,63100052,Hüyüklü Köyü,tarihsel,wikidata-6360
birim,63100053,İlhan Köyü,tarihsel,wikidata-6360
birim,63100054,İsaören Köyü,tarihsel,wikidata-6360
birim,63100055,Karataş Köyü,tarihsel,wikidata-6360
birim,63100057,Kasımkuyu Köyü,tarihsel,wikidata-6360
birim,63100058,Kırkpınar Köyü,tarihsel,wikidata-6360
birim,63100059,Kızılburç Köyü,tarihsel,wikidata-6360
birim,63100060,Kızlar Köyü,tarihsel,wikidata-6360
birim,63100061,Köksüren Köyü,tarihsel,wikidata-6360
birim,63100062,Korukezen Köyü,tarihsel,wikidata-6360
birim,63100063,Küçük Akziyaret Köyü,tarihsel,wikidata-6360
birim,63100064,Küçükalanlı Köyü,tarihsel,wikidata-6360
birim,63100065,Küçüktülmen Köyü,tarihsel,wikidata-6360
birim,63100066,Külaflı Köyü,tarihsel,wikidata-6360
birim,63100067,Kuşluca Köyü,tarihsel,wikidata-6360
birim,63100068,Kuyucak Köyü,tarihsel,wikidata-6360
birim,63100069,Lüleci Köyü,tarihsel,wikidata-6360
birim,63100070,Maşuk Köyü,tarihsel,wikidata-6360
birim,63100071,Mehmetçik Köyü,tarihsel,wikidata-6360
birim,63100072,Millisaray Köyü,tarihsel,wikidata-6360
birim,63100073,Mustafacık Köyü,tarihsel,wikidata-6360
birim,63100075,Öğütçü Köyü,tarihsel,wikidata-6360
birim,63100076,Örcünlü Köyü,tarihsel,wikidata-6360
birim,63100077,Otlukalan Köyü,tarihsel,wikidata-6360
birim,63100078,Överler Köyü,tarihsel,wikidata-6360
birim,63100079,Özgedik Köyü,tarihsel,wikidata-6360
birim,63100080,Pınarbaşı Köyü,tarihsel,wikidata-6360
birim,63100081,Şahin Köyü,tarihsel,wikidata-6360
birim,63100082,Sakça Köyü,tarihsel,wikidata-6360
birim,63100083,Sancak Köyü,tarihsel,wikidata-6360
birim,63100084,Sarım Köyü,tarihsel,wikidata-6360
birim,63100085,Şeker Köyü,tarihsel,wikidata-6360
birim,63100087,Şeyhzeliha Köyü,tarihsel,wikidata-6360
birim,63100090,Tülmen Köyü,tarihsel,wikidata-6360
birim,63100091,Türkmen Köyü,tarihsel,wikidata-6360
birim,63100092,Uzuncuk Köyü,tarihsel,wikidata-6360
birim,63100093,Yarımtepe Köyü,tarihsel,wikidata-6360
birim,63100094,Yaylacık Köyü,tarihsel,wikidata-6360
birim,63100095,Yedikuyu Köyü,tarihsel,wikidata-6360
birim,63100097,Yığınak Köyü,tarihsel,wikidata-6360
birim,63100098,Yoğunburç Köyü,tarihsel,wikidata-6360
birim,63100099,Yukarıkoşma Köyü,tarihsel,wikidata-6360
birim,63100100,Yusufkuyu Köyü,tarihsel,wikidata-6360
birim,63110002,Alagün Köyü,tarihsel,wikidata-6360
birim,63110004,Altaylı Köyü,tarihsel,wikidata-6360
birim,63110005,Altınahır Köyü,tarihsel,wikidata-6360
birim,63110006,Altınlı Köyü,tarihsel,wikidata-6360
birim,63110007,Altınpınar Köyü,tarihsel,wikidata-6360
birim,63110008,Anacak Köyü,tarihsel,wikidata-6360
birim,63110010,Aşağıalınca Köyü,tarihsel,wikidata-6360
birim,63110011,Aşağıkarabahçe Köyü,tarihsel,wikidata-6360
birim,63110012,Aşağıkaracaören Köyü,tarihsel,wikidata-6360
birim,63110013,Aşağıyalankoz Köyü,tarihsel,wikidata-6360
birim,63110016,Avurtepe Köyü,tarihsel,wikidata-6360
birim,63110017,Ayrancı Köyü,tarihsel,wikidata-6360
birim,63110019,Azıklı Köyü,tarihsel,wikidata-6360
birim,63110020,Bağcı Köyü,tarihsel,wikidata-6360
birim,63110025,Bakırca Köyü,tarihsel,wikidata-6360
birim,63110026,Bakmaç Köyü,tarihsel,wikidata-6360
birim,63110028,Başbük Köyü,tarihsel,wikidata-6360
birim,63110030,Batı Köyü,tarihsel,wikidata-6360
birim,63110031,Bayırözü Köyü,tarihsel,wikidata-6360
birim,63110032,Benek Köyü,tarihsel,wikidata-6360
birim,63110035,Beyçeri Köyü,tarihsel,wikidata-6360
birim,63110036,Beydeş Köyü,tarihsel,wikidata-6360
birim,63110037,Böğürtlen Köyü,tarihsel,wikidata-6360
birim,63110038,Bozkuyu Köyü,tarihsel,wikidata-6360
birim,63110040,Bürüncek Köyü,tarihsel,wikidata-6360
birim,63110041,Büyükgöl Köyü,tarihsel,wikidata-6360
birim,63110042,Büyükkazanlı Köyü,tarihsel,wikidata-6360
birim,63110043,Büyükoba Köyü,tarihsel,wikidata-6360
birim,63110044,Büyüktepe Köyü,tarihsel,wikidata-6360
birim,63110045,Büyükyakıtlı Köyü,tarihsel,wikidata-6360
birim,63110046,Çağa Köyü,tarihsel,wikidata-6360
birim,63110047,Çağdaş Köyü,tarihsel,wikidata-6360
birim,63110049,Çanakçı Köyü,tarihsel,wikidata-6360
birim,63110050,Canpolat Köyü,tarihsel,wikidata-6360
birim,63110051,Çatlı Köyü,tarihsel,wikidata-6360
birim,63110052,Çavuşlu Köyü,tarihsel,wikidata-6360
birim,63110053,Çaylarbaşı Köyü,tarihsel,wikidata-6360
birim,63110054,Çeltik Köyü,tarihsel,wikidata-6360
birim,63110055,Çepni Köyü,tarihsel,wikidata-6360
birim,63110057,Çiftçibaşı Köyü,tarihsel,wikidata-6360
birim,63110058,Cinhisar Köyü,tarihsel,wikidata-6360
birim,63110059,Çubuklu Köyü,tarihsel,wikidata-6360
birim,63110060,Dağbaşı Köyü,tarihsel,wikidata-6360
birim,63110063,Darıcalı Köyü,tarihsel,wikidata-6360
birim,63110064,Deliktaş Köyü,tarihsel,wikidata-6360
birim,63110067,Direkli Köyü,tarihsel,wikidata-6360
birim,63110068,Divan Köyü,tarihsel,wikidata-6360
birim,63110069,Doğukent Köyü,tarihsel,wikidata-6360
birim,63110072,Ediz Köyü,tarihsel,wikidata-6360
birim,63110073,Eğriçay Köyü,tarihsel,wikidata-6360
birim,63110076,Ergen Köyü,tarihsel,wikidata-6360
birim,63110077,Erkonağı Köyü,tarihsel,wikidata-6360
birim,63110078,Ertem Köyü,tarihsel,wikidata-6360
birim,63110079,Eskihan Köyü,tarihsel,wikidata-6360
birim,63110083,Gaziköy Köyü,tarihsel,wikidata-6360
birim,63110084,Gedik Köyü,tarihsel,wikidata-6360
birim,63110085,Gerçek Köyü,tarihsel,wikidata-6360
birim,63110086,Göğerçin Köyü,tarihsel,wikidata-6360
birim,63110087,Gözcek Köyü,tarihsel,wikidata-6360
birim,63110088,Gözelek Köyü,tarihsel,wikidata-6360
birim,63110089,Gözeli Köyü,tarihsel,wikidata-6360
birim,63110092,Gülpınar Köyü,tarihsel,wikidata-6360
birim,63110097,Güvercin Köyü,tarihsel,wikidata-6360
birim,63110098,Güzelpınar Köyü,tarihsel,wikidata-6360
birim,63110101,Hamamören Köyü,tarihsel,wikidata-6360
birim,63110104,Hasırlı Köyü,tarihsel,wikidata-6360
birim,63110106,İleri Köyü,tarihsel,wikidata-6360
birim,63110109,Kalemli Köyü,tarihsel,wikidata-6360
birim,63110110,Kalınağaç Köyü,tarihsel,wikidata-6360
birim,63110111,Kamışlı Köyü,tarihsel,wikidata-6360
birim,63110113,Karabahçe Köyü,tarihsel,wikidata-6360
birim,63110115,Karadibek Köyü,tarihsel,wikidata-6360
birim,63110117,Karakeçi Köyü,tarihsel,wikidata-6360
birim,63110118,Karakoyun Köyü,tarihsel,wikidata-6360
birim,63110119,Kargalı Köyü,tarihsel,wikidata-6360
birim,63110121,Karpuzcu Köyü,tarihsel,wikidata-6360
birim,63110123,Kavalık Köyü,tarihsel,wikidata-6360
birim,63110124,Kayalı Köyü,tarihsel,wikidata-6360
birim,63110126,Keçiburcu Köyü,tarihsel,wikidata-6360
birim,63110127,Keçikıran Köyü,tarihsel,wikidata-6360
birim,63110128,Keş Köyü,tarihsel,wikidata-6360
birim,63110129,Kesmekaya Köyü,tarihsel,wikidata-6360
birim,63110130,Kıvançlı Köyü,tarihsel,wikidata-6360
birim,63110131,Konurtepe Köyü,tarihsel,wikidata-6360
birim,63110132,Küçükgöl Köyü,tarihsel,wikidata-6360
birim,63110135,Kurbağalı Köyü,tarihsel,wikidata-6360
birim,63110136,Kuşlugöl Köyü,tarihsel,wikidata-6360
birim,63110138,Narlıkaya Köyü,tarihsel,wikidata-6360
birim,63110139,Nohut Köyü,tarihsel,wikidata-6360
birim,63110142,Onar Köyü,tarihsel,wikidata-6360
birim,63110143,Önder Köyü,tarihsel,wikidata-6360
birim,63110144,Örgülü Köyü,tarihsel,wikidata-6360
birim,63110145,Ortanca Köyü,tarihsel,wikidata-6360
birim,63110146,Oyman Köyü,tarihsel,wikidata-6360
birim,63110147,Oyuktaş Köyü,tarihsel,wikidata-6360
birim,63110148,Peynirci Köyü,tarihsel,wikidata-6360
birim,63110149,Sabancı Köyü,tarihsel,wikidata-6360
birim,63110151,Salor Köyü,tarihsel,wikidata-6360
birim,63110152,Sarıdam Köyü,tarihsel,wikidata-6360
birim,63110153,Sarıkaya Köyü,tarihsel,wikidata-6360
birim,63110154,Sarıören Köyü,tarihsel,wikidata-6360
birim,63110155,Savucak Köyü,tarihsel,wikidata-6360
birim,63110156,Şekerli Köyü,tarihsel,wikidata-6360
birim,63110159,Sislice Köyü,tarihsel,wikidata-6360
birim,63110160,Soydan Köyü,tarihsel,wikidata-6360
birim,63110161,Söylemez Köyü,tarihsel,wikidata-6360
birim,63110162,Sumaklı Köyü,tarihsel,wikidata-6360
birim,63110163,Tanrıverdi Köyü,tarihsel,wikidata-6360
birim,63110164,Taşağıl Köyü,tarihsel,wikidata-6360
birim,63110165,Taşhan Köyü,tarihsel,wikidata-6360
birim,63110166,Taşıkara Köyü,tarihsel,wikidata-6360
birim,63110167,Taşlı Köyü,tarihsel,wikidata-6360
birim,63110168,Turna Köyü,tarihsel,wikidata-6360
birim,63110170,Üstüntaş Köyü,tarihsel,wikidata-6360
birim,63110172,Uzunziyaret Köyü,tarihsel,wikidata-6360
birim,63110176,Yoğunca Köyü,tarihsel,wikidata-6360
birim,63110177,Yücelen Köyü,tarihsel,wikidata-6360
birim,63110180,Zincirliçay Köyü,tarihsel,wikidata-6360
birim,63120001,Ağırtaş Köyü,tarihsel,wikidata-6360
birim,63120002,Akören Köyü,tarihsel,wikidata-6360
birim,63120003,Alanyurt Köyü,tarihsel,wikidata-6360
birim,63120005,Aşağıkarıncalı Köyü,tarihsel,wikidata-6360
birim,63120006,Aşağıoylum Köyü,tarihsel,wikidata-6360
birim,63120007,Aybastı Köyü,tarihsel,wikidata-6360
birim,63120009,Ayhan Köyü,tarihsel,wikidata-6360
birim,63120010,Balaban Köyü,tarihsel,wikidata-6360
birim,63120012,Bellik Köyü,tarihsel,wikidata-6360
birim,63120013,Bilge Köyü,tarihsel,wikidata-6360
birim,63120014,Binatlı Köyü,tarihsel,wikidata-6360
birim,63120015,Boztepe Köyü,tarihsel,wikidata-6360
birim,63120016,Bozyokuş Köyü,tarihsel,wikidata-6360
birim,63120017,Büyükağacı Köyü,tarihsel,wikidata-6360
birim,63120018,Büyüksergen Köyü,tarihsel,wikidata-6360
birim,63120019,Büyükziyaret Köyü,tarihsel,wikidata-6360
birim,63120020,Çanakçı Köyü,tarihsel,wikidata-6360
birim,63120021,Çaykara Köyü,tarihsel,wikidata-6360
birim,63120022,Çengelli Köyü,tarihsel,wikidata-6360
birim,63120023,Çomak Köyü,tarihsel,wikidata-6360
birim,63120027,Dinlence Köyü,tarihsel,wikidata-6360
birim,63120028,Dumlukuyu Köyü,tarihsel,wikidata-6360
birim,63120029,Ekili Köyü,tarihsel,wikidata-6360
birim,63120030,Eskice Köyü,tarihsel,wikidata-6360
birim,63120031,Eskiören Köyü,tarihsel,wikidata-6360
birim,63120032,Ezgil Köyü,tarihsel,wikidata-6360
birim,63120033,Fıstıklı Köyü,tarihsel,wikidata-6360
birim,63120034,Göleç Köyü,tarihsel,wikidata-6360
birim,63120036,Günebakan Köyü,tarihsel,wikidata-6360
birim,63120038,Harmanalan Köyü,tarihsel,wikidata-6360
birim,63120040,Hüyükyanı Köyü,tarihsel,wikidata-6360
birim,63120041,İzci Köyü,tarihsel,wikidata-6360
birim,63120043,Kapucu Köyü,tarihsel,wikidata-6360
birim,63120044,Kara Köyü,tarihsel,wikidata-6360
birim,63120045,Karaca Köyü,tarihsel,wikidata-6360
birim,63120046,Karadut Köyü,tarihsel,wikidata-6360
birim,63120047,Karahüyük Köyü,tarihsel,wikidata-6360
birim,63120049,Karataş Köyü,tarihsel,wikidata-6360
birim,63120050,Keberli Köyü,tarihsel,wikidata-6360
birim,63120051,Kesmecik Köyü,tarihsel,wikidata-6360
birim,63120052,Kırmıt Köyü,tarihsel,wikidata-6360
birim,63120053,Kızılhüyük Köyü,tarihsel,wikidata-6360
birim,63120054,Köseler Köyü,tarihsel,wikidata-6360
birim,63120055,Köseveli Köyü,tarihsel,wikidata-6360
birim,63120056,Küçükköprü Köyü,tarihsel,wikidata-6360
birim,63120057,Küçükova Köyü,tarihsel,wikidata-6360
birim,63120058,Küçüksergen Köyü,tarihsel,wikidata-6360
birim,63120059,Küçükziyaret Köyü,tarihsel,wikidata-6360
birim,63120060,Kurutepe Köyü,tarihsel,wikidata-6360
birim,63120061,Mertismail Köyü,tarihsel,wikidata-6360
birim,63120062,Mollahamza Köyü,tarihsel,wikidata-6360
birim,63120063,Mürşitpınar Köyü,tarihsel,wikidata-6360
birim,63120064,Ölçektepe Köyü,tarihsel,wikidata-6360
birim,63120066,Oymaklı Köyü,tarihsel,wikidata-6360
birim,63120067,Özgören Köyü,tarihsel,wikidata-6360
birim,63120068,Özlüce Köyü,tarihsel,wikidata-6360
birim,63120070,Saygın Köyü,tarihsel,wikidata-6360
birim,63120071,Taşlıkuyu Köyü,tarihsel,wikidata-6360
birim,63120072,Tavşanköy Köyü,tarihsel,wikidata-6360
birim,63120073,Tokçalı Köyü,tarihsel,wikidata-6360
birim,63120074,Topçular Köyü,tarihsel,wikidata-6360
birim,63120075,Üçpınar Köyü,tarihsel,wikidata-6360
birim,63120076,Uludüz Köyü,tarihsel,wikidata-6360
birim,63120077,Ürkütlü Köyü,tarihsel,wikidata-6360
birim,63120078,Üveçli Köyü,tarihsel,wikidata-6360
birim,63120079,Uysallı Köyü,tarihsel,wikidata-6360
birim,63120080,Yağışlı Köyü,tarihsel,wikidata-6360
birim,63120081,Yalınca Köyü,tarihsel,wikidata-6360
birim,63120082,Yalpı Köyü,tarihsel,wikidata-6360
birim,63120083,Yanaloba Köyü,tarihsel,wikidata-6360
birim,63120084,Yatırtepe Köyü,tarihsel,wikidata-6360
birim,63120085,Yaylatepe Köyü,tarihsel,wikidata-6360
birim,63120086,Yazıköy Köyü,tarihsel,wikidata-6360
birim,63120087,Yeğen Köyü,tarihsel,wikidata-6360
birim,63120090,Yıldız Köyü,tarihsel,wikidata-6360
birim,63120091,Yönlü Köyü,tarihsel,wikidata-6360
birim,63120092,Yukarıbostancı Köyü,tarihsel,wikidata-6360
birim,63120093,Yumurtalık Köyü,tarihsel,wikidata-6360
birim,63120094,Yurtçiçeği Köyü,tarihsel,wikidata-6360
birim,63120095,Zeyrek Köyü,tarihsel,wikidata-6360
birim,63130001,Abalar Köyü,tarihsel,wikidata-6360
birim,63130044,Ekinciler Köyü,tarihsel,wikidata-6360
birim,63130096,Malta Köyü,tarihsel,wikidata-6360
birim,63130103,Reyhanlı Köyü,tarihsel,wikidata-6360
birim,64040004,Çevre Köyü,tarihsel,wikidata-6360
birim,65020001,Açıkağıl Köyü,tarihsel,wikidata-6360
birim,65020002,Akçalı Köyü,tarihsel,wikidata-6360
birim,65020003,Albayrak Köyü,tarihsel,wikidata-6360
birim,65020004,Aşağıküme Köyü,tarihsel,wikidata-6360
birim,65020005,Aşalan Köyü,tarihsel,wikidata-6360
birim,65020006,Atlılar Köyü,tarihsel,wikidata-6360
birim,65020007,Aydemir Köyü,tarihsel,wikidata-6360
birim,65020008,Azıklı Köyü,tarihsel,wikidata-6360
birim,65020009,Barış Köyü,tarihsel,wikidata-6360
birim,65020010,Belencik Köyü,tarihsel,wikidata-6360
birim,65020011,Beşocak Köyü,tarihsel,wikidata-6360
birim,65020012,Bilgeç Köyü,tarihsel,wikidata-6360
birim,65020013,Böğrüpek Köyü,tarihsel,wikidata-6360
birim,65020014,Bölekli Köyü,tarihsel,wikidata-6360
birim,65020015,Büklümdere Köyü,tarihsel,wikidata-6360
birim,65020016,Çakırdoğan Köyü,tarihsel,wikidata-6360
birim,65020017,Çaldıran Köyü,tarihsel,wikidata-6360
birim,65020018,Dereiçi Köyü,tarihsel,wikidata-6360
birim,65020019,Deringeçit Köyü,tarihsel,wikidata-6360
birim,65020020,Ekecek Köyü,tarihsel,wikidata-6360
birim,65020021,Erek Köyü,tarihsel,wikidata-6360
birim,65020023,Esenyamaç Köyü,tarihsel,wikidata-6360
birim,65020024,Eşmepınar Köyü,tarihsel,wikidata-6360
birim,65020026,Gedikbaşı Köyü,tarihsel,wikidata-6360
birim,65020027,Gelenler Köyü,tarihsel,wikidata-6360
birim,65020028,Güleçler Köyü,tarihsel,wikidata-6360
birim,65020029,Güroluk Köyü,tarihsel,wikidata-6360
birim,65020030,Güvendik Köyü,tarihsel,wikidata-6360
birim,65020033,Ilıcak Köyü,tarihsel,wikidata-6360
birim,65020034,Işıklı Köyü,tarihsel,wikidata-6360
birim,65020035,Kaşkol Köyü,tarihsel,wikidata-6360
birim,65020036,Kavurgalı Köyü,tarihsel,wikidata-6360
birim,65020037,Keçilioba Köyü,tarihsel,wikidata-6360
birim,65020038,Kızılca Köyü,tarihsel,wikidata-6360
birim,65020039,Kocaköy Köyü,tarihsel,wikidata-6360
birim,65020040,Koçdağı Köyü,tarihsel,wikidata-6360
birim,65020041,Konuksayar Köyü,tarihsel,wikidata-6360
birim,65020042,Köprüağzı Köyü,tarihsel,wikidata-6360
birim,65020043,Kovalıpınar Köyü,tarihsel,wikidata-6360
birim,65020044,Mahmutabat Köyü,tarihsel,wikidata-6360
birim,65020045,Oğulveren Köyü,tarihsel,wikidata-6360
birim,65020046,Ömerdağı Köyü,tarihsel,wikidata-6360
birim,65020047,Öncüler Köyü,tarihsel,wikidata-6360
birim,65020048,Örencik Köyü,tarihsel,wikidata-6360
birim,65020049,Örenkale Köyü,tarihsel,wikidata-6360
birim,65020051,Ortayazı Köyü,tarihsel,wikidata-6360
birim,65020052,Ortayol Köyü,tarihsel,wikidata-6360
birim,65020053,Özpınar Köyü,tarihsel,wikidata-6360
birim,65020054,Saçan Köyü,tarihsel,wikidata-6360
birim,65020055,Sallıdere Köyü,tarihsel,wikidata-6360
birim,65020056,Savaşköy Köyü,tarihsel,wikidata-6360
birim,65020060,Tınazlı Köyü,tarihsel,wikidata-6360
birim,65020061,Uğurlu Köyü,tarihsel,wikidata-6360
birim,65020062,Yanal Köyü,tarihsel,wikidata-6360
birim,65020063,Yavuzlar Köyü,tarihsel,wikidata-6360
birim,65020065,Yolmaçayır Köyü,tarihsel,wikidata-6360
birim,65020066,Yukarıdallı Köyü,tarihsel,wikidata-6360
birim,65020067,Yukarıdarıca Köyü,tarihsel,wikidata-6360
birim,65020068,Yukarıdikmen Köyü,tarihsel,wikidata-6360
birim,65020069,Yurttepe Köyü,tarihsel,wikidata-6360
birim,65030001,Akbaşak Köyü,tarihsel,wikidata-6360
birim,65030002,Alakaya Köyü,tarihsel,wikidata-6360
birim,65030003,Alikelle Köyü,tarihsel,wikidata-6360
birim,65030004,Altıyol Köyü,tarihsel,wikidata-6360
birim,65030005,Aşağıçanak Köyü,tarihsel,wikidata-6360
birim,65030006,Aşağıdikme Köyü,tarihsel,wikidata-6360
birim,65030007,Aşağıgülderen Köyü,tarihsel,wikidata-6360
birim,65030008,Aşağıkuyucak Köyü,tarihsel,wikidata-6360
birim,65030009,Aşağımutlu Köyü,tarihsel,wikidata-6360
birim,65030010,Aşağıyanıktaş Köyü,tarihsel,wikidata-6360
birim,65030011,Avcıbaşı Köyü,tarihsel,wikidata-6360
birim,65030012,Ayrancılar Köyü,tarihsel,wikidata-6360
birim,65030013,Başeğmez Köyü,tarihsel,wikidata-6360
birim,65030015,Beydoğan Köyü,tarihsel,wikidata-6360
birim,65030016,Bezirhane Köyü,tarihsel,wikidata-6360
birim,65030017,Buğulukaynak Köyü,tarihsel,wikidata-6360
birim,65030018,Burçakalan Köyü,tarihsel,wikidata-6360
birim,65030019,Çayırköy Köyü,tarihsel,wikidata-6360
birim,65030020,Çubuklu Köyü,tarihsel,wikidata-6360
birim,65030022,Demircik Köyü,tarihsel,wikidata-6360
birim,65030023,Direkli Köyü,tarihsel,wikidata-6360
birim,65030024,Doyumalan Köyü,tarihsel,wikidata-6360
birim,65030025,Erginler Köyü,tarihsel,wikidata-6360
birim,65030026,Evciler Köyü,tarihsel,wikidata-6360
birim,65030028,Gülyolu Köyü,tarihsel,wikidata-6360
birim,65030030,Hangediği Köyü,tarihsel,wikidata-6360
birim,65030031,Hanköy Köyü,tarihsel,wikidata-6360
birim,65030032,İncealan Köyü,tarihsel,wikidata-6360
birim,65030033,İsmailbaba Köyü,tarihsel,wikidata-6360
birim,65030034,Kalkandelen Köyü,tarihsel,wikidata-6360
birim,65030035,Karadulda Köyü,tarihsel,wikidata-6360
birim,65030036,Kaşım Köyü,tarihsel,wikidata-6360
birim,65030037,Kılavuz Köyü,tarihsel,wikidata-6360
birim,65030038,Kilimli Köyü,tarihsel,wikidata-6360
birim,65030039,Koçovası Köyü,tarihsel,wikidata-6360
birim,65030040,Kurtoğlan Köyü,tarihsel,wikidata-6360
birim,65030041,Kuskunkıran Köyü,tarihsel,wikidata-6360
birim,65030042,Osmanlı Köyü,tarihsel,wikidata-6360
birim,65030045,Sarıçimen Köyü,tarihsel,wikidata-6360
birim,65030046,Sarıharman Köyü,tarihsel,wikidata-6360
birim,65030048,Sellik Köyü,tarihsel,wikidata-6360
birim,65030049,Serpmetaş Köyü,tarihsel,wikidata-6360
birim,65030050,Soğuksu Köyü,tarihsel,wikidata-6360
birim,65030051,Sungur Köyü,tarihsel,wikidata-6360
birim,65030052,Tekindere Köyü,tarihsel,wikidata-6360
birim,65030053,Temrenli Köyü,tarihsel,wikidata-6360
birim,65030054,Toprakseven Köyü,tarihsel,wikidata-6360
birim,65030055,Umuttepe Köyü,tarihsel,wikidata-6360
birim,65030056,Yağıbasan Köyü,tarihsel,wikidata-6360
birim,65030057,Yassıtepe Köyü,tarihsel,wikidata-6360
birim,65030059,Yaykılıç Köyü,tarihsel,wikidata-6360
birim,65030060,Yeniyaka Köyü,tarihsel,wikidata-6360
birim,65030061,Yücelen Köyü,tarihsel,wikidata-6360
birim,65030062,Yukarıçanak Köyü,tarihsel,wikidata-6360
birim,65030063,Yukarıdikme Köyü,tarihsel,wikidata-6360
birim,65030064,Yukarıgülderen Köyü,tarihsel,wikidata-6360
birim,65030065,Yukarıkuyucak Köyü,tarihsel,wikidata-6360
birim,65030066,Yukarımutlu Köyü,tarihsel,wikidata-6360
birim,65030067,Yukarısağmallı Köyü,tarihsel,wikidata-6360
birim,65030068,Yukarıyanıktaş Köyü,tarihsel,wikidata-6360
birim,65030069,Yuvacık Köyü,tarihsel,wikidata-6360
birim,65030070,Zülfibulak Köyü,tarihsel,wikidata-6360
birim,65040002,Ağaçlık Köyü,tarihsel,wikidata-6360
birim,65040003,Akçabük Köyü,tarihsel,wikidata-6360
birim,65040004,Alacayar Köyü,tarihsel,wikidata-6360
birim,65040005,Aşağınarlıca Köyü,tarihsel,wikidata-6360
birim,65040006,Atlıhan Köyü,tarihsel,wikidata-6360
birim,65040008,Bilgi Köyü,tarihsel,wikidata-6360
birim,65040009,Boyunpınar Köyü,tarihsel,wikidata-6360
birim,65040010,Çılga Köyü,tarihsel,wikidata-6360
birim,65040012,Dalbastı Köyü,tarihsel,wikidata-6360
birim,65040013,Derebaşı Köyü,tarihsel,wikidata-6360
birim,65040014,Dokuzdam Köyü,tarihsel,wikidata-6360
birim,65040015,Eliaçık Köyü,tarihsel,wikidata-6360
birim,65040016,Görentaş Köyü,tarihsel,wikidata-6360
birim,65040018,Işınlı Köyü,tarihsel,wikidata-6360
birim,65040019,Kaçıt Köyü,tarihsel,wikidata-6360
birim,65040021,Konalga Köyü,tarihsel,wikidata-6360
birim,65040022,Korulu Köyü,tarihsel,wikidata-6360
birim,65040023,Narlı Köyü,tarihsel,wikidata-6360
birim,65040024,Onağıl Köyü,tarihsel,wikidata-6360
birim,65040025,Övecek Köyü,tarihsel,wikidata-6360
birim,65040027,Sırmalı Köyü,tarihsel,wikidata-6360
birim,65040028,Sözveren Köyü,tarihsel,wikidata-6360
birim,65040029,Sugeldi Köyü,tarihsel,wikidata-6360
birim,65040030,Teknecik Köyü,tarihsel,wikidata-6360
birim,65040031,Toyga Köyü,tarihsel,wikidata-6360
birim,65040032,Uzuntekne Köyü,tarihsel,wikidata-6360
birim,65040033,Yukarınarlıca Köyü,tarihsel,wikidata-6360
birim,65050001,Akın Köyü,tarihsel,wikidata-6360
birim,65050002,Andaç Köyü,tarihsel,wikidata-6360
birim,65050003,Ayazpınar Köyü,tarihsel,wikidata-6360
birim,65050004,Bakacık Köyü,tarihsel,wikidata-6360
birim,65050006,Çayırbaşı Köyü,tarihsel,wikidata-6360
birim,65050007,Dilkaya Köyü,tarihsel,wikidata-6360
birim,65050008,Doğanlar Köyü,tarihsel,wikidata-6360
birim,65050009,Dönemeç Köyü,tarihsel,wikidata-6360
birim,65050010,Gümüşdere,semt,ptt-semt
birim,65050012,Enginsu Köyü,tarihsel,wikidata-6360
birim,65050013,Gümüşdere,semt,ptt-semt
birim,65050014,Gümüşdere,semt,ptt-semt
birim,65050016,Gümüşdere,semt,ptt-semt
birim,65050018,Kavurma Köyü,tarihsel,wikidata-6360
birim,65050019,Kıyıcak Köyü,tarihsel,wikidata-6360
birim,65050020,Köklü Köyü,tarihsel,wikidata-6360
birim,65050021,Köprüler Köyü,tarihsel,wikidata-6360
birim,65050022,Köşkköy Köyü,tarihsel,wikidata-6360
birim,65050023,Kurubaş Köyü,tarihsel,wikidata-6360
birim,65050028,Taşkonak Köyü,tarihsel,wikidata-6360
birim,65050029,Gümüşdere,semt,ptt-semt
birim,65050030,Gümüşdere,semt,ptt-semt
birim,65060001,Abdalmezrası Köyü,tarihsel,wikidata-6360
birim,65060003,Ağaçören Köyü,tarihsel,wikidata-6360
birim,65060004,Ağırkaya Köyü,tarihsel,wikidata-6360
birim,65060005,Akbaş Köyü,tarihsel,wikidata-6360
birim,65060006,Akçayuva Köyü,tarihsel,wikidata-6360
birim,65060007,Aksakal Köyü,tarihsel,wikidata-6360
birim,65060009,Aşağıakçagedik Köyü,tarihsel,wikidata-6360
birim,65060010,Aşağıçökek Köyü,tarihsel,wikidata-6360
birim,65060011,Aşağıgöze Köyü,tarihsel,wikidata-6360
birim,65060012,Aşağıışıklı Köyü,tarihsel,wikidata-6360
birim,65060013,Aşağıkozluca Köyü,tarihsel,wikidata-6360
birim,65060014,Bayramlı Köyü,tarihsel,wikidata-6360
birim,65060016,Bozyaka Köyü,tarihsel,wikidata-6360
birim,65060017,Bucakönü Köyü,tarihsel,wikidata-6360
birim,65060018,Çakırbey Köyü,tarihsel,wikidata-6360
birim,65060020,Çatakdibi Köyü,tarihsel,wikidata-6360
birim,65060021,Çataltepe Köyü,tarihsel,wikidata-6360
birim,65060023,Çetintaş Köyü,tarihsel,wikidata-6360
birim,65060024,Çimen Köyü,tarihsel,wikidata-6360
birim,65060026,Çobandüzü Köyü,tarihsel,wikidata-6360
birim,65060027,Çubuklu Köyü,tarihsel,wikidata-6360
birim,65060028,Deliçay Köyü,tarihsel,wikidata-6360
birim,65060029,Derekent Köyü,tarihsel,wikidata-6360
birim,65060030,Derimevi Köyü,tarihsel,wikidata-6360
birim,65060031,Dinlence Köyü,tarihsel,wikidata-6360
birim,65060032,Doğancı Köyü,tarihsel,wikidata-6360
birim,65060033,Doluca Köyü,tarihsel,wikidata-6360
birim,65060034,Duracak Köyü,tarihsel,wikidata-6360
birim,65060035,Düvenci Köyü,tarihsel,wikidata-6360
birim,65060036,Ekiciler Köyü,tarihsel,wikidata-6360
birim,65060037,Ergücü Köyü,tarihsel,wikidata-6360
birim,65060038,Evbeyli Köyü,tarihsel,wikidata-6360
birim,65060039,Gedikdibi Köyü,tarihsel,wikidata-6360
birim,65060040,Gergili Köyü,tarihsel,wikidata-6360
birim,65060041,Gökoğlan Köyü,tarihsel,wikidata-6360
birim,65060043,Görüşlü Köyü,tarihsel,wikidata-6360
birim,65060044,Gözütok Köyü,tarihsel,wikidata-6360
birim,65060045,Gültepe Köyü,tarihsel,wikidata-6360
birim,65060046,Gümüşoluk Köyü,tarihsel,wikidata-6360
birim,65060047,Hacıkaş Köyü,tarihsel,wikidata-6360
birim,65060048,Hasanabdal Köyü,tarihsel,wikidata-6360
birim,65060049,Haydarbey Köyü,tarihsel,wikidata-6360
birim,65060050,Hocaali Köyü,tarihsel,wikidata-6360
birim,65060051,İkizçalı Köyü,tarihsel,wikidata-6360
birim,65060052,İşbaşı Köyü,tarihsel,wikidata-6360
birim,65060053,Kadirasker Köyü,tarihsel,wikidata-6360
birim,65060054,Karatavuk Köyü,tarihsel,wikidata-6360
birim,65060055,Kardoğan Köyü,tarihsel,wikidata-6360
birim,65060056,Karlıyayla Köyü,tarihsel,wikidata-6360
birim,65060057,Kasımbağı Köyü,tarihsel,wikidata-6360
birim,65060058,Kayaboyun Köyü,tarihsel,wikidata-6360
birim,65060059,Kekiksırtı Köyü,tarihsel,wikidata-6360
birim,65060060,Keklikova Köyü,tarihsel,wikidata-6360
birim,65060061,Kırkdeğirmen Köyü,tarihsel,wikidata-6360
birim,65060062,Kırkpınar Köyü,tarihsel,wikidata-6360
birim,65060064,Kızılören Köyü,tarihsel,wikidata-6360
birim,65060066,Koçköprü Köyü,tarihsel,wikidata-6360
birim,65060067,Köycük Köyü,tarihsel,wikidata-6360
birim,65060069,Mağara Köyü,tarihsel,wikidata-6360
birim,65060070,Nişancı Köyü,tarihsel,wikidata-6360
birim,65060072,Ortayayla Köyü,tarihsel,wikidata-6360
birim,65060073,Oyalı Köyü,tarihsel,wikidata-6360
birim,65060074,Payköy Köyü,tarihsel,wikidata-6360
birim,65060075,Pınarlı Köyü,tarihsel,wikidata-6360
birim,65060076,Sabanbüken Köyü,tarihsel,wikidata-6360
birim,65060079,Salmanağa Köyü,tarihsel,wikidata-6360
birim,65060080,Şehirpazar Köyü,tarihsel,wikidata-6360
birim,65060081,Şerefli Köyü,tarihsel,wikidata-6360
birim,65060082,Söğütlü Köyü,tarihsel,wikidata-6360
birim,65060083,Taşevler Köyü,tarihsel,wikidata-6360
birim,65060084,Taşkapı Köyü,tarihsel,wikidata-6360
birim,65060085,Taşlıçay Köyü,tarihsel,wikidata-6360
birim,65060087,Tekler Köyü,tarihsel,wikidata-6360
birim,65060088,Topraklı Köyü,tarihsel,wikidata-6360
birim,65060089,Ulupamir Köyü,tarihsel,wikidata-6360
birim,65060090,Uncular Köyü,tarihsel,wikidata-6360
birim,65060092,Yalındam Köyü,tarihsel,wikidata-6360
birim,65060093,Yankıtepe Köyü,tarihsel,wikidata-6360
birim,65060095,Yetişen Köyü,tarihsel,wikidata-6360
birim,65060096,Yılanlı Köyü,tarihsel,wikidata-6360
birim,65060097,Yoldere Köyü,tarihsel,wikidata-6360
birim,65060098,Yöreli Köyü,tarihsel,wikidata-6360
birim,65060099,Yukarıakçagedik Köyü,tarihsel,wikidata-6360
birim,65060100,Yukarıışıklı Köyü,tarihsel,wikidata-6360
birim,65060101,Yünören Köyü,tarihsel,wikidata-6360
birim,65070001,Abalı Köyü,tarihsel,wikidata-6360
birim,65070002,Aladüz Köyü,tarihsel,wikidata-6360
birim,65070003,Altınsaç Köyü,tarihsel,wikidata-6360
birim,65070004,Anaköy Köyü,tarihsel,wikidata-6360
birim,65070005,Atalan Köyü,tarihsel,wikidata-6360
birim,65070006,Aydınocak Köyü,tarihsel,wikidata-6360
birim,65070007,Bağlama Köyü,tarihsel,wikidata-6360
birim,65070010,Dağyöre Köyü,tarihsel,wikidata-6360
birim,65070011,Daldere Köyü,tarihsel,wikidata-6360
birim,65070012,Değirmitaş Köyü,tarihsel,wikidata-6360
birim,65070014,Dilmetaş Köyü,tarihsel,wikidata-6360
birim,65070015,Dokuzağaç Köyü,tarihsel,wikidata-6360
birim,65070017,Göründü Köyü,tarihsel,wikidata-6360
birim,65070018,Gündoğan Köyü,tarihsel,wikidata-6360
birim,65070020,Hasbey Köyü,tarihsel,wikidata-6360
birim,65070022,İkizler Köyü,tarihsel,wikidata-6360
birim,65070023,İnköy Köyü,tarihsel,wikidata-6360
birim,65070025,Kayalar Köyü,tarihsel,wikidata-6360
birim,65070026,Kazanç Köyü,tarihsel,wikidata-6360
birim,65070027,Kızıltaş Köyü,tarihsel,wikidata-6360
birim,65070028,Koçak Köyü,tarihsel,wikidata-6360
birim,65070029,Kurultu Köyü,tarihsel,wikidata-6360
birim,65070030,Kuşluk Köyü,tarihsel,wikidata-6360
birim,65070034,Timar Köyü,tarihsel,wikidata-6360
birim,65070035,Töreli Köyü,tarihsel,wikidata-6360
birim,65070036,Uğurveren Köyü,tarihsel,wikidata-6360
birim,65070038,Yanıkçay Köyü,tarihsel,wikidata-6360
birim,65070039,Yemişlik Köyü,tarihsel,wikidata-6360
birim,65070040,Yoldöndü Köyü,tarihsel,wikidata-6360
birim,65070041,Yuva Köyü,tarihsel,wikidata-6360
birim,65080001,Akbulut Köyü,tarihsel,wikidata-6360
birim,65080002,Akdoğu Köyü,tarihsel,wikidata-6360
birim,65080004,Alnıak Köyü,tarihsel,wikidata-6360
birim,65080005,Arındı Köyü,tarihsel,wikidata-6360
birim,65080007,Bağrıyanık Köyü,tarihsel,wikidata-6360
birim,65080008,Beşbudak Köyü,tarihsel,wikidata-6360
birim,65080009,Bölmeçalı Köyü,tarihsel,wikidata-6360
birim,65080010,Bozyiğit Köyü,tarihsel,wikidata-6360
birim,65080011,Bükeç Köyü,tarihsel,wikidata-6360
birim,65080012,Çakınlı Köyü,tarihsel,wikidata-6360
birim,65080013,Çatakdibi Köyü,tarihsel,wikidata-6360
birim,65080014,Çavuştepe Köyü,tarihsel,wikidata-6360
birim,65080015,Çepkenli Köyü,tarihsel,wikidata-6360
birim,65080016,Cevizalan Köyü,tarihsel,wikidata-6360
birim,65080017,Çörekli Köyü,tarihsel,wikidata-6360
birim,65080021,Dikbıyık Köyü,tarihsel,wikidata-6360
birim,65080022,Dolaylı Köyü,tarihsel,wikidata-6360
birim,65080023,Doluçıkın Köyü,tarihsel,wikidata-6360
birim,65080024,Elaçmaz Köyü,tarihsel,wikidata-6360
birim,65080025,Erkaldı Köyü,tarihsel,wikidata-6360
birim,65080026,Geçerli Köyü,tarihsel,wikidata-6360
birim,65080028,Giyimli Köyü,tarihsel,wikidata-6360
birim,65080029,Gölardı Köyü,tarihsel,wikidata-6360
birim,65080030,Güleçler Köyü,tarihsel,wikidata-6360
birim,65080031,Günbaşı Köyü,tarihsel,wikidata-6360
birim,65080032,Hacıköy Köyü,tarihsel,wikidata-6360
birim,65080034,Işıkpınar Köyü,tarihsel,wikidata-6360
birim,65080035,Kalkanlı Köyü,tarihsel,wikidata-6360
birim,65080036,Kapçık Köyü,tarihsel,wikidata-6360
birim,65080037,Karakoç Köyü,tarihsel,wikidata-6360
birim,65080038,Kılıçtutan Köyü,tarihsel,wikidata-6360
birim,65080039,Kırkgeçit Köyü,tarihsel,wikidata-6360
birim,65080040,Koçgüden Köyü,tarihsel,wikidata-6360
birim,65080043,Mollahüseyin Köyü,tarihsel,wikidata-6360
birim,65080044,Murataldı Köyü,tarihsel,wikidata-6360
birim,65080045,Oğuldamı Köyü,tarihsel,wikidata-6360
birim,65080046,Ongun Köyü,tarihsel,wikidata-6360
birim,65080047,Örmeli Köyü,tarihsel,wikidata-6360
birim,65080048,Ortaköy Köyü,tarihsel,wikidata-6360
birim,65080050,Öveçli Köyü,tarihsel,wikidata-6360
birim,65080051,Özlüce Köyü,tarihsel,wikidata-6360
birim,65080052,Parmakkapı Köyü,tarihsel,wikidata-6360
birim,65080053,Sakalar Köyü,tarihsel,wikidata-6360
birim,65080054,Sapakonak Köyü,tarihsel,wikidata-6360
birim,65080055,Savacık Köyü,tarihsel,wikidata-6360
birim,65080056,Sevindik Köyü,tarihsel,wikidata-6360
birim,65080057,Sıcaksu Köyü,tarihsel,wikidata-6360
birim,65080058,Sütlüce Köyü,tarihsel,wikidata-6360
birim,65080059,Taşdöndüren Köyü,tarihsel,wikidata-6360
birim,65080060,Taşlıyazı Köyü,tarihsel,wikidata-6360
birim,65080061,Tepegören Köyü,tarihsel,wikidata-6360
birim,65080062,Topçudeğirmeni Köyü,tarihsel,wikidata-6360
birim,65080064,Topyıldız Köyü,tarihsel,wikidata-6360
birim,65080065,Tutak Köyü,tarihsel,wikidata-6360
birim,65080066,Tutmaç Köyü,tarihsel,wikidata-6360
birim,65080067,Üçdoğan Köyü,tarihsel,wikidata-6360
birim,65080068,Üçgen Köyü,tarihsel,wikidata-6360
birim,65080069,Umut Köyü,tarihsel,wikidata-6360
birim,65080070,Uzungedik Köyü,tarihsel,wikidata-6360
birim,65080072,Yaramış Köyü,tarihsel,wikidata-6360
birim,65080073,Yatağan Köyü,tarihsel,wikidata-6360
birim,65080074,Yedisalkım Köyü,tarihsel,wikidata-6360
birim,65080075,Yolaşan Köyü,tarihsel,wikidata-6360
birim,65080076,Yoldüştü Köyü,tarihsel,wikidata-6360
birim,65080078,Yurtbaşı Köyü,tarihsel,wikidata-6360
birim,65090001,Ağzıkara Köyü,tarihsel,wikidata-6360
birim,65090002,Aktaş Köyü,tarihsel,wikidata-6360
birim,65090003,Valimitatbey,semt,ptt-semt
birim,65090004,Arıtoprak Köyü,tarihsel,wikidata-6360
birim,65090004,Valimitatbey,semt,ptt-semt
birim,65090005,Aşağıçitli Köyü,tarihsel,wikidata-6360
birim,65090005,Valimitatbey,semt,ptt-semt
birim,65090006,Aşağıgölalan Köyü,tarihsel,wikidata-6360
birim,65090006,Valimitatbey,semt,ptt-semt
birim,65090007,Valimitatbey,semt,ptt-semt
birim,65090008,Baklatepe Köyü,tarihsel,wikidata-6360
birim,65090008,Valimitatbey,semt,ptt-semt
birim,65090009,Bakraçlı Köyü,tarihsel,wikidata-6360
birim,65090009,Valimitatbey,semt,ptt-semt
birim,65090010,Beşçatak Köyü,tarihsel,wikidata-6360
birim,65090010,Valimitatbey,semt,ptt-semt
birim,65090011,Valimitatbey,semt,ptt-semt
birim,65090012,Valimitatbey,semt,ptt-semt
birim,65090013,Valimitatbey,semt,ptt-semt
birim,65090013,Çalımlı Köyü,tarihsel,wikidata-6360
birim,65090014,Valimitatbey,semt,ptt-semt
birim,65090015,Valimitatbey,semt,ptt-semt
birim,65090016,Değirmenarkı Köyü,tarihsel,wikidata-6360
birim,65090016,Valimitatbey,semt,ptt-semt
birim,65090017,Değirmenköy Köyü,tarihsel,wikidata-6360
birim,65090017,Valimitatbey,semt,ptt-semt
birim,65090018,Dereüstü Köyü,tarihsel,wikidata-6360
birim,65090018,Valimitatbey,semt,ptt-semt
birim,65090019,Dibekli Köyü,tarihsel,wikidata-6360
birim,65090019,Valimitatbey,semt,ptt-semt
birim,65090021,Valimitatbey,semt,ptt-semt
birim,65090022,Gövelek Köyü,tarihsel,wikidata-6360
birim,65090022,Valimitatbey,semt,ptt-semt
birim,65090023,Valimitatbey,semt,ptt-semt
birim,65090024,Valimitatbey,semt,ptt-semt
birim,65090025,Valimitatbey,semt,ptt-semt
birim,65090026,Valimitatbey,semt,ptt-semt
birim,65090027,Ilıkaynak Köyü,tarihsel,wikidata-6360
birim,65090027,Valimitatbey,semt,ptt-semt
birim,65090028,Irgat Köyü,tarihsel,wikidata-6360
birim,65090028,Valimitatbey,semt,ptt-semt
birim,65090029,Karagündüz Köyü,tarihsel,wikidata-6360
birim,65090029,Valimitatbey,semt,ptt-semt
birim,65090030,Karakoç Köyü,tarihsel,wikidata-6360
birim,65090030,Valimitatbey,semt,ptt-semt
birim,65090031,Karpuzalanı Köyü,tarihsel,wikidata-6360
birim,65090031,Valimitatbey,semt,ptt-semt
birim,65090032,Valimitatbey,semt,ptt-semt
birim,65090033,Kavuncu Köyü,tarihsel,wikidata-6360
birim,65090033,Valimitatbey,semt,ptt-semt
birim,65090034,Kaymaklı Köyü,tarihsel,wikidata-6360
birim,65090034,Valimitatbey,semt,ptt-semt
birim,65090035,Kevenli Köyü,tarihsel,wikidata-6360
birim,65090035,Valimitatbey,semt,ptt-semt
birim,65090036,Kıratlı Köyü,tarihsel,wikidata-6360
birim,65090036,Valimitatbey,semt,ptt-semt
birim,65090037,Köşebaşı Köyü,tarihsel,wikidata-6360
birim,65090037,Valimitatbey,semt,ptt-semt
birim,65090038,Ortanca Köyü,tarihsel,wikidata-6360
birim,65090038,Valimitatbey,semt,ptt-semt
birim,65090039,Sarmaç Köyü,tarihsel,wikidata-6360
birim,65090039,Valimitatbey,semt,ptt-semt
birim,65090040,Valimitatbey,semt,ptt-semt
birim,65090041,Valimitatbey,semt,ptt-semt
birim,65090042,Valimitatbey,semt,ptt-semt
birim,65090043,Valimitatbey,semt,ptt-semt
birim,65090044,Valimitatbey,semt,ptt-semt
birim,65090045,Valimitatbey,semt,ptt-semt
birim,65090046,Valimitatbey,semt,ptt-semt
birim,65090046,Yalınağaç Köyü,tarihsel,wikidata-6360
birim,65090047,Valimitatbey,semt,ptt-semt
birim,65090047,Yatıksırt Köyü,tarihsel,wikidata-6360
birim,65090048,Valimitatbey,semt,ptt-semt
birim,65090049,Valimitatbey,semt,ptt-semt
birim,65090049,Yukarıgölalan Köyü,tarihsel,wikidata-6360
birim,65090050,Valimitatbey,semt,ptt-semt
birim,65090050,Yukarıgüneyce Köyü,tarihsel,wikidata-6360
birim,65100001,Açıkyol Köyü,tarihsel,wikidata-6360
birim,65100002,Adaklı Köyü,tarihsel,wikidata-6360
birim,65100003,Akbulak Köyü,tarihsel,wikidata-6360
birim,65100004,Akçaçay Köyü,tarihsel,wikidata-6360
birim,65100005,Alkasnak Köyü,tarihsel,wikidata-6360
birim,65100006,Aşağıargıt Köyü,tarihsel,wikidata-6360
birim,65100007,Babacan Köyü,tarihsel,wikidata-6360
birim,65100008,Balaklı Köyü,tarihsel,wikidata-6360
birim,65100009,Beşparmak Köyü,tarihsel,wikidata-6360
birim,65100010,Beydağı Köyü,tarihsel,wikidata-6360
birim,65100011,Çakmak Köyü,tarihsel,wikidata-6360
birim,65100012,Çiçekli Köyü,tarihsel,wikidata-6360
birim,65100013,Dağören Köyü,tarihsel,wikidata-6360
birim,65100014,Devetaş Köyü,tarihsel,wikidata-6360
birim,65100015,Doğangün Köyü,tarihsel,wikidata-6360
birim,65100016,Dürükkaş Köyü,tarihsel,wikidata-6360
birim,65100017,Erişen Köyü,tarihsel,wikidata-6360
birim,65100018,Esenkoç Köyü,tarihsel,wikidata-6360
birim,65100021,Gönderme Köyü,tarihsel,wikidata-6360
birim,65100022,Görecek Köyü,tarihsel,wikidata-6360
birim,65100023,Güllüçimen Köyü,tarihsel,wikidata-6360
birim,65100024,Gültepe Köyü,tarihsel,wikidata-6360
birim,65100025,Gümüştepe Köyü,tarihsel,wikidata-6360
birim,65100027,Karahan Köyü,tarihsel,wikidata-6360
birim,65100029,Keçikıran Köyü,tarihsel,wikidata-6360
birim,65100030,Kemerköprü Köyü,tarihsel,wikidata-6360
birim,65100031,Kocasaban Köyü,tarihsel,wikidata-6360
birim,65100032,Köşk Köyü,tarihsel,wikidata-6360
birim,65100033,Kuşçu Köyü,tarihsel,wikidata-6360
birim,65100034,Otlakbaşı Köyü,tarihsel,wikidata-6360
birim,65100035,Ovapınar Köyü,tarihsel,wikidata-6360
birim,65100036,Sarımemet Köyü,tarihsel,wikidata-6360
birim,65100038,Sürüyolu Köyü,tarihsel,wikidata-6360
birim,65100040,Topuzarpa Köyü,tarihsel,wikidata-6360
birim,65100041,Uluşar Köyü,tarihsel,wikidata-6360
birim,65100043,Yakıncak Köyü,tarihsel,wikidata-6360
birim,65100044,Yalındüz Köyü,tarihsel,wikidata-6360
birim,65100047,Yukarıargıt Köyü,tarihsel,wikidata-6360
birim,65100048,Yumaklı Köyü,tarihsel,wikidata-6360
birim,65110001,Aksorguç Köyü,tarihsel,wikidata-6360
birim,65110002,Altınboğa Köyü,tarihsel,wikidata-6360
birim,65110003,Aşağıakçagül Köyü,tarihsel,wikidata-6360
birim,65110004,Aşağıbalçıklı Köyü,tarihsel,wikidata-6360
birim,65110005,Aşağıkoçkıran Köyü,tarihsel,wikidata-6360
birim,65110006,Aşağımollahasan Köyü,tarihsel,wikidata-6360
birim,65110007,Aşağıtulgalı Köyü,tarihsel,wikidata-6360
birim,65110008,Aşağıyorganlı Köyü,tarihsel,wikidata-6360
birim,65110009,Bağrıaçık Köyü,tarihsel,wikidata-6360
birim,65110010,Bodurağaç Köyü,tarihsel,wikidata-6360
birim,65110011,Boğazkesen Köyü,tarihsel,wikidata-6360
birim,65110012,Boyaldı Köyü,tarihsel,wikidata-6360
birim,65110013,Çamurlu Köyü,tarihsel,wikidata-6360
birim,65110014,Çavuşlar Köyü,tarihsel,wikidata-6360
birim,65110015,Çırakköy Köyü,tarihsel,wikidata-6360
birim,65110016,Çubuklu Köyü,tarihsel,wikidata-6360
birim,65110018,Dağdeviren Köyü,tarihsel,wikidata-6360
birim,65110019,Damlacık Köyü,tarihsel,wikidata-6360
birim,65110020,Dönerdere Köyü,tarihsel,wikidata-6360
birim,65110021,Dorutay Köyü,tarihsel,wikidata-6360
birim,65110022,Eğribelen Köyü,tarihsel,wikidata-6360
birim,65110023,Emek Köyü,tarihsel,wikidata-6360
birim,65110025,Gözdeğmez Köyü,tarihsel,wikidata-6360
birim,65110026,Gültepe Köyü,tarihsel,wikidata-6360
birim,65110027,Günyüzlü Köyü,tarihsel,wikidata-6360
birim,65110028,Hacıali Köyü,tarihsel,wikidata-6360
birim,65110029,Hacıkışlak Köyü,tarihsel,wikidata-6360
birim,65110030,Hazine Köyü,tarihsel,wikidata-6360
birim,65110032,Kalecik Köyü,tarihsel,wikidata-6360
birim,65110034,Karlıyamaç Köyü,tarihsel,wikidata-6360
birim,65110035,Kaşıkara Köyü,tarihsel,wikidata-6360
birim,65110036,Kırkçalı Köyü,tarihsel,wikidata-6360
birim,65110038,Mehmetalan Köyü,tarihsel,wikidata-6360
birim,65110039,Mollatopuz Köyü,tarihsel,wikidata-6360
birim,65110040,Oymaklı Köyü,tarihsel,wikidata-6360
birim,65110041,Sağmalı Köyü,tarihsel,wikidata-6360
birim,65110042,Sarıköy Köyü,tarihsel,wikidata-6360
birim,65110043,Savatlı Köyü,tarihsel,wikidata-6360
birim,65110044,Şehittepe Köyü,tarihsel,wikidata-6360
birim,65110045,Şemsettin Köyü,tarihsel,wikidata-6360
birim,65110046,Seydibey Köyü,tarihsel,wikidata-6360
birim,65110047,Sugeçer Köyü,tarihsel,wikidata-6360
birim,65110048,Tepedam Köyü,tarihsel,wikidata-6360
birim,65110049,Yarımkaya Köyü,tarihsel,wikidata-6360
birim,65110050,Yavuzlar Köyü,tarihsel,wikidata-6360
birim,65110051,Yukarıayazca Köyü,tarihsel,wikidata-6360
birim,65110052,Yukarıbalçıklı Köyü,tarihsel,wikidata-6360
birim,65110053,Yukarıçavdarlık Köyü,tarihsel,wikidata-6360
birim,65110054,Yukarımollahasan Köyü,tarihsel,wikidata-6360
birim,65110055,Yukarıtulgalı Köyü,tarihsel,wikidata-6360
birim,65110056,Yukarıyorganlı Köyü,tarihsel,wikidata-6360
birim,65110057,Yumruklu Köyü,tarihsel,wikidata-6360
birim,65110058,Yünkuşak Köyü,tarihsel,wikidata-6360
birim,65120002,Bakışık Köyü,tarihsel,wikidata-6360
birim,65120003,Baltepe Köyü,tarihsel,wikidata-6360
birim,65120004,Beyarslan Köyü,tarihsel,wikidata-6360
birim,65120005,Çakmakköy Köyü,tarihsel,wikidata-6360
birim,65120006,Çartak Köyü,tarihsel,wikidata-6360
birim,65120007,Çaybağı Köyü,tarihsel,wikidata-6360
birim,65120008,Değirmigöl Köyü,tarihsel,wikidata-6360
birim,65120009,Dolutaş Köyü,tarihsel,wikidata-6360
birim,65120011,Kapıköy Köyü,tarihsel,wikidata-6360
birim,65120012,Karahisar Köyü,tarihsel,wikidata-6360
birim,65120013,Kargalı Köyü,tarihsel,wikidata-6360
birim,65120015,Kazlıgöl Köyü,tarihsel,wikidata-6360
birim,65120016,Keçikayası Köyü,tarihsel,wikidata-6360
birim,65120017,Kekikdüzü Köyü,tarihsel,wikidata-6360
birim,65120018,Kepir Köyü,tarihsel,wikidata-6360
birim,65120019,Koçbaşı Köyü,tarihsel,wikidata-6360
birim,65120020,Kurucan Köyü,tarihsel,wikidata-6360
birim,65120022,Örenburç Köyü,tarihsel,wikidata-6360
birim,65120023,Sırımlı Köyü,tarihsel,wikidata-6360
birim,65120024,Turanköy Köyü,tarihsel,wikidata-6360
birim,65120025,Yamanyurt Köyü,tarihsel,wikidata-6360
birim,65120026,Yeşilağaç Köyü,tarihsel,wikidata-6360
birim,65120027,Zincirkıran Köyü,tarihsel,wikidata-6360
birim,65130002,Adıgüzel Köyü,tarihsel,wikidata-6360
birim,65130003,Akçaören Köyü,tarihsel,wikidata-6360
birim,65130004,Akçift Köyü,tarihsel,wikidata-6360
birim,65130006,Alabayır Köyü,tarihsel,wikidata-6360
birim,65130007,Alaköy Köyü,tarihsel,wikidata-6360
birim,65130009,Arısu Köyü,tarihsel,wikidata-6360
birim,65130010,Aşıt Köyü,tarihsel,wikidata-6360
birim,65130011,Atmaca Köyü,tarihsel,wikidata-6360
birim,65130012,Ayanıs Köyü,tarihsel,wikidata-6360
birim,65130013,Bağdaşan Köyü,tarihsel,wikidata-6360
birim,65130014,Bardakçı Köyü,tarihsel,wikidata-6360
birim,65130015,Beyüzümü Köyü,tarihsel,wikidata-6360
birim,65130016,Çakırbey Köyü,tarihsel,wikidata-6360
birim,65130017,Çitören Köyü,tarihsel,wikidata-6360
birim,65130018,Çobanoğlu Köyü,tarihsel,wikidata-6360
birim,65130019,Çolpan Köyü,tarihsel,wikidata-6360
birim,65130020,Çomaklı Köyü,tarihsel,wikidata-6360
birim,65130021,Dağönü Köyü,tarihsel,wikidata-6360
birim,65130022,Değirmenözü Köyü,tarihsel,wikidata-6360
birim,65130023,Derebey Köyü,tarihsel,wikidata-6360
birim,65130024,Dibekdüzü Köyü,tarihsel,wikidata-6360
birim,65130025,Dilimli Köyü,tarihsel,wikidata-6360
birim,65130026,Ermişler Köyü,tarihsel,wikidata-6360
birim,65130027,Esenpınar Köyü,tarihsel,wikidata-6360
birim,65130028,Gedelova Köyü,tarihsel,wikidata-6360
birim,65130030,Göllü Köyü,tarihsel,wikidata-6360
birim,65130031,Gölyazı Köyü,tarihsel,wikidata-6360
birim,65130032,Gülsünler Köyü,tarihsel,wikidata-6360
birim,65130033,Güvençli Köyü,tarihsel,wikidata-6360
birim,65130034,Halkalı Köyü,tarihsel,wikidata-6360
birim,65130035,Hıdırköy Köyü,tarihsel,wikidata-6360
birim,65130038,Kalecik Köyü,tarihsel,wikidata-6360
birim,65130039,Karaağaç Köyü,tarihsel,wikidata-6360
birim,65130040,Kasımoğlu Köyü,tarihsel,wikidata-6360
birim,65130041,Kelle Köyü,tarihsel,wikidata-6360
birim,65130042,Koçköy Köyü,tarihsel,wikidata-6360
birim,65130043,Kolsatan Köyü,tarihsel,wikidata-6360
birim,65130044,Kozluca Köyü,tarihsel,wikidata-6360
birim,65130045,Kumluca Köyü,tarihsel,wikidata-6360
birim,65130046,Meydancık Köyü,tarihsel,wikidata-6360
birim,65130047,Mollakasım Köyü,tarihsel,wikidata-6360
birim,65130048,Ocaklı Köyü,tarihsel,wikidata-6360
birim,65130049,Otluca Köyü,tarihsel,wikidata-6360
birim,65130050,Özkaynak Köyü,tarihsel,wikidata-6360
birim,65130051,Özyurt Köyü,tarihsel,wikidata-6360
birim,65130052,Pirgarip Köyü,tarihsel,wikidata-6360
birim,65130053,Sağlamtaş Köyü,tarihsel,wikidata-6360
birim,65130054,Şahgeldi Köyü,tarihsel,wikidata-6360
birim,65130055,Satıbey Köyü,tarihsel,wikidata-6360
birim,65130058,Tabanlı Köyü,tarihsel,wikidata-6360
birim,65130059,Tevekli Köyü,tarihsel,wikidata-6360
birim,65130060,Topaktaş Köyü,tarihsel,wikidata-6360
birim,65130062,Yaylıyaka Köyü,tarihsel,wikidata-6360
birim,65130063,Yemlice Köyü,tarihsel,wikidata-6360
birim,65130064,Yeniköşk Köyü,tarihsel,wikidata-6360
birim,65130066,Yeşilsu Köyü,tarihsel,wikidata-6360
birim,65130067,Yumrutepe Köyü,tarihsel,wikidata-6360
birim,66010012,Belekçehan,semt,ptt-semt
birim,66070001,Akçakale Köyü,tarihsel,wikidata-6360
birim,66070005,Gümüşdiğin Köyü,tarihsel,wikidata-6360
birim,66070008,Üçağaç Köyü,tarihsel,wikidata-6360
birim,66070009,Vasfıbey Köyü,tarihsel,wikidata-6360
birim,66070010,Yakacık Köyü,tarihsel,wikidata-6360
birim,66070011,Yangı Köyü,tarihsel,wikidata-6360
birim,66070013,Yoncalık Köyü,tarihsel,wikidata-6360
birim,66070014,Yukarıkızılöz Köyü,tarihsel,wikidata-6360
birim,66080001,Yozgat,semt,ptt-semt
birim,66080002,Yozgat,semt,ptt-semt
birim,66080003,Yozgat,semt,ptt-semt
birim,66080005,Yozgat,semt,ptt-semt
birim,66080006,Yozgat,semt,ptt-semt
birim,66080007,Yozgat,semt,ptt-semt
birim,66080008,Yozgat,semt,ptt-semt
birim,66080010,Yozgat,semt,ptt-semt
birim,66080011,Yozgat,semt,ptt-semt
birim,66080012,Yozgat,semt,ptt-semt
birim,66080013,Yozgat,semt,ptt-semt
birim,66080014,Yozgat,semt,ptt-semt
birim,66080015,Yozgat,semt,ptt-semt
birim,66080016,Yozgat,semt,ptt-semt
birim,66080017,Yozgat,semt,ptt-semt
birim,66080018,Yozgat,semt,ptt-semt
birim,66080021,Yozgat,semt,ptt-semt
birim,66080022,Yozgat,semt,ptt-semt
birim,66080023,Yozgat,semt,ptt-semt
birim,66080024,Yozgat,semt,ptt-semt
birim,66080025,Yozgat,semt,ptt-semt
birim,66080026,Yozgat,semt,ptt-semt
birim,66080027,Yozgat,semt,ptt-semt
birim,66100015,Köprücek Köyü,tarihsel,wikidata-6360
birim,66120004,Akocak Köyü,tarihsel,wikidata-6360
birim,66120018,Faraşlı Köyü,tarihsel,wikidata-6360
birim,66120033,Kayakışla Köyü,tarihsel,wikidata-6360
birim,66120034,Keser Köyü,tarihsel,wikidata-6360
birim,66120037,Mükremin Köyü,tarihsel,wikidata-6360
birim,66120039,Musu Baba Köyü,tarihsel,wikidata-6360
birim,66120042,Sorgun Tatlısı Köyü,tarihsel,wikidata-6360
birim,66120044,Yaycılar Köyü,tarihsel,wikidata-6360
birim,67040001,Karadenizereğli,semt,ptt-semt
birim,67040003,Karadenizereğli,semt,ptt-semt
birim,67040004,Karadenizereğli,semt,ptt-semt
birim,67040006,Karadenizereğli,semt,ptt-semt
birim,67040007,Karadenizereğli,semt,ptt-semt
birim,67040008,Karadenizereğli,semt,ptt-semt
birim,67040010,Karadenizereğli,semt,ptt-semt
birim,67040011,Karadenizereğli,semt,ptt-semt
birim,67040014,Karadenizereğli,semt,ptt-semt
birim,67040015,Karadenizereğli,semt,ptt-semt
birim,67040016,Karadenizereğli,semt,ptt-semt
birim,67040017,Karadenizereğli,semt,ptt-semt
birim,67040018,Karadenizereğli,semt,ptt-semt
birim,67040019,Karadenizereğli,semt,ptt-semt
birim,67040020,Karadenizereğli,semt,ptt-semt
birim,67040021,Karadenizereğli,semt,ptt-semt
birim,67040022,Karadenizereğli,semt,ptt-semt
birim,67040023,Karadenizereğli,semt,ptt-semt
birim,67040024,Karadenizereğli,semt,ptt-semt
birim,67040025,Karadenizereğli,semt,ptt-semt
birim,67040026,Karadenizereğli,semt,ptt-semt
birim,67040029,Karadenizereğli,semt,ptt-semt
birim,67040030,Karadenizereğli,semt,ptt-semt
birim,67040031,Karadenizereğli,semt,ptt-semt
birim,67040032,Karadenizereğli,semt,ptt-semt
birim,67040034,Karadenizereğli,semt,ptt-semt
birim,67040036,Karadenizereğli,semt,ptt-semt
birim,67040040,Karadenizereğli,semt,ptt-semt
birim,67040041,Karadenizereğli,semt,ptt-semt
birim,67040042,Karadenizereğli,semt,ptt-semt
birim,67040043,Karadenizereğli,semt,ptt-semt
birim,67080001,Zonguldak,semt,ptt-semt
birim,67080002,Zonguldak,semt,ptt-semt
birim,67080003,Zonguldak,semt,ptt-semt
birim,67080004,Zonguldak,semt,ptt-semt
birim,67080006,Zonguldak,semt,ptt-semt
birim,67080010,Zonguldak,semt,ptt-semt
birim,67080012,Zonguldak,semt,ptt-semt
birim,67080014,Zonguldak,semt,ptt-semt
birim,67080017,Zonguldak,semt,ptt-semt
birim,67080018,Zonguldak,semt,ptt-semt
birim,67080020,Zonguldak,semt,ptt-semt
birim,67080026,Zonguldak,semt,ptt-semt
birim,67080027,Zonguldak,semt,ptt-semt
birim,67080029,Zonguldak,semt,ptt-semt
birim,67080032,Zonguldak,semt,ptt-semt
birim,67080033,Zonguldak,semt,ptt-semt
birim,67080034,Zonguldak,semt,ptt-semt
birim,67080035,Zonguldak,semt,ptt-semt
birim,67080038,Zonguldak,semt,ptt-semt
birim,68030003,Cumhuriyet Köyü,tarihsel,wikidata-6360
birim,68030016,Pınarbaşı Köyü,tarihsel,wikidata-6360
birim,68050002,Çarşı,semt,ptt-semt
birim,68050003,Çarşı,semt,ptt-semt
birim,68050005,Çarşı,semt,ptt-semt
birim,68050006,Çarşı,semt,ptt-semt
birim,68050015,Çarşı,semt,ptt-semt
birim,68050018,Çarşı,semt,ptt-semt
birim,68050020,Çarşı,semt,ptt-semt
birim,68050022,Çarşı,semt,ptt-semt
birim,68050028,Çarşı,semt,ptt-semt
birim,68050029,Çarşı,semt,ptt-semt
birim,68050030,Çarşı,semt,ptt-semt
birim,68050032,Çarşı,semt,ptt-semt
birim,68050034,Çarşı,semt,ptt-semt
birim,68050036,Çarşı,semt,ptt-semt
birim,68050037,Çarşı,semt,ptt-semt
birim,68050039,Çarşı,semt,ptt-semt
birim,68050044,Çarşı,semt,ptt-semt
birim,68050046,Çarşı,semt,ptt-semt
birim,68050048,Çarşı,semt,ptt-semt
birim,68050049,Çarşı,semt,ptt-semt
birim,68050053,Çarşı,semt,ptt-semt
birim,68050054,Çarşı,semt,ptt-semt
birim,68050057,Çarşı,semt,ptt-semt
birim,68050060,Çarşı,semt,ptt-semt
birim,68050063,Çarşı,semt,ptt-semt
birim,68050065,Çarşı,semt,ptt-semt
birim,68050071,Çarşı,semt,ptt-semt
birim,68050076,Çarşı,semt,ptt-semt
birim,69030001,Bayburt,semt,ptt-semt
birim,69030004,Bayburt,semt,ptt-semt
birim,69030005,Bayburt,semt,ptt-semt
birim,69030006,Bayburt,semt,ptt-semt
birim,69030008,Bayburt,semt,ptt-semt
birim,69030009,Bayburt,semt,ptt-semt
birim,69030010,Bayburt,semt,ptt-semt
birim,69030011,Bayburt,semt,ptt-semt
birim,69030012,Bayburt,semt,ptt-semt
birim,69030013,Bayburt,semt,ptt-semt
birim,69030014,Bayburt,semt,ptt-semt
birim,69030015,Bayburt,semt,ptt-semt
birim,69030016,Bayburt,semt,ptt-semt
birim,69030017,Bayburt,semt,ptt-semt
birim,73050002,Şırnak,semt,ptt-semt
birim,73050005,Şırnak,semt,ptt-semt
birim,73050006,Şırnak,semt,ptt-semt
birim,73050011,Şırnak,semt,ptt-semt
birim,73050012,Şırnak,semt,ptt-semt
birim,73050013,Şırnak,semt,ptt-semt
birim,73050014,Şırnak,semt,ptt-semt
birim,73050016,Şırnak,semt,ptt-semt
birim,73050019,Şırnak,semt,ptt-semt
birim,73050020,Şırnak,semt,ptt-semt
birim,73050022,Şırnak,semt,ptt-semt
birim,73050024,Şırnak,semt,ptt-semt
birim,74030001,Ağdacı Köyü,tarihsel,wikidata-6360
birim,74030002,Yenisanayi,semt,ptt-semt
birim,74030003,Yenisanayi,semt,ptt-semt
birim,74030004,Yenisanayi,semt,ptt-semt
birim,74030008,Yenisanayi,semt,ptt-semt
birim,74030010,Gerişli Köyü,tarihsel,wikidata-6360
birim,74030014,Yenisanayi,semt,ptt-semt
birim,75030001,Dedeşen Köyü,tarihsel,wikidata-6360
birim,75030002,Durançam Köyü,tarihsel,wikidata-6360
birim,75050001,Ardahan,semt,ptt-semt
birim,75050002,Ardahan,semt,ptt-semt
birim,75050003,Ardahan,semt,ptt-semt
birim,75050004,Ardahan,semt,ptt-semt
birim,75050005,Ardahan,semt,ptt-semt
birim,75050006,Ardahan,semt,ptt-semt
birim,75050007,Ardahan,semt,ptt-semt
birim,76030001,Iğdır,semt,ptt-semt
birim,76030002,Iğdır,semt,ptt-semt
birim,76030003,Iğdır,semt,ptt-semt
birim,76030004,Iğdır,semt,ptt-semt
birim,76030006,Iğdır,semt,ptt-semt
birim,76030007,Iğdır,semt,ptt-semt
birim,76030009,Iğdır,semt,ptt-semt
birim,76030010,Iğdır,semt,ptt-semt
birim,76030012,Iğdır,semt,ptt-semt
birim,76030015,Iğdır,semt,ptt-semt
birim,76030017,Iğdır,semt,ptt-semt
birim,76030019,Iğdır,semt,ptt-semt
birim,76030020,Iğdır,semt,ptt-semt
birim,76030022,Iğdır,semt,ptt-semt
birim,78030002,Beşbinevler,semt,ptt-semt
birim,78030003,Beşbinevler,semt,ptt-semt
birim,78030004,Beşbinevler,semt,ptt-semt
birim,79020001,Kilis,semt,ptt-semt
birim,79020002,Kilis,semt,ptt-semt
birim,79020003,Kilis,semt,ptt-semt
birim,79020004,Kilis,semt,ptt-semt
birim,79020005,Kilis,semt,ptt-semt
birim,79020006,Kilis,semt,ptt-semt
birim,79020007,Kilis,semt,ptt-semt
birim,79020008,Kilis,semt,ptt-semt
birim,79020009,Kilis,semt,ptt-semt
birim,79020010,Kilis,semt,ptt-semt
birim,79020011,Kilis,semt,ptt-semt
birim,79020012,Kilis,semt,ptt-semt
birim,79020013,Kilis,semt,ptt-semt
birim,79020014,Kilis,semt,ptt-semt
birim,79020015,Kilis,semt,ptt-semt
birim,79020016,Kilis,semt,ptt-semt
birim,79020017,Kilis,semt,ptt-semt
birim,79020018,Kilis,semt,ptt-semt
birim,79020019,Kilis,semt,ptt-semt
birim,79020020,Kilis,semt,ptt-semt
birim,79020021,Kilis,semt,ptt-semt
birim,79020022,Kilis,semt,ptt-semt
birim,79020023,Kilis,semt,ptt-semt
birim,79020024,Kilis,semt,ptt-semt
birim,79020025,Kilis,semt,ptt-semt
birim,79020026,Kilis,semt,ptt-semt
birim,79020027,Kilis,semt,ptt-semt
birim,79020028,Kilis,semt,ptt-semt
birim,79020029,Kilis,semt,ptt-semt
birim,79020030,Kilis,semt,ptt-semt
birim,79020031,Kilis,semt,ptt-semt
birim,79020032,Kilis,semt,ptt-semt
birim,79020033,Kilis,semt,ptt-semt
birim,79020034,Kilis,semt,ptt-semt
birim,79020035,Kilis,semt,ptt-semt
birim,79020036,Kilis,semt,ptt-semt
birim,79020037,Kilis,semt,ptt-semt
birim,79020038,Kilis,semt,ptt-semt
birim,79020039,Kilis,semt,ptt-semt
birim,79020040,Kilis,semt,ptt-semt
birim,79020041,Kilis,semt,ptt-semt
birim,79020042,Kilis,semt,ptt-semt
birim,79020043,Kilis,semt,ptt-semt
birim,79020044,Kilis,semt,ptt-semt
birim,79020045,Kilis,semt,ptt-semt
birim,79020046,Kilis,semt,ptt-semt
birim,79020047,Kilis,semt,ptt-semt
birim,79020048,Kilis,semt,ptt-semt
birim,79020049,Kilis,semt,ptt-semt
birim,79020050,Kilis,semt,ptt-semt
birim,79020051,Kilis,semt,ptt-semt
birim,79020052,Kilis,semt,ptt-semt
birim,79020053,Kilis,semt,ptt-semt
birim,79020054,Kilis,semt,ptt-semt
birim,79020055,Kilis,semt,ptt-semt
birim,79020056,Kilis,semt,ptt-semt
birim,79020057,Kilis,semt,ptt-semt
birim,79020058,Kilis,semt,ptt-semt
birim,79020059,Kilis,semt,ptt-semt
birim,79020060,Kilis,semt,ptt-semt
birim,79020061,Kilis,semt,ptt-semt
birim,79020062,Kilis,semt,ptt-semt
birim,79020063,Kilis,semt,ptt-semt
birim,79020064,Kilis,semt,ptt-semt
birim,79020065,Kilis,semt,ptt-semt
birim,79020066,Kilis,semt,ptt-semt
birim,79020067,Kilis,semt,ptt-semt
birim,79020068,Kilis,semt,ptt-semt
birim,79020069,Kilis,semt,ptt-semt
birim,79020070,Kilis,semt,ptt-semt
birim,79020071,Kilis,semt,ptt-semt
birim,79020072,Kilis,semt,ptt-semt
birim,79020073,Kilis,semt,ptt-semt
birim,79020074,Kilis,semt,ptt-semt
birim,79020075,Kilis,semt,ptt-semt
birim,79020076,Kilis,semt,ptt-semt
birim,79020156,Kilis,semt,ptt-semt
birim,80050001,Atatürk,semt,ptt-semt
birim,80050002,Atatürk,semt,ptt-semt
birim,80050003,Atatürk,semt,ptt-semt
birim,80050004,Atatürk,semt,ptt-semt
birim,80050005,Atatürk,semt,ptt-semt
birim,80050006,Atatürk,semt,ptt-semt
birim,80050008,Atatürk,semt,ptt-semt
birim,80050009,Atatürk,semt,ptt-semt
birim,80050010,Atatürk,semt,ptt-semt
birim,80050011,Atatürk,semt,ptt-semt
birim,80050012,Atatürk,semt,ptt-semt
birim,80050013,Atatürk,semt,ptt-semt
birim,80050014,Atatürk,semt,ptt-semt
birim,80050015,Atatürk,semt,ptt-semt
birim,80050016,Atatürk,semt,ptt-semt
birim,80050017,Atatürk,semt,ptt-semt
birim,80050018,Atatürk,semt,ptt-semt
birim,80050020,Atatürk,semt,ptt-semt
birim,80050022,Atatürk,semt,ptt-semt
birim,80050023,Atatürk,semt,ptt-semt
birim,80050024,Atatürk,semt,ptt-semt
birim,80050025,Atatürk,semt,ptt-semt
birim,80050026,Atatürk,semt,ptt-semt
birim,80050027,Atatürk,semt,ptt-semt
birim,80050028,Atatürk,semt,ptt-semt
birim,80050029,Atatürk,semt,ptt-semt
birim,80050030,Atatürk,semt,ptt-semt
birim,80050031,Atatürk,semt,ptt-semt
birim,80050032,Atatürk,semt,ptt-semt
birim,80050033,Atatürk,semt,ptt-semt
birim,80050034,Atatürk,semt,ptt-semt
birim,80050035,Atatürk,semt,ptt-semt
birim,80050036,Atatürk,semt,ptt-semt
birim,80050037,Atatürk,semt,ptt-semt
birim,80050039,Atatürk,semt,ptt-semt
birim,80050040,Atatürk,semt,ptt-semt
birim,80070001,Tüysüz,semt,ptt-semt
birim,80070003,Tüysüz,semt,ptt-semt
birim,80070005,Tüysüz,semt,ptt-semt
birim,81020001,Arabacı Köyü,tarihsel,wikidata-6360
birim,81020004,Topçular Köyü,tarihsel,wikidata-6360
birim,81070007,Bahçeşehir,semt,ptt-semt
birim,81070012,Bahçeşehir,semt,ptt-semt
birim,81070015,Bahçeşehir,semt,ptt-semt
birim,81070020,Konuralp,semt,ptt-semt
birim,81070027,Bahçeşehir,semt,ptt-semt
birim,81070030,Bahçeşehir,semt,ptt-semt
birim,81070033,Bahçeşehir,semt,ptt-semt
birim,81070039,Bahçeşehir,semt,ptt-semt
birim,81070045,Bahçeşehir,semt,ptt-semt
birim,81070047,Bahçeşehir,semt,ptt-semt
birim,81070049,Konuralp,semt,ptt-semt
birim,81070050,Bahçeşehir,semt,ptt-semt
birim,81070053,Konuralp,semt,ptt-semt
birim,81070054,Konuralp,semt,ptt-semt
birim,81070055,Konuralp,semt,ptt-semt
birim,81070056,Konuralp,semt,ptt-semt
birim,81070061,Konuralp,semt,ptt-semt
birim,81070062,Bahçeşehir,semt,ptt-semt
birim,81070064,Bahçeşehir,semt,ptt-semt
birim,81070069,Bahçeşehir,semt,ptt-semt
birim,81070070,Bahçeşehir,semt,ptt-semt
